,crypto,total_return,Start,End,Period,Start Value,End Value,Total Return [%],Benchmark Return [%],Max Gross Exposure [%],Total Fees Paid,Max Drawdown [%],Max Drawdown Duration,Total Trades,Total Closed Trades,Total Open Trades,Open Trade PnL,Win Rate [%],Best Trade [%],Worst Trade [%],Avg Winning Trade [%],Avg Losing Trade [%],Avg Winning Trade Duration,Avg Losing Trade Duration,Profit Factor,Expectancy,Sharpe Ratio,Calmar Ratio,Omega Ratio,Sortino Ratio
0,1CAT-USD,0.0,2023-12-20,2024-08-06,230,100.0,100.0,0.0,-62.238435469106044,0.0,0.0,,,0,0,0,0.0,,,,,,,,,,,,,
517,PIX-USD,0.0,2022-09-22,2024-08-06,684,100.0,100.0,0.0,-91.52681093148641,0.0,0.0,,,0,0,0,0.0,,,,,,,,,,,,,
519,PLU-USD,0.0,2021-12-31,2024-08-06,949,100.0,100.0,0.0,-61.082847628837285,0.0,0.0,,,0,0,0,0.0,,,,,,,,,,,,,
520,PMG-USD,0.0,2022-07-26,2024-08-06,742,100.0,100.0,0.0,-99.73458035697203,0.0,0.0,,,0,0,0,0.0,,,,,,,,,,,,,
521,POKT-USD,0.0,2022-01-12,2024-08-06,937,100.0,100.0,0.0,-98.59289000851562,0.0,0.0,,,0,0,0,0.0,,,,,,,,,,,,,
522,POL-USD,0.0,2021-12-31,2023-10-30,669 days 00:00:00,100.0,100.0,0.0,-94.64177738312887,0.0,0.0,,,0,0,0,0.0,,,,,,,,,,inf,,inf,inf
523,POLC-USD,0.0,2021-12-31,2024-08-06,949,100.0,100.0,0.0,-99.14051202144947,0.0,0.0,,,0,0,0,0.0,,,,,,,,,,,,,
524,POLK-USD,0.0,2021-12-31,2024-08-06,949,100.0,100.0,0.0,-96.5170943559217,0.0,0.0,,,0,0,0,0.0,,,,,,,,,,,,,
525,POLS-USD,0.0,2021-12-31,2024-08-06,949,100.0,100.0,0.0,-92.10737217103544,0.0,0.0,,,0,0,0,0.0,,,,,,,,,,,,,
526,POLX-USD,0.0,2021-12-31,2024-08-06,949,100.0,100.0,0.0,-97.92715204838512,0.0,0.0,,,0,0,0,0.0,,,,,,,,,,,,,
527,POLYX-USD,0.0,2022-05-29,2024-08-06,800,100.0,100.0,0.0,-14.981985847817258,0.0,0.0,,,0,0,0,0.0,,,,,,,,,,,,,
528,POND-USD,0.0,2021-12-31,2024-08-06,949,100.0,100.0,0.0,-82.4439226108266,0.0,0.0,,,0,0,0,0.0,,,,,,,,,,,,,
529,PORTAL-USD,0.0,2021-12-31,2022-11-30,335 days 00:00:00,100.0,100.0,0.0,-25.000001624086366,0.0,0.0,,,0,0,0,0.0,,,,,,,,,,inf,,inf,inf
530,PRCL-USD,0.0,2024-04-15,2024-08-06,113,100.0,100.0,0.0,-75.18925486763793,0.0,0.0,,,0,0,0,0.0,,,,,,,,,,,,,
531,PRE-USD,0.0,2021-12-31,2024-08-06,949,100.0,100.0,0.0,-97.62461174869402,0.0,0.0,,,0,0,0,0.0,,,,,,,,,,,,,
532,PROM-USD,0.0,2021-12-31,2024-08-06,949,100.0,100.0,0.0,-59.18510943080124,0.0,0.0,,,0,0,0,0.0,,,,,,,,,,,,,
533,PRQ-USD,0.0,2021-12-31,2024-08-06,949,100.0,100.0,0.0,-86.9107577925968,0.0,0.0,,,0,0,0,0.0,,,,,,,,,,,,,
534,PSL-USD,0.0,2021-12-31,2024-08-06,949,100.0,100.0,0.0,-96.33805523706684,0.0,0.0,,,0,0,0,0.0,,,,,,,,,,,,,
535,PSTAKE-USD,0.0,2022-02-23,2024-08-06,895,100.0,100.0,0.0,-90.57519605292624,0.0,0.0,,,0,0,0,0.0,,,,,,,,,,,,,
536,PUMLX-USD,0.0,2022-10-06,2024-08-06,670,100.0,100.0,0.0,-92.81565032817899,0.0,0.0,,,0,0,0,0.0,,,,,,,,,,,,,
537,PUNDIX-USD,0.0,2021-12-31,2024-08-06,949,100.0,100.0,0.0,-64.84956946710737,0.0,0.0,,,0,0,0,0.0,,,,,,,,,,,,,
538,PUSH-USD,0.0,2021-12-31,2024-08-06,949,100.0,100.0,0.0,-97.00660341671869,0.0,0.0,,,0,0,0,0.0,,,,,,,,,,,,,
539,PYR-USD,0.0,2021-12-31,2024-08-06,949,100.0,100.0,0.0,-84.16798153321862,0.0,0.0,,,0,0,0,0.0,,,,,,,,,,,,,
518,PIXEL-USD,0.0,2021-12-31,2024-06-24,907 days 00:00:00,100.0,100.0,0.0,-98.17146757234482,0.0,0.0,,,0,0,0,0.0,,,,,,,,,,inf,,inf,inf
516,PIT-USD,0.0,2021-12-31,2024-08-06,949,100.0,100.0,0.0,0.0,0.0,0.0,,,0,0,0,0.0,,,,,,,,,,,,,
590,SHILL-USD,0.0,2021-12-31,2024-08-06,949,100.0,100.0,0.0,-99.46641310947793,0.0,0.0,,,0,0,0,0.0,,,,,,,,,,,,,
515,PIP-USD,0.0,2022-12-07,2024-08-06,608,100.0,100.0,0.0,-96.77239064878542,0.0,0.0,,,0,0,0,0.0,,,,,,,,,,,,,
494,ORBS-USD,0.0,2021-12-31,2024-08-06,949,100.0,100.0,0.0,-69.2281822259648,0.0,0.0,,,0,0,0,0.0,,,,,,,,,,,,,
495,ORCA-USD,0.0,2021-12-31,2024-08-06,949,100.0,100.0,0.0,-51.97971445540539,0.0,0.0,,,0,0,0,0.0,,,,,,,,,,,,,
496,ORDI-USD,0.0,2023-05-07,2024-08-06,454,100.0,100.0,0.0,51.2748701289224,0.0,0.0,,,0,0,0,0.0,,,,,,,,,,,,,
497,ORN-USD,0.0,2021-12-31,2024-08-06,949,100.0,100.0,0.0,-82.40144443470207,0.0,0.0,,,0,0,0,0.0,,,,,,,,,,,,,
498,OSMO-USD,0.0,2021-12-31,2024-08-06,949,100.0,100.0,0.0,-94.81981365794869,0.0,0.0,,,0,0,0,0.0,,,,,,,,,,,,,
499,OTK-USD,0.0,2023-04-12,2024-08-06,482,100.0,100.0,0.0,11.406844798677419,0.0,0.0,,,0,0,0,0.0,,,,,,,,,,,,,
500,OUSD-USD,0.0,2021-12-31,2024-08-06,949,100.0,100.0,0.0,0.0006332923962792947,0.0,0.0,,,0,0,0,0.0,,,,,,,,,,,,,
501,OVR-USD,0.0,2021-12-31,2024-08-06,949,100.0,100.0,0.0,-94.16703797724448,0.0,0.0,,,0,0,0,0.0,,,,,,,,,,,,,
502,OXT-USD,0.0,2021-12-31,2024-08-06,949,100.0,100.0,0.0,-83.2500351652276,0.0,0.0,,,0,0,0,0.0,,,,,,,,,,,,,
503,PANDORA-USD,0.0,2024-02-04,2024-08-06,184,100.0,100.0,0.0,-61.65741369454791,0.0,0.0,,,0,0,0,0.0,,,,,,,,,,,,,
504,PATEX-USD,0.0,2024-03-11,2024-08-06,148,100.0,100.0,0.0,-78.76420681728274,0.0,0.0,,,0,0,0,0.0,,,,,,,,,,,,,
505,PAXG-USD,0.0,2021-12-31,2024-08-06,949,100.0,100.0,0.0,29.55671811931837,0.0,0.0,,,0,0,0,0.0,,,,,,,,,,,,,
506,PBR-USD,0.0,2021-12-31,2024-08-06,949,100.0,100.0,0.0,-96.1658564550959,0.0,0.0,,,0,0,0,0.0,,,,,,,,,,,,,
507,PBUX-USD,0.0,2024-04-22,2024-08-06,106,100.0,100.0,0.0,-90.27927388355205,0.0,0.0,,,0,0,0,0.0,,,,,,,,,,,,,
508,PBX-USD,0.0,2021-12-31,2024-08-06,949,100.0,100.0,0.0,-97.37460843077896,0.0,0.0,,,0,0,0,0.0,,,,,,,,,,,,,
509,PEL-USD,0.0,2021-12-31,2024-08-06,949,100.0,100.0,0.0,-98.4893778054238,0.0,0.0,,,0,0,0,0.0,,,,,,,,,,,,,
510,PENDLE-USD,0.0,2021-12-31,2024-08-06,949,100.0,100.0,0.0,905.4206321834146,0.0,0.0,,,0,0,0,0.0,,,,,,,,,,,,,
511,PEOPLE-USD,0.0,2021-12-31,2024-08-06,949,100.0,100.0,0.0,-56.53396897386583,0.0,0.0,,,0,0,0,0.0,,,,,,,,,,,,,
512,PEPE-USD,0.0,2022-08-14,2022-12-10,119 days 00:00:00,100.0,100.0,0.0,-97.76951674119269,0.0,0.0,,,0,0,0,0.0,,,,,,,,,,inf,,inf,inf
513,PERP-USD,0.0,2021-12-31,2024-08-06,949,100.0,100.0,0.0,-94.75362957377436,0.0,0.0,,,0,0,0,0.0,,,,,,,,,,,,,
514,PHA-USD,0.0,2021-12-31,2024-08-06,949,100.0,100.0,0.0,-77.47404427175091,0.0,0.0,,,0,0,0,0.0,,,,,,,,,,,,,
540,PYTH-USD,0.0,2023-11-19,2024-08-06,261,100.0,100.0,0.0,-5.2492894774336385,0.0,0.0,,,0,0,0,0.0,,,,,,,,,,,,,
541,PYUSD-USD,0.0,2023-08-19,2024-08-06,350,100.0,100.0,0.0,-99.9912985494789,0.0,0.0,,,0,0,0,0.0,,,,,,,,,,,,,
542,PZP-USD,0.0,2023-04-18,2024-08-06,476,100.0,100.0,0.0,-38.64439647029222,0.0,0.0,,,0,0,0,0.0,,,,,,,,,,,,,
543,QI-USD,0.0,2021-12-31,2024-08-06,949,100.0,100.0,0.0,-96.37818800176798,0.0,0.0,,,0,0,0,0.0,,,,,,,,,,,,,
568,RPK-USD,0.0,2023-11-13,2024-08-06,267,100.0,100.0,0.0,-95.11511673251455,0.0,0.0,,,0,0,0,0.0,,,,,,,,,,,,,
569,RPL-USD,0.0,2021-12-31,2024-08-06,949,100.0,100.0,0.0,-72.56735962734754,0.0,0.0,,,0,0,0,0.0,,,,,,,,,,,,,
570,RSR-USD,0.0,2021-12-31,2024-08-06,949,100.0,100.0,0.0,-88.15362654438294,0.0,0.0,,,0,0,0,0.0,,,,,,,,,,,,,
571,RUNE-USD,0.0,2021-12-31,2024-08-06,949,100.0,100.0,0.0,-57.71074266148739,0.0,0.0,,,0,0,0,0.0,,,,,,,,,,,,,
572,RVN-USD,0.0,2021-12-31,2024-08-06,949,100.0,100.0,0.0,-85.76148533132553,0.0,0.0,,,0,0,0,0.0,,,,,,,,,,,,,
573,SAFE-USD,0.0,2021-12-31,2024-08-06,949,100.0,100.0,0.0,-91.13890180165272,0.0,0.0,,,0,0,0,0.0,,,,,,,,,,,,,
574,SAND-USD,0.0,2021-12-31,2024-08-06,949,100.0,100.0,0.0,-95.89580058666175,0.0,0.0,,,0,0,0,0.0,,,,,,,,,,,,,
575,SAROS-USD,0.0,2024-01-18,2024-08-06,201,100.0,100.0,0.0,-92.79460871124775,0.0,0.0,,,0,0,0,0.0,,,,,,,,,,,,,
576,SATS-USD,0.0,2021-12-31,2023-08-31,609 days 00:00:00,100.0,100.0,0.0,-45.1882874740077,0.0,0.0,,,0,0,0,0.0,,,,,,,,,,inf,,inf,inf
577,SAVM-USD,0.0,2024-01-18,2024-08-06,201,100.0,100.0,0.0,-90.51049218861733,0.0,0.0,,,0,0,0,0.0,,,,,,,,,,,,,
578,SCA-USD,0.0,2021-12-31,2024-08-06,738,100.0,100.0,0.0,-89.92881559198435,0.0,0.0,,,0,0,0,0.0,,,,,,,,,,,,,
579,SCLP-USD,0.0,2021-12-31,2024-08-06,949,100.0,100.0,0.0,-94.37381753242052,0.0,0.0,,,0,0,0,0.0,,,,,,,,,,,,,
580,SCPT-USD,0.0,2023-12-20,2024-08-06,230,100.0,100.0,0.0,-58.25418381085399,0.0,0.0,,,0,0,0,0.0,,,,,,,,,,,,,
581,SCRT-USD,0.0,2021-12-31,2024-08-06,949,100.0,100.0,0.0,-96.72363837657802,0.0,0.0,,,0,0,0,0.0,,,,,,,,,,,,,
582,SD-USD,0.0,2021-12-31,2024-08-06,949,100.0,100.0,0.0,28544.914489300907,0.0,0.0,,,0,0,0,0.0,,,,,,,,,,,,,
583,SDAO-USD,0.0,2021-12-31,2024-08-06,949,100.0,100.0,0.0,-81.15767031718273,0.0,0.0,,,0,0,0,0.0,,,,,,,,,,,,,
584,SEAM-USD,0.0,2023-12-10,2024-08-06,240,100.0,100.0,0.0,-83.62231075908205,0.0,0.0,,,0,0,0,0.0,,,,,,,,,,,,,
585,SEI-USD,0.0,2023-08-14,2024-08-06,355,100.0,100.0,0.0,36.93466131100165,0.0,0.0,,,0,0,0,0.0,,,,,,,,,,,,,
586,SENSO-USD,0.0,2021-12-31,2024-08-06,949,100.0,100.0,0.0,-98.30897810155051,0.0,0.0,,,0,0,0,0.0,,,,,,,,,,,,,
587,SFP-USD,0.0,2021-12-31,2024-08-06,949,100.0,100.0,0.0,-46.87102142887413,0.0,0.0,,,0,0,0,0.0,,,,,,,,,,,,,
588,SFUND-USD,0.0,2021-12-31,2024-08-06,949,100.0,100.0,0.0,-85.5449877545856,0.0,0.0,,,0,0,0,0.0,,,,,,,,,,,,,
567,ROUTE-USD,0.0,2021-12-31,2024-08-06,949,100.0,100.0,0.0,-35.63229536869586,0.0,0.0,,,0,0,0,0.0,,,,,,,,,,,,,
566,ROUP-USD,0.0,2023-12-19,2024-08-06,231,100.0,100.0,0.0,-98.51889249445017,0.0,0.0,,,0,0,0,0.0,,,,,,,,,,,,,
565,ROSE-USD,0.0,2021-12-31,2024-08-06,949,100.0,100.0,0.0,-86.59964937658609,0.0,0.0,,,0,0,0,0.0,,,,,,,,,,,,,
553,RDNT-USD,0.0,2022-07-25,2024-08-06,743,100.0,100.0,0.0,-59.096021989448346,0.0,0.0,,,0,0,0,0.0,,,,,,,,,,,,,
544,QKC-USD,0.0,2021-12-31,2024-08-06,949,100.0,100.0,0.0,-68.83889764985787,0.0,0.0,,,0,0,0,0.0,,,,,,,,,,,,,
545,QNT-USD,0.0,2021-12-31,2024-08-06,949,100.0,100.0,0.0,-65.83417903883569,0.0,0.0,,,0,0,0,0.0,,,,,,,,,,,,,
546,QORPO-USD,0.0,2024-02-28,2024-08-06,160,100.0,100.0,0.0,-63.241052995471556,0.0,0.0,,,0,0,0,0.0,,,,,,,,,,,,,
547,QUICK-USD,0.0,2021-12-31,2024-08-06,949,100.0,100.0,0.0,-91.13757038515764,0.0,0.0,,,0,0,0,0.0,,,,,,,,,,,,,
548,RACA-USD,0.0,2021-12-31,2024-08-06,949,100.0,100.0,0.0,-95.87352732447528,0.0,0.0,,,0,0,0,0.0,,,,,,,,,,,,,
549,RANKER-USD,0.0,2022-02-24,2024-08-06,894,100.0,100.0,0.0,-99.03563684923373,0.0,0.0,,,0,0,0,0.0,,,,,,,,,,,,,
550,RATS-USD,0.0,2022-03-27,2024-08-06,855,100.0,100.0,0.0,0.0,0.0,0.0,,,0,0,0,0.0,,,,,,,,,,,,,
551,RAY-USD,0.0,2021-12-31,2024-08-06,949,100.0,100.0,0.0,-75.2950154372128,0.0,0.0,,,0,0,0,0.0,,,,,,,,,,,,,
552,RBP-USD,0.0,2022-09-04,2024-08-06,702,100.0,100.0,0.0,-99.96618427448027,0.0,0.0,,,0,0,0,0.0,,,,,,,,,,,,,
554,REEF-USD,0.0,2021-12-31,2024-08-06,949,100.0,100.0,0.0,-94.30102710218424,0.0,0.0,,,0,0,0,0.0,,,,,,,,,,,,,
564,ROOT-USD,0.0,2021-12-31,2022-08-29,242 days 00:00:00,100.0,100.0,0.0,-71.29007183858593,0.0,0.0,,,0,0,0,0.0,,,,,,,,,,inf,,inf,inf
555,REN-USD,0.0,2021-12-31,2024-08-06,949,100.0,100.0,0.0,-93.80254862647128,0.0,0.0,,,0,0,0,0.0,,,,,,,,,,,,,
556,REQ-USD,0.0,2021-12-31,2024-08-06,949,100.0,100.0,0.0,-77.35489816343653,0.0,0.0,,,0,0,0,0.0,,,,,,,,,,,,,
557,REV3L-USD,0.0,2022-06-29,2024-08-06,769,100.0,100.0,0.0,-34.655955555958286,0.0,0.0,,,0,0,0,0.0,,,,,,,,,,,,,
558,REVU-USD,0.0,2022-01-06,2024-08-06,943,100.0,100.0,0.0,-96.02361790407929,0.0,0.0,,,0,0,0,0.0,,,,,,,,,,,,,
559,REVV-USD,0.0,2021-12-31,2024-08-06,949,100.0,100.0,0.0,-96.73271059542412,0.0,0.0,,,0,0,0,0.0,,,,,,,,,,,,,
560,REZ-USD,0.0,2024-04-29,2024-08-06,99,100.0,100.0,0.0,-73.85974086514857,0.0,0.0,,,0,0,0,0.0,,,,,,,,,,,,,
561,RFD-USD,0.0,2023-05-20,2024-08-06,441,100.0,100.0,0.0,-89.80755021483664,0.0,0.0,,,0,0,0,0.0,,,,,,,,,,,,,
562,RIO-USD,0.0,2021-12-31,2024-08-06,949,100.0,100.0,0.0,-16.276639991232976,0.0,0.0,,,0,0,0,0.0,,,,,,,,,,,,,
563,RLC-USD,0.0,2021-12-31,2024-08-06,949,100.0,100.0,0.0,-56.849648851856905,0.0,0.0,,,0,0,0,0.0,,,,,,,,,,,,,
493,ORAI-USD,0.0,2021-12-31,2024-08-06,949,100.0,100.0,0.0,-23.5998756121104,0.0,0.0,,,0,0,0,0.0,,,,,,,,,,,,,
492,OPUL-USD,0.0,2021-12-31,2024-08-06,949,100.0,100.0,0.0,-98.07920176044578,0.0,0.0,,,0,0,0,0.0,,,,,,,,,,,,,
491,OPEN-USD,0.0,2021-12-31,2024-08-06,949,100.0,100.0,0.0,66.18134438663543,0.0,0.0,,,0,0,0,0.0,,,,,,,,,,,,,
442,MUBI-USD,0.0,2023-11-13,2024-08-06,267,100.0,100.0,0.0,174.2310121468787,0.0,0.0,,,0,0,0,0.0,,,,,,,,,,,,,
420,MKR-USD,0.0,2021-12-31,2024-08-06,949,100.0,100.0,0.0,-23.76533559959605,0.0,0.0,,,0,0,0,0.0,,,,,,,,,,,,,
421,MLK-USD,0.0,2021-12-31,2024-08-06,949,100.0,100.0,0.0,-82.83966245817541,0.0,0.0,,,0,0,0,0.0,,,,,,,,,,,,,
422,MLS-USD,0.0,2022-05-23,2024-08-06,806,100.0,100.0,0.0,-99.65788433918559,0.0,0.0,,,0,0,0,0.0,,,,,,,,,,,,,
423,MM-USD,0.0,2021-12-31,2023-09-04,613 days 00:00:00,100.0,100.0,0.0,-99.9491369726843,0.0,0.0,,,0,0,0,0.0,,,,,,,,,,inf,,inf,inf
424,MMM-USD,0.0,2023-07-01,2024-08-06,399,100.0,100.0,0.0,-99.5401362909935,0.0,0.0,,,0,0,0,0.0,,,,,,,,,,,,,
425,MNDE-USD,0.0,2022-02-15,2024-08-06,903,100.0,100.0,0.0,-40.101649662873676,0.0,0.0,,,0,0,0,0.0,,,,,,,,,,,,,
426,MNT-USD,0.0,2022-09-28,2024-01-08,468 days 00:00:00,100.0,100.0,0.0,-99.50491823478362,0.0,0.0,,,0,0,0,0.0,,,,,,,,,,inf,,inf,inf
427,MNW-USD,0.0,2021-12-31,2024-08-06,949,100.0,100.0,0.0,-76.96054452642413,0.0,0.0,,,0,0,0,0.0,,,,,,,,,,,,,
428,MOBILE-USD,0.0,2023-04-20,2024-08-06,474,100.0,100.0,0.0,215.98329211242714,0.0,0.0,,,0,0,0,0.0,,,,,,,,,,,,,
429,MOCA-USD,0.0,2021-12-31,2022-02-07,39 days 00:00:00,100.0,100.0,0.0,-36.93295348715273,0.0,0.0,,,0,0,0,0.0,,,,,,,,,,inf,,inf,inf
430,MOG-USD,0.0,2023-07-20,2024-08-06,380,100.0,100.0,0.0,0.0,0.0,0.0,,,0,0,0,0.0,,,,,,,,,,,,,
431,MON-USD,0.0,2021-12-31,2024-08-06,700,100.0,100.0,0.0,443.11236157408143,0.0,0.0,,,0,0,0,0.0,,,,,,,,,,,,,
432,MONI-USD,0.0,2021-12-31,2024-08-06,949,100.0,100.0,0.0,-99.17779261871928,0.0,0.0,,,0,0,0,0.0,,,,,,,,,,,,,
433,MOVR-USD,0.0,2021-12-31,2024-08-06,949,100.0,100.0,0.0,-96.0059345255756,0.0,0.0,,,0,0,0,0.0,,,,,,,,,,,,,
434,MOXIE-USD,0.0,2024-08-06,2024-08-06,1,100.0,100.0,0.0,0.0,0.0,0.0,,,0,0,0,0.0,,,,,,,,,,,,,
435,MPC-USD,0.0,2021-12-31,2022-12-28,363 days 00:00:00,100.0,100.0,0.0,,0.0,0.0,,,0,0,0,0.0,,,,,,,,,,inf,,inf,inf
436,MPLX-USD,0.0,2022-09-19,2024-08-06,687,100.0,100.0,0.0,-57.082729866530315,0.0,0.0,,,0,0,0,0.0,,,,,,,,,,,,,
437,MSN-USD,0.0,2021-12-31,2022-12-27,362 days 00:00:00,100.0,100.0,0.0,-99.8698615904715,0.0,0.0,,,0,0,0,0.0,,,,,,,,,,inf,,inf,inf
438,MTL-USD,0.0,2021-12-31,2024-08-06,949,100.0,100.0,0.0,-59.034101491776106,0.0,0.0,,,0,0,0,0.0,,,,,,,,,,,,,
439,MTRG-USD,0.0,2021-12-31,2024-08-06,949,100.0,100.0,0.0,-90.19355314085566,0.0,0.0,,,0,0,0,0.0,,,,,,,,,,,,,
440,MTS-USD,0.0,2021-12-31,2023-12-16,715,100.0,100.0,0.0,,0.0,0.0,,,0,0,0,0.0,,,,,,,,,,,,,
419,MJT-USD,0.0,2021-12-31,2024-08-06,949,100.0,100.0,0.0,-99.27366411826411,0.0,0.0,,,0,0,0,0.0,,,,,,,,,,,,,
418,MIND-USD,0.0,2022-03-13,2022-09-20,192 days 00:00:00,100.0,100.0,0.0,-99.61302768573638,0.0,0.0,,,0,0,0,0.0,,,,,,,,,,inf,,inf,inf
417,MINA-USD,0.0,2021-12-31,2024-08-06,949,100.0,100.0,0.0,-89.38900043216626,0.0,0.0,,,0,0,0,0.0,,,,,,,,,,,,,
405,MASA-USD,0.0,2024-04-10,2024-08-06,118,100.0,100.0,0.0,-86.48681008657549,0.0,0.0,,,0,0,0,0.0,,,,,,,,,,,,,
396,MAGIC-USD,0.0,2021-12-31,2022-11-30,335 days 00:00:00,100.0,100.0,0.0,0.0,0.0,0.0,,,0,0,0,0.0,,,,,,,,,,inf,,inf,inf
397,MAHA-USD,0.0,2021-12-31,2024-08-06,949,100.0,100.0,0.0,-89.4456565426196,0.0,0.0,,,0,0,0,0.0,,,,,,,,,,,,,
398,MAN-USD,0.0,2021-12-31,2024-08-06,949,100.0,100.0,0.0,-40.462330653488955,0.0,0.0,,,0,0,0,0.0,,,,,,,,,,,,,
399,MANA-USD,0.0,2021-12-31,2024-08-06,949,100.0,100.0,0.0,-92.09311451564393,0.0,0.0,,,0,0,0,0.0,,,,,,,,,,,,,
400,MANEKI-USD,0.0,2022-04-19,2022-07-21,48,100.0,100.0,0.0,0.0,0.0,0.0,,,0,0,0,0.0,,,,,,,,,,,,,
401,MANTA-USD,0.0,2024-01-17,2024-08-06,202,100.0,100.0,0.0,-68.95124132629775,0.0,0.0,,,0,0,0,0.0,,,,,,,,,,,,,
402,MAPO-USD,0.0,2024-03-22,2024-08-06,137,100.0,100.0,0.0,-80.30292631235336,0.0,0.0,,,0,0,0,0.0,,,,,,,,,,,,,
403,MARS4-USD,0.0,2021-12-31,2024-08-06,949,100.0,100.0,0.0,-97.25354015373478,0.0,0.0,,,0,0,0,0.0,,,,,,,,,,,,,
404,MARSH-USD,0.0,2021-12-31,2024-08-06,949,100.0,100.0,0.0,-89.09437306284059,0.0,0.0,,,0,0,0,0.0,,,,,,,,,,,,,
406,MASK-USD,0.0,2021-12-31,2022-08-17,230 days 00:00:00,100.0,100.0,0.0,-60.04983495674936,0.0,0.0,,,0,0,0,0.0,,,,,,,,,,inf,,inf,inf
416,METIS-USD,0.0,2021-12-31,2024-08-06,949,100.0,100.0,0.0,-85.29115922745537,0.0,0.0,,,0,0,0,0.0,,,,,,,,,,,,,
407,MATIC-USD,0.0,2021-12-31,2024-08-06,949,100.0,100.0,0.0,-84.2008245600519,0.0,0.0,,,0,0,0,0.0,,,,,,,,,,,,,
408,MAV-USD,0.0,2022-04-19,2024-08-06,840,100.0,100.0,0.0,-31.544125649211285,0.0,0.0,,,0,0,0,0.0,,,,,,,,,,,,,
409,MAVIA-USD,0.0,2024-02-05,2024-08-06,183,100.0,100.0,0.0,-59.291221190274555,0.0,0.0,,,0,0,0,0.0,,,,,,,,,,,,,
410,MAX-USD,0.0,2021-12-31,2024-08-06,949,100.0,100.0,0.0,-90.57146428250647,0.0,0.0,,,0,0,0,0.0,,,,,,,,,,,,,
411,MBL-USD,0.0,2021-12-31,2024-08-06,949,100.0,100.0,0.0,-69.69851717439765,0.0,0.0,,,0,0,0,0.0,,,,,,,,,,,,,
412,MC-USD,0.0,2021-12-31,2024-08-06,949,100.0,100.0,0.0,-75.2933433153606,0.0,0.0,,,0,0,0,0.0,,,,,,,,,,,,,
413,MELOS-USD,0.0,2022-03-16,2024-08-06,874,100.0,100.0,0.0,-99.40207034320248,0.0,0.0,,,0,0,0,0.0,,,,,,,,,,,,,
414,MEME-USD,0.0,2021-12-31,2024-08-06,949,100.0,100.0,0.0,-55.09461122672956,0.0,0.0,,,0,0,0,0.0,,,,,,,,,,,,,
415,MERL-USD,0.0,2024-04-18,2024-08-06,110,100.0,100.0,0.0,-82.08649347183923,0.0,0.0,,,0,0,0,0.0,,,,,,,,,,,,,
441,MTV-USD,0.0,2021-12-31,2024-08-06,949,100.0,100.0,0.0,-93.01405258669193,0.0,0.0,,,0,0,0,0.0,,,,,,,,,,,,,
443,MV-USD,0.0,2022-01-27,2024-08-06,922,100.0,100.0,0.0,-95.40954140318316,0.0,0.0,,,0,0,0,0.0,,,,,,,,,,,,,
490,OP-USD,0.0,2022-03-13,2024-08-06,877,100.0,100.0,0.0,139920.4670416422,0.0,0.0,,,0,0,0,0.0,,,,,,,,,,,,,
444,MXC-USD,0.0,2021-12-31,2024-08-06,949,100.0,100.0,0.0,-87.7063128460157,0.0,0.0,,,0,0,0,0.0,,,,,,,,,,,,,
469,NTRN-USD,0.0,2021-12-31,2024-08-06,949,100.0,100.0,0.0,-9.690946427455117,0.0,0.0,,,0,0,0,0.0,,,,,,,,,,,,,
470,NUM-USD,0.0,2021-12-31,2024-08-06,949,100.0,100.0,0.0,-96.50966178052552,0.0,0.0,,,0,0,0,0.0,,,,,,,,,,,,,
471,NWC-USD,0.0,2021-12-31,2024-08-06,949,100.0,100.0,0.0,-82.3275057599979,0.0,0.0,,,0,0,0,0.0,,,,,,,,,,,,,
472,NXRA-USD,0.0,2023-03-07,2024-08-06,518,100.0,100.0,0.0,24.65933904795541,0.0,0.0,,,0,0,0,0.0,,,,,,,,,,,,,
473,NYM-USD,0.0,2022-04-14,2024-08-06,845,100.0,100.0,0.0,-94.69414732952549,0.0,0.0,,,0,0,0,0.0,,,,,,,,,,,,,
474,OAS-USD,0.0,2022-12-11,2024-08-06,604,100.0,100.0,0.0,-49.183218116984925,0.0,0.0,,,0,0,0,0.0,,,,,,,,,,,,,
475,OBI-USD,0.0,2023-05-29,2024-08-06,432,100.0,100.0,0.0,-69.49028044537123,0.0,0.0,,,0,0,0,0.0,,,,,,,,,,,,,
476,ODDZ-USD,0.0,2021-12-31,2024-08-06,949,100.0,100.0,0.0,-96.26298531006704,0.0,0.0,,,0,0,0,0.0,,,,,,,,,,,,,
477,OFN-USD,0.0,2023-10-23,2024-08-06,288,100.0,100.0,0.0,-12.499108398691261,0.0,0.0,,,0,0,0,0.0,,,,,,,,,,,,,
478,OGN-USD,0.0,2021-12-31,2024-08-06,949,100.0,100.0,0.0,-88.82908251164676,0.0,0.0,,,0,0,0,0.0,,,,,,,,,,,,,
479,OGV-USD,0.0,2022-07-11,2024-08-06,757,100.0,100.0,0.0,-70.665111766758,0.0,0.0,,,0,0,0,0.0,,,,,,,,,,,,,
480,OLE-USD,0.0,2022-07-06,2024-08-06,762,100.0,100.0,0.0,-89.6788853213637,0.0,0.0,,,0,0,0,0.0,,,,,,,,,,,,,
481,OLT-USD,0.0,2021-12-31,2024-08-06,949,100.0,100.0,0.0,-96.72645169428033,0.0,0.0,,,0,0,0,0.0,,,,,,,,,,,,,
482,OM-USD,0.0,2021-12-31,2024-08-06,949,100.0,100.0,0.0,580.1733605158664,0.0,0.0,,,0,0,0,0.0,,,,,,,,,,,,,
483,OMG-USD,0.0,2021-12-31,2024-08-06,949,100.0,100.0,0.0,-96.24867186201142,0.0,0.0,,,0,0,0,0.0,,,,,,,,,,,,,
484,OMNI-USD,0.0,2021-12-31,2024-08-06,949,100.0,100.0,0.0,-71.5171048855174,0.0,0.0,,,0,0,0,0.0,,,,,,,,,,,,,
485,ONDO-USD,0.0,2024-01-17,2024-08-06,202,100.0,100.0,0.0,217.3801111716838,0.0,0.0,,,0,0,0,0.0,,,,,,,,,,,,,
486,ONE-USD,0.0,2021-12-31,2024-08-06,949,100.0,100.0,0.0,-69.51811424481072,0.0,0.0,,,0,0,0,0.0,,,,,,,,,,,,,
487,ONT-USD,0.0,2021-12-31,2024-08-06,949,100.0,100.0,0.0,-77.40384704541222,0.0,0.0,,,0,0,0,0.0,,,,,,,,,,,,,
488,OOE-USD,0.0,2021-12-31,2024-08-06,949,100.0,100.0,0.0,-97.33177547644082,0.0,0.0,,,0,0,0,0.0,,,,,,,,,,,,,
489,OORT-USD,0.0,2024-01-28,2024-02-06,10 days 00:00:00,100.0,100.0,0.0,-37.953204497099655,0.0,0.0,,,0,0,0,0.0,,,,,,,,,,inf,,inf,inf
468,NRN-USD,0.0,2024-08-06,2024-08-06,1,100.0,100.0,0.0,0.0,0.0,0.0,,,0,0,0,0.0,,,,,,,,,,,,,
467,NOT-USD,0.0,2024-05-15,2024-08-06,83,100.0,100.0,0.0,61.448002549090866,0.0,0.0,,,0,0,0,0.0,,,,,,,,,,,,,
466,NORD-USD,0.0,2021-12-31,2024-08-06,949,100.0,100.0,0.0,-98.25447603156503,0.0,0.0,,,0,0,0,0.0,,,,,,,,,,,,,
454,NEON-USD,0.0,2022-08-16,2022-12-19,126 days 00:00:00,100.0,100.0,0.0,-35.560860000847704,0.0,0.0,,,0,0,0,0.0,,,,,,,,,,inf,,inf,inf
445,MXM-USD,0.0,2022-07-10,2023-04-26,291 days 00:00:00,100.0,100.0,0.0,-93.74999999999999,0.0,0.0,,,0,0,0,0.0,,,,,,,,,,inf,,inf,inf
446,MYRO-USD,0.0,2023-11-10,2024-08-06,270,100.0,100.0,0.0,2802.0864267334096,0.0,0.0,,,0,0,0,0.0,,,,,,,,,,,,,
447,NAKA-USD,0.0,2021-12-31,2024-08-06,949,100.0,100.0,0.0,-54.87686779077173,0.0,0.0,,,0,0,0,0.0,,,,,,,,,,,,,
448,NATIX-USD,0.0,2024-08-06,2024-08-06,1,100.0,100.0,0.0,0.0,0.0,0.0,,,0,0,0,0.0,,,,,,,,,,,,,
449,NAVI-USD,0.0,2021-12-31,2024-08-06,949,100.0,100.0,0.0,-80.86299764339645,0.0,0.0,,,0,0,0,0.0,,,,,,,,,,,,,
450,NAVX-USD,0.0,2024-02-06,2024-08-06,182,100.0,100.0,0.0,-68.78370950358233,0.0,0.0,,,0,0,0,0.0,,,,,,,,,,,,,
451,NEAR-USD,0.0,2021-12-31,2024-08-06,949,100.0,100.0,0.0,-76.00356660505433,0.0,0.0,,,0,0,0,0.0,,,,,,,,,,,,,
452,NEER-USD,0.0,2022-08-29,2024-08-06,708,100.0,100.0,0.0,-93.78222864200187,0.0,0.0,,,0,0,0,0.0,,,,,,,,,,,,,
453,NEO-USD,0.0,2021-12-31,2024-08-06,949,100.0,100.0,0.0,-66.16316905706722,0.0,0.0,,,0,0,0,0.0,,,,,,,,,,,,,
455,NETVR-USD,0.0,2024-01-31,2024-08-06,188,100.0,100.0,0.0,28.01255955044233,0.0,0.0,,,0,0,0,0.0,,,,,,,,,,,,,
465,NOM-USD,0.0,2023-03-14,2024-08-06,511,100.0,100.0,0.0,-97.12301374047351,0.0,0.0,,,0,0,0,0.0,,,,,,,,,,,,,
456,NFP-USD,0.0,2022-04-10,2023-06-03,420 days 00:00:00,100.0,100.0,0.0,-78.46333702440167,0.0,0.0,,,0,0,0,0.0,,,,,,,,,,inf,,inf,inf
457,NFT-USD,0.0,2021-12-31,2024-01-14,745 days 00:00:00,100.0,100.0,0.0,,0.0,0.0,,,0,0,0,0.0,,,,,,,,,,inf,,inf,inf
458,NGC-USD,0.0,2021-12-31,2024-08-06,949,100.0,100.0,0.0,-98.62716422853413,0.0,0.0,,,0,0,0,0.0,,,,,,,,,,,,,
459,NGL-USD,0.0,2021-12-31,2024-08-06,949,100.0,100.0,0.0,-98.72783408062945,0.0,0.0,,,0,0,0,0.0,,,,,,,,,,,,,
460,NIBI-USD,0.0,2024-03-11,2024-08-06,148,100.0,100.0,0.0,-90.32522108301642,0.0,0.0,,,0,0,0,0.0,,,,,,,,,,,,,
461,NIM-USD,0.0,2021-12-31,2024-08-06,949,100.0,100.0,0.0,-70.62130386008995,0.0,0.0,,,0,0,0,0.0,,,,,,,,,,,,,
462,NKN-USD,0.0,2021-12-31,2024-08-06,949,100.0,100.0,0.0,-84.83145201462044,0.0,0.0,,,0,0,0,0.0,,,,,,,,,,,,,
463,NLK-USD,0.0,2024-06-02,2024-08-06,65,100.0,100.0,0.0,-52.13106746790793,0.0,0.0,,,0,0,0,0.0,,,,,,,,,,,,,
464,NMR-USD,0.0,2021-12-31,2024-08-06,949,100.0,100.0,0.0,-64.43397548379542,0.0,0.0,,,0,0,0,0.0,,,,,,,,,,,,,
589,SHIB-USD,0.0,2021-12-31,2024-08-06,949,100.0,100.0,0.0,-60.60234870047658,0.0,0.0,,,0,0,0,0.0,,,,,,,,,,,,,
591,SHR-USD,0.0,2021-12-31,2024-08-06,949,100.0,100.0,0.0,-91.59600820461496,0.0,0.0,,,0,0,0,0.0,,,,,,,,,,,,,
394,LYM-USD,0.0,2021-12-31,2024-08-06,949,100.0,100.0,0.0,-77.67784968347927,0.0,0.0,,,0,0,0,0.0,,,,,,,,,,,,,
714,VXV-USD,0.0,2021-12-31,2024-08-06,949,100.0,100.0,0.0,-94.035437592048,0.0,0.0,,,0,0,0,0.0,,,,,,,,,,,,,
716,WAVES-USD,0.0,2021-12-31,2024-08-06,949,100.0,100.0,0.0,-93.65010718810763,0.0,0.0,,,0,0,0,0.0,,,,,,,,,,,,,
717,WBTC-USD,0.0,2021-12-31,2024-08-06,949,100.0,100.0,0.0,17.552088853735004,0.0,0.0,,,0,0,0,0.0,,,,,,,,,,,,,
718,WELL-USD,0.0,2021-12-31,2022-10-08,282 days 00:00:00,100.0,100.0,0.0,-90.46145223384598,0.0,0.0,,,0,0,0,0.0,,,,,,,,,,inf,,inf,inf
719,WEMIX-USD,0.0,2021-12-31,2024-08-06,949,100.0,100.0,0.0,-92.70537237337308,0.0,0.0,,,0,0,0,0.0,,,,,,,,,,,,,
720,WEN-USD,0.0,2023-05-13,2024-08-06,436,100.0,100.0,0.0,,0.0,0.0,,,0,0,0,0.0,,,,,,,,,,,,,
721,WEST-USD,0.0,2021-12-31,2024-08-06,949,100.0,100.0,0.0,-83.46623270760745,0.0,0.0,,,0,0,0,0.0,,,,,,,,,,,,,
722,WHALE-USD,0.0,2022-06-28,2024-08-06,770,100.0,100.0,0.0,-71.726600929292,0.0,0.0,,,0,0,0,0.0,,,,,,,,,,,,,
723,WIF-USD,0.0,2023-12-18,2024-08-06,232,100.0,100.0,0.0,853.5574750204983,0.0,0.0,,,0,0,0,0.0,,,,,,,,,,,,,
724,WILD-USD,0.0,2021-12-31,2024-08-06,949,100.0,100.0,0.0,-92.72437023487845,0.0,0.0,,,0,0,0,0.0,,,,,,,,,,,,,
725,WIN-USD,0.0,2021-12-31,2024-08-06,949,100.0,100.0,0.0,-83.36398415299529,0.0,0.0,,,0,0,0,0.0,,,,,,,,,,,,,
726,WLD-USD,0.0,2022-03-02,2024-08-06,874,100.0,100.0,0.0,17053.57587058074,0.0,0.0,,,0,0,0,0.0,,,,,,,,,,,,,
727,WLKN-USD,0.0,2022-06-20,2024-08-06,778,100.0,100.0,0.0,-98.8015353843917,0.0,0.0,,,0,0,0,0.0,,,,,,,,,,,,,
728,WLTH-USD,0.0,2024-05-29,2024-08-06,69,100.0,100.0,0.0,-63.74751212275681,0.0,0.0,,,0,0,0,0.0,,,,,,,,,,,,,
729,WMT-USD,0.0,2021-12-31,2024-08-06,949,100.0,100.0,0.0,17010.493217454685,0.0,0.0,,,0,0,0,0.0,,,,,,,,,,,,,
730,WOMBAT-USD,0.0,2022-07-28,2024-08-06,740,100.0,100.0,0.0,-96.12591166650415,0.0,0.0,,,0,0,0,0.0,,,,,,,,,,,,,
731,WOO-USD,0.0,2021-12-31,2024-08-06,949,100.0,100.0,0.0,-85.47832474001534,0.0,0.0,,,0,0,0,0.0,,,,,,,,,,,,,
732,WOOP-USD,0.0,2021-12-31,2024-08-06,949,100.0,100.0,0.0,-99.21126681510279,0.0,0.0,,,0,0,0,0.0,,,,,,,,,,,,,
733,WORK-USD,0.0,2021-12-31,2022-04-22,113 days 00:00:00,100.0,100.0,0.0,-64.02194200895907,0.0,0.0,,,0,0,0,0.0,,,,,,,,,,inf,,inf,inf
734,WRX-USD,0.0,2021-12-31,2024-08-06,949,100.0,100.0,0.0,-89.36425324213062,0.0,0.0,,,0,0,0,0.0,,,,,,,,,,,,,
735,WSDM-USD,0.0,2024-05-15,2024-08-06,83,100.0,100.0,0.0,-24.493875160089463,0.0,0.0,,,0,0,0,0.0,,,,,,,,,,,,,
736,XAI-USD,0.0,2021-12-31,2024-08-06,949,100.0,100.0,0.0,-28.499214250154658,0.0,0.0,,,0,0,0,0.0,,,,,,,,,,,,,
715,W-USD,0.0,2024-03-04,2024-08-06,155,100.0,100.0,0.0,-99.23804499757377,0.0,0.0,,,0,0,0,0.0,,,,,,,,,,,,,
713,VSYS-USD,0.0,2021-12-31,2024-08-06,949,100.0,100.0,0.0,-97.71939864103102,0.0,0.0,,,0,0,0,0.0,,,,,,,,,,,,,
592,SHRAP-USD,0.0,2023-03-06,2024-08-06,519,100.0,100.0,0.0,-83.33528818216655,0.0,0.0,,,0,0,0,0.0,,,,,,,,,,,,,
712,VRTX-USD,0.0,2023-11-21,2024-08-06,259,100.0,100.0,0.0,-65.61428214836529,0.0,0.0,,,0,0,0,0.0,,,,,,,,,,,,,
691,USDJ-USD,0.0,2021-12-31,2024-08-06,949,100.0,100.0,0.0,9.022701051525361,0.0,0.0,,,0,0,0,0.0,,,,,,,,,,,,,
692,USDP-USD,0.0,2021-12-31,2024-08-06,949,100.0,100.0,0.0,0.12826696410608296,0.0,0.0,,,0,0,0,0.0,,,,,,,,,,,,,
693,USTC-USD,0.0,2021-12-31,2024-08-06,949,100.0,100.0,0.0,-98.55107347246407,0.0,0.0,,,0,0,0,0.0,,,,,,,,,,,,,
694,UTK-USD,0.0,2021-12-31,2024-08-06,949,100.0,100.0,0.0,-88.66240837280687,0.0,0.0,,,0,0,0,0.0,,,,,,,,,,,,,
695,UXLINK-USD,0.0,2024-08-06,2024-08-06,1,100.0,100.0,0.0,0.0,0.0,0.0,,,0,0,0,0.0,,,,,,,,,,,,,
696,VAI-USD,0.0,2021-12-31,2024-08-06,949,100.0,100.0,0.0,15.521913891345207,0.0,0.0,,,0,0,0,0.0,,,,,,,,,,,,,
697,VANRY-USD,0.0,2023-11-11,2024-08-06,260,100.0,100.0,0.0,78.08235368686634,0.0,0.0,,,0,0,0,0.0,,,,,,,,,,,,,
698,VCORE-USD,0.0,2023-06-19,2024-08-06,411,100.0,100.0,0.0,-87.62246994662863,0.0,0.0,,,0,0,0,0.0,,,,,,,,,,,,,
699,VEGA-USD,0.0,2021-12-31,2024-08-06,949,100.0,100.0,0.0,-98.31194974156209,0.0,0.0,,,0,0,0,0.0,,,,,,,,,,,,,
700,VELO-USD,0.0,2021-12-31,2024-08-06,949,100.0,100.0,0.0,-93.17264404543725,0.0,0.0,,,0,0,0,0.0,,,,,,,,,,,,,
701,VEMP-USD,0.0,2021-12-31,2024-08-06,949,100.0,100.0,0.0,-98.64677291558873,0.0,0.0,,,0,0,0,0.0,,,,,,,,,,,,,
702,VENOM-USD,0.0,2024-03-24,2024-08-06,135,100.0,100.0,0.0,-76.00792450480792,0.0,0.0,,,0,0,0,0.0,,,,,,,,,,,,,
703,VERSE-USD,0.0,2021-12-31,2024-08-06,949,100.0,100.0,0.0,-99.43124488590152,0.0,0.0,,,0,0,0,0.0,,,,,,,,,,,,,
704,VET-USD,0.0,2021-12-31,2024-08-06,949,100.0,100.0,0.0,-73.89553893933159,0.0,0.0,,,0,0,0,0.0,,,,,,,,,,,,,
705,VIDT-USD,0.0,2021-12-31,2022-12-05,340 days 00:00:00,100.0,100.0,0.0,-95.46261304966356,0.0,0.0,,,0,0,0,0.0,,,,,,,,,,inf,,inf,inf
706,VINU-USD,0.0,2021-12-31,2024-08-06,882,100.0,100.0,0.0,,0.0,0.0,,,0,0,0,0.0,,,,,,,,,,,,,
707,VISION-USD,0.0,2021-12-31,2024-08-06,949,100.0,100.0,0.0,-89.34928783028603,0.0,0.0,,,0,0,0,0.0,,,,,,,,,,,,,
708,VOLT-USD,0.0,2021-12-31,2024-08-06,949,100.0,100.0,0.0,17.382839539348115,0.0,0.0,,,0,0,0,0.0,,,,,,,,,,,,,
709,VOXEL-USD,0.0,2021-12-31,2024-08-06,949,100.0,100.0,0.0,-96.99370925831168,0.0,0.0,,,0,0,0,0.0,,,,,,,,,,,,,
710,VR-USD,0.0,2021-12-31,2024-08-06,949,100.0,100.0,0.0,-98.42984652652108,0.0,0.0,,,0,0,0,0.0,,,,,,,,,,,,,
711,VRA-USD,0.0,2021-12-31,2024-08-06,949,100.0,100.0,0.0,-92.34025644640613,0.0,0.0,,,0,0,0,0.0,,,,,,,,,,,,,
737,XAVA-USD,0.0,2021-12-31,2024-08-06,949,100.0,100.0,0.0,-96.23168438766369,0.0,0.0,,,0,0,0,0.0,,,,,,,,,,,,,
738,XCAD-USD,0.0,2021-12-31,2024-08-06,949,100.0,100.0,0.0,-95.52810722494188,0.0,0.0,,,0,0,0,0.0,,,,,,,,,,,,,
739,XCH-USD,0.0,2021-12-31,2024-08-06,949,100.0,100.0,0.0,-85.23248922231869,0.0,0.0,,,0,0,0,0.0,,,,,,,,,,,,,
740,XCN-USD,0.0,2021-12-31,2024-08-06,949,100.0,100.0,0.0,17.382839539348225,0.0,0.0,,,0,0,0,0.0,,,,,,,,,,,,,
765,YFI-USD,0.0,2021-12-31,2024-08-06,949,100.0,100.0,0.0,-86.34085902286263,0.0,0.0,,,0,0,0,0.0,,,,,,,,,,,,,
766,YGG-USD,0.0,2021-12-31,2024-08-06,949,100.0,100.0,0.0,-94.28440226175937,0.0,0.0,,,0,0,0,0.0,,,,,,,,,,,,,
767,ZBCN-USD,0.0,2024-04-05,2024-08-06,122,100.0,100.0,0.0,-97.41268676406247,0.0,0.0,,,0,0,0,0.0,,,,,,,,,,,,,
768,ZCX-USD,0.0,2021-12-31,2024-08-06,949,100.0,100.0,0.0,-97.80932749895229,0.0,0.0,,,0,0,0,0.0,,,,,,,,,,,,,
769,ZEC-USD,0.0,2021-12-31,2024-08-06,949,100.0,100.0,0.0,-78.8213720919654,0.0,0.0,,,0,0,0,0.0,,,,,,,,,,,,,
770,ZEE-USD,0.0,2021-12-31,2024-08-06,949,100.0,100.0,0.0,-95.58232573005063,0.0,0.0,,,0,0,0,0.0,,,,,,,,,,,,,
771,ZELIX-USD,0.0,2023-11-11,2024-08-06,268,100.0,100.0,0.0,-73.07642383426918,0.0,0.0,,,0,0,0,0.0,,,,,,,,,,,,,
772,ZEN-USD,0.0,2021-12-31,2024-08-06,949,100.0,100.0,0.0,-87.8517419817247,0.0,0.0,,,0,0,0,0.0,,,,,,,,,,,,,
773,ZEND-USD,0.0,2024-03-13,2024-08-06,146,100.0,100.0,0.0,-94.73772627753854,0.0,0.0,,,0,0,0,0.0,,,,,,,,,,,,,
774,ZERC-USD,0.0,2024-05-11,2024-08-06,87,100.0,100.0,0.0,-44.949597009070395,0.0,0.0,,,0,0,0,0.0,,,,,,,,,,,,,
775,ZERO-USD,0.0,2021-12-31,2023-08-23,601 days 00:00:00,100.0,100.0,0.0,-94.62510081141777,0.0,0.0,,,0,0,0,0.0,,,,,,,,,,inf,,inf,inf
776,ZETA-USD,0.0,2023-11-28,2024-08-06,251,100.0,100.0,0.0,10125.396197955684,0.0,0.0,,,0,0,0,0.0,,,,,,,,,,,,,
777,ZEUS-USD,0.0,2021-12-31,2022-04-01,38,100.0,100.0,0.0,0.0,0.0,0.0,,,0,0,0,0.0,,,,,,,,,,,,,
778,ZEX-USD,0.0,2024-06-30,2024-08-06,37,100.0,100.0,0.0,-77.4673769116704,0.0,0.0,,,0,0,0,0.0,,,,,,,,,,,,,
779,ZIL-USD,0.0,2021-12-31,2024-08-06,949,100.0,100.0,0.0,-82.94471906483628,0.0,0.0,,,0,0,0,0.0,,,,,,,,,,,,,
780,ZK-USD,0.0,2022-03-20,2022-05-22,64 days 00:00:00,100.0,100.0,0.0,-45.771944475984384,0.0,0.0,,,0,0,0,0.0,,,,,,,,,,inf,,inf,inf
781,ZKF-USD,0.0,2024-01-02,2024-08-06,217,100.0,100.0,0.0,-92.6002820344906,0.0,0.0,,,0,0,0,0.0,,,,,,,,,,,,,
782,ZKJ-USD,0.0,2024-06-11,2024-08-06,56,100.0,100.0,0.0,15.373639936344397,0.0,0.0,,,0,0,0,0.0,,,,,,,,,,,,,
783,ZKL-USD,0.0,2023-05-28,2024-08-06,32,100.0,100.0,0.0,250.2721376581358,0.0,0.0,,,0,0,0,0.0,,,,,,,,,,,,,
784,ZPAY-USD,0.0,2021-12-31,2024-08-06,949,100.0,100.0,0.0,-85.11415146426795,0.0,0.0,,,0,0,0,0.0,,,,,,,,,,,,,
785,ZRO-USD,0.0,2022-08-13,2023-05-04,265 days 00:00:00,100.0,100.0,0.0,-30.09803540007354,0.0,0.0,,,0,0,0,0.0,,,,,,,,,,inf,,inf,inf
764,XYO-USD,0.0,2021-12-31,2024-08-06,949,100.0,100.0,0.0,-85.88018482057869,0.0,0.0,,,0,0,0,0.0,,,,,,,,,,,,,
763,XYM-USD,0.0,2021-12-31,2024-08-06,949,100.0,100.0,0.0,-92.29595033199475,0.0,0.0,,,0,0,0,0.0,,,,,,,,,,,,,
762,XWG-USD,0.0,2021-12-31,2024-08-06,949,100.0,100.0,0.0,-99.50556017844411,0.0,0.0,,,0,0,0,0.0,,,,,,,,,,,,,
750,XLM-USD,0.0,2021-12-31,2024-08-06,949,100.0,100.0,0.0,-66.64433303452113,0.0,0.0,,,0,0,0,0.0,,,,,,,,,,,,,
741,XCUR-USD,0.0,2021-12-31,2024-08-06,949,100.0,100.0,0.0,-99.64008826021985,0.0,0.0,,,0,0,0,0.0,,,,,,,,,,,,,
742,XCV-USD,0.0,2021-12-31,2024-08-06,949,100.0,100.0,0.0,-99.69666750330452,0.0,0.0,,,0,0,0,0.0,,,,,,,,,,,,,
743,XDB-USD,0.0,2021-12-31,2024-08-06,949,100.0,100.0,0.0,-99.93427345703793,0.0,0.0,,,0,0,0,0.0,,,,,,,,,,,,,
744,XDC-USD,0.0,2021-12-31,2024-08-06,949,100.0,100.0,0.0,-76.69313961482189,0.0,0.0,,,0,0,0,0.0,,,,,,,,,,,,,
745,XDEFI-USD,0.0,2021-12-31,2024-08-06,949,100.0,100.0,0.0,-92.46265270111127,0.0,0.0,,,0,0,0,0.0,,,,,,,,,,,,,
746,XEC-USD,0.0,2021-12-31,2024-08-06,949,100.0,100.0,0.0,-72.50021083739523,0.0,0.0,,,0,0,0,0.0,,,,,,,,,,,,,
747,XEM-USD,0.0,2021-12-31,2024-08-06,949,100.0,100.0,0.0,-83.26174438355181,0.0,0.0,,,0,0,0,0.0,,,,,,,,,,,,,
748,XEN-USD,0.0,2022-10-08,2024-08-06,668,100.0,100.0,0.0,,0.0,0.0,,,0,0,0,0.0,,,,,,,,,,,,,
749,XETA-USD,0.0,2021-12-31,2022-05-13,134 days 00:00:00,100.0,100.0,0.0,-39.09721962473436,0.0,0.0,,,0,0,0,0.0,,,,,,,,,,inf,,inf,inf
751,XMR-USD,0.0,2021-12-31,2024-08-06,949,100.0,100.0,0.0,-41.21152648035851,0.0,0.0,,,0,0,0,0.0,,,,,,,,,,,,,
761,XTZ-USD,0.0,2021-12-31,2024-08-06,949,100.0,100.0,0.0,-86.434080991965,0.0,0.0,,,0,0,0,0.0,,,,,,,,,,,,,
752,XNL-USD,0.0,2021-12-31,2024-08-06,949,100.0,100.0,0.0,-98.4153002120618,0.0,0.0,,,0,0,0,0.0,,,,,,,,,,,,,
753,XNO-USD,0.0,2021-12-31,2024-08-06,949,100.0,100.0,0.0,-78.21833362754711,0.0,0.0,,,0,0,0,0.0,,,,,,,,,,,,,
754,XPR-USD,0.0,2021-12-31,2024-08-06,949,100.0,100.0,0.0,-95.4745815561308,0.0,0.0,,,0,0,0,0.0,,,,,,,,,,,,,
755,XPRT-USD,0.0,2021-12-31,2024-08-06,949,100.0,100.0,0.0,-96.58112693026285,0.0,0.0,,,0,0,0,0.0,,,,,,,,,,,,,
756,XR-USD,0.0,2024-08-06,2024-08-06,1,100.0,100.0,0.0,0.0,0.0,0.0,,,0,0,0,0.0,,,,,,,,,,,,,
757,XRD-USD,0.0,2021-12-31,2024-08-06,949,100.0,100.0,0.0,-90.60829635703763,0.0,0.0,,,0,0,0,0.0,,,,,,,,,,,,,
758,XRP-USD,0.0,2021-12-31,2024-08-06,949,100.0,100.0,0.0,-40.85754932280364,0.0,0.0,,,0,0,0,0.0,,,,,,,,,,,,,
759,XTAG-USD,0.0,2021-12-31,2024-08-06,949,100.0,100.0,0.0,-98.18619956500184,0.0,0.0,,,0,0,0,0.0,,,,,,,,,,,,,
760,XTM-USD,0.0,2021-12-31,2024-08-06,949,100.0,100.0,0.0,-96.09601460911094,0.0,0.0,,,0,0,0,0.0,,,,,,,,,,,,,
690,USDE-USD,0.0,2023-02-14,2024-08-06,364,100.0,100.0,0.0,0.3663314135396334,0.0,0.0,,,0,0,0,0.0,,,,,,,,,,,,,
689,USDD-USD,0.0,2022-05-01,2024-08-06,828,100.0,100.0,0.0,-1.2248658526267775,0.0,0.0,,,0,0,0,0.0,,,,,,,,,,,,,
688,USDC-USD,0.0,2021-12-31,2024-08-06,949,100.0,100.0,0.0,-0.0015615089708598262,0.0,0.0,,,0,0,0,0.0,,,,,,,,,,,,,
639,SYS-USD,0.0,2021-12-31,2024-08-06,949,100.0,100.0,0.0,-93.96722260712555,0.0,0.0,,,0,0,0,0.0,,,,,,,,,,,,,
617,STG-USD,0.0,2022-02-01,2022-02-01,1,100.0,100.0,0.0,0.0,0.0,0.0,,,0,0,0,0.0,,,,,,,,,,,,,
618,STND-USD,0.0,2021-12-31,2024-08-06,949,100.0,100.0,0.0,-95.51559272657076,0.0,0.0,,,0,0,0,0.0,,,,,,,,,,,,,
619,STORE-USD,0.0,2022-01-25,2024-08-06,924,100.0,100.0,0.0,-93.1253855776661,0.0,0.0,,,0,0,0,0.0,,,,,,,,,,,,,
620,STORJ-USD,0.0,2021-12-31,2024-08-06,949,100.0,100.0,0.0,-78.43698793645204,0.0,0.0,,,0,0,0,0.0,,,,,,,,,,,,,
621,STRAX-USD,0.0,2021-12-31,2024-08-06,949,100.0,100.0,0.0,-97.11348750401618,0.0,0.0,,,0,0,0,0.0,,,,,,,,,,,,,
622,STRK-USD,0.0,2021-12-31,2024-08-06,949,100.0,100.0,0.0,-86.26360267346519,0.0,0.0,,,0,0,0,0.0,,,,,,,,,,,,,
623,STX-USD,0.0,2021-12-31,2024-08-06,949,100.0,100.0,0.0,-99.76413673087173,0.0,0.0,,,0,0,0,0.0,,,,,,,,,,,,,
624,SUI-USD,0.0,2022-03-17,2024-06-03,810 days 00:00:00,100.0,100.0,0.0,-96.98098017174347,0.0,0.0,,,0,0,0,0.0,,,,,,,,,,inf,,inf,inf
625,SUIA-USD,0.0,2023-05-17,2024-08-06,444,100.0,100.0,0.0,-80.76962212733892,0.0,0.0,,,0,0,0,0.0,,,,,,,,,,,,,
626,SUIP-USD,0.0,2023-05-10,2024-08-06,451,100.0,100.0,0.0,-92.18693310926007,0.0,0.0,,,0,0,0,0.0,,,,,,,,,,,,,
627,SUKU-USD,0.0,2021-12-31,2024-08-06,949,100.0,100.0,0.0,-89.7177580048378,0.0,0.0,,,0,0,0,0.0,,,,,,,,,,,,,
628,SUN-USD,0.0,2021-12-31,2024-08-06,949,100.0,100.0,0.0,-61.48956805089607,0.0,0.0,,,0,0,0,0.0,,,,,,,,,,,,,
629,SUPER-USD,0.0,2021-12-31,2022-09-11,255 days 00:00:00,100.0,100.0,0.0,-86.02375950562919,0.0,0.0,,,0,0,0,0.0,,,,,,,,,,inf,,inf,inf
630,SUSHI-USD,0.0,2021-12-31,2024-08-06,949,100.0,100.0,0.0,-94.1987256033873,0.0,0.0,,,0,0,0,0.0,,,,,,,,,,,,,
631,SUTER-USD,0.0,2021-12-31,2024-08-06,949,100.0,100.0,0.0,-96.68918742786484,0.0,0.0,,,0,0,0,0.0,,,,,,,,,,,,,
632,SWASH-USD,0.0,2021-12-31,2024-08-06,949,100.0,100.0,0.0,-94.81034924479576,0.0,0.0,,,0,0,0,0.0,,,,,,,,,,,,,
633,SWEAT-USD,0.0,2022-09-11,2024-08-06,695,100.0,100.0,0.0,-99.40231178903117,0.0,0.0,,,0,0,0,0.0,,,,,,,,,,,,,
634,SWFTC-USD,0.0,2021-12-31,2024-08-06,949,100.0,100.0,0.0,110.7814177613248,0.0,0.0,,,0,0,0,0.0,,,,,,,,,,,,,
635,SXP-USD,0.0,2021-12-31,2024-08-06,949,100.0,100.0,0.0,-91.24709414274716,0.0,0.0,,,0,0,0,0.0,,,,,,,,,,,,,
636,SYLO-USD,0.0,2021-12-31,2024-08-06,949,100.0,100.0,0.0,-86.12679074587967,0.0,0.0,,,0,0,0,0.0,,,,,,,,,,,,,
637,SYN-USD,0.0,2021-12-31,2022-01-20,21 days 00:00:00,100.0,100.0,0.0,-24.914111296780394,0.0,0.0,,,0,0,0,0.0,,,,,,,,,,inf,,inf,inf
616,STAMP-USD,0.0,2024-03-03,2024-08-06,156,100.0,100.0,0.0,-79.42441011905132,0.0,0.0,,,0,0,0,0.0,,,,,,,,,,,,,
615,SSV-USD,0.0,2021-12-31,2024-08-06,949,100.0,100.0,0.0,81.35814745179056,0.0,0.0,,,0,0,0,0.0,,,,,,,,,,,,,
614,SRBP-USD,0.0,2022-09-04,2024-08-06,702,100.0,100.0,0.0,-99.99334909157929,0.0,0.0,,,0,0,0,0.0,,,,,,,,,,,,,
602,SMH-USD,0.0,2024-03-11,2024-08-06,148,100.0,100.0,0.0,-82.61912889143792,0.0,0.0,,,0,0,0,0.0,,,,,,,,,,,,,
593,SIDUS-USD,0.0,2021-12-31,2024-08-06,949,100.0,100.0,0.0,-98.64033684095774,0.0,0.0,,,0,0,0,0.0,,,,,,,,,,,,,
594,SILLY-USD,0.0,2023-12-20,2024-08-06,230,100.0,100.0,0.0,-90.80359957389274,0.0,0.0,,,0,0,0,0.0,,,,,,,,,,,,,
595,SIMP-USD,0.0,2021-12-31,2022-05-30,118,100.0,100.0,0.0,-100.0,0.0,0.0,,,0,0,0,0.0,,,,,,,,,,,,,
596,SIN-USD,0.0,2021-12-31,2023-06-08,525 days 00:00:00,100.0,100.0,0.0,-87.55718250012745,0.0,0.0,,,0,0,0,0.0,,,,,,,,,,inf,,inf,inf
597,SKEY-USD,0.0,2021-12-31,2024-08-06,949,100.0,100.0,0.0,-58.937860663665276,0.0,0.0,,,0,0,0,0.0,,,,,,,,,,,,,
598,SKL-USD,0.0,2021-12-31,2024-08-06,949,100.0,100.0,0.0,-83.67084294432546,0.0,0.0,,,0,0,0,0.0,,,,,,,,,,,,,
599,SLIM-USD,0.0,2021-12-31,2024-08-06,949,100.0,100.0,0.0,-93.93602958174198,0.0,0.0,,,0,0,0,0.0,,,,,,,,,,,,,
600,SLN-USD,0.0,2024-02-22,2024-08-06,166,100.0,100.0,0.0,-92.47114852797644,0.0,0.0,,,0,0,0,0.0,,,,,,,,,,,,,
601,SLP-USD,0.0,2021-12-31,2024-08-06,949,100.0,100.0,0.0,-91.95004379632712,0.0,0.0,,,0,0,0,0.0,,,,,,,,,,,,,
603,SMOLE-USD,0.0,2024-03-20,2024-08-06,139,100.0,100.0,0.0,-82.98304091238175,0.0,0.0,,,0,0,0,0.0,,,,,,,,,,,,,
613,SQR-USD,0.0,2024-01-11,2024-08-06,208,100.0,100.0,0.0,-78.03955008438346,0.0,0.0,,,0,0,0,0.0,,,,,,,,,,,,,
604,SNS-USD,0.0,2022-01-30,2024-08-06,919,100.0,100.0,0.0,-90.75958392754096,0.0,0.0,,,0,0,0,0.0,,,,,,,,,,,,,
605,SNX-USD,0.0,2021-12-31,2024-08-06,949,100.0,100.0,0.0,-78.5396547743985,0.0,0.0,,,0,0,0,0.0,,,,,,,,,,,,,
606,SOL-USD,0.0,2021-12-31,2024-08-06,949,100.0,100.0,0.0,-19.341344717211705,0.0,0.0,,,0,0,0,0.0,,,,,,,,,,,,,
607,SOLVE-USD,0.0,2021-12-31,2024-08-06,949,100.0,100.0,0.0,-92.70704176462559,0.0,0.0,,,0,0,0,0.0,,,,,,,,,,,,,
608,SON-USD,0.0,2021-12-31,2022-10-29,297,100.0,100.0,0.0,0.0,0.0,0.0,,,0,0,0,0.0,,,,,,,,,,,,,
609,SOUL-USD,0.0,2021-12-31,2024-08-06,949,100.0,100.0,0.0,-97.92356953486916,0.0,0.0,,,0,0,0,0.0,,,,,,,,,,,,,
610,SPA-USD,0.0,2021-12-31,2024-08-06,949,100.0,100.0,0.0,-92.56274297256697,0.0,0.0,,,0,0,0,0.0,,,,,,,,,,,,,
611,SPOT-USD,0.0,2022-12-24,2024-08-06,591,100.0,100.0,0.0,0.04199204077461882,0.0,0.0,,,0,0,0,0.0,,,,,,,,,,,,,
612,SQD-USD,0.0,2024-05-16,2024-08-06,82,100.0,100.0,0.0,-66.76356563737572,0.0,0.0,,,0,0,0,0.0,,,,,,,,,,,,,
638,SYNT-USD,0.0,2024-08-06,2024-08-06,1,100.0,100.0,0.0,0.0,0.0,0.0,,,0,0,0,0.0,,,,,,,,,,,,,
640,T-USD,0.0,2022-02-09,2024-08-06,909,100.0,100.0,0.0,-86.56667761851844,0.0,0.0,,,0,0,0,0.0,,,,,,,,,,,,,
687,UQC-USD,0.0,2021-12-31,2024-08-06,949,100.0,100.0,0.0,-55.682068378267566,0.0,0.0,,,0,0,0,0.0,,,,,,,,,,,,,
641,TADA-USD,0.0,2024-02-19,2024-08-06,169,100.0,100.0,0.0,-84.81664988401701,0.0,0.0,,,0,0,0,0.0,,,,,,,,,,,,,
666,TRUF-USD,0.0,2024-04-08,2024-08-06,120,100.0,100.0,0.0,-81.1489615728902,0.0,0.0,,,0,0,0,0.0,,,,,,,,,,,,,
667,TRVL-USD,0.0,2021-12-31,2024-08-06,949,100.0,100.0,0.0,-90.77539374544594,0.0,0.0,,,0,0,0,0.0,,,,,,,,,,,,,
668,TRX-USD,0.0,2021-12-31,2024-08-06,949,100.0,100.0,0.0,61.37672843552362,0.0,0.0,,,0,0,0,0.0,,,,,,,,,,,,,
669,TST-USD,0.0,2021-12-31,2022-10-02,276 days 00:00:00,100.0,100.0,0.0,-53.285561138555046,0.0,0.0,,,0,0,0,0.0,,,,,,,,,,inf,,inf,inf
670,TSUGT-USD,0.0,2023-09-20,2024-08-06,321,100.0,100.0,0.0,-86.0389346545345,0.0,0.0,,,0,0,0,0.0,,,,,,,,,,,,,
671,TT-USD,0.0,2021-12-31,2024-08-06,949,100.0,100.0,0.0,-69.65465457793938,0.0,0.0,,,0,0,0,0.0,,,,,,,,,,,,,
672,TUNE-USD,0.0,2021-12-31,2023-08-23,601 days 00:00:00,100.0,100.0,0.0,-97.75280910817747,0.0,0.0,,,0,0,0,0.0,,,,,,,,,,inf,,inf,inf
673,TURBOS-USD,0.0,2023-05-14,2024-08-06,447,100.0,100.0,0.0,-81.37514122092104,0.0,0.0,,,0,0,0,0.0,,,,,,,,,,,,,
674,TURT-USD,0.0,2021-12-31,2022-10-07,280,100.0,100.0,0.0,-99.99187546523851,0.0,0.0,,,0,0,0,0.0,,,,,,,,,,,,,
675,TUSD-USD,0.0,2021-12-31,2024-08-06,949,100.0,100.0,0.0,0.1522647525084686,0.0,0.0,,,0,0,0,0.0,,,,,,,,,,,,,
676,TWT-USD,0.0,2021-12-31,2024-08-06,949,100.0,100.0,0.0,16.614389272950536,0.0,0.0,,,0,0,0,0.0,,,,,,,,,,,,,
677,UFO-USD,0.0,2021-12-31,2024-08-06,949,100.0,100.0,0.0,-94.89593284438162,0.0,0.0,,,0,0,0,0.0,,,,,,,,,,,,,
678,ULTI-USD,0.0,2021-12-31,2023-09-30,583,100.0,100.0,0.0,-100.0,0.0,0.0,,,0,0,0,0.0,,,,,,,,,,,,,
679,UMA-USD,0.0,2021-12-31,2024-08-06,949,100.0,100.0,0.0,-78.88589500815047,0.0,0.0,,,0,0,0,0.0,,,,,,,,,,,,,
680,UNA-USD,0.0,2024-06-11,2024-08-06,56,100.0,100.0,0.0,-79.06253697984971,0.0,0.0,,,0,0,0,0.0,,,,,,,,,,,,,
681,UNB-USD,0.0,2021-12-31,2024-08-06,949,100.0,100.0,0.0,-98.19105656730088,0.0,0.0,,,0,0,0,0.0,,,,,,,,,,,,,
682,UNFI-USD,0.0,2021-12-31,2024-08-06,949,100.0,100.0,0.0,-68.5873527609697,0.0,0.0,,,0,0,0,0.0,,,,,,,,,,,,,
683,UNI-USD,0.0,2021-12-31,2024-08-06,949,100.0,100.0,0.0,-21.658638520804463,0.0,0.0,,,0,0,0,0.0,,,,,,,,,,,,,
684,UNO-USD,0.0,2021-12-31,2024-08-06,949,100.0,100.0,0.0,-93.7281633546319,0.0,0.0,,,0,0,0,0.0,,,,,,,,,,,,,
685,UOS-USD,0.0,2021-12-31,2024-08-06,949,100.0,100.0,0.0,-95.09484990982632,0.0,0.0,,,0,0,0,0.0,,,,,,,,,,,,,
686,UPO-USD,0.0,2022-04-06,2024-08-06,853,100.0,100.0,0.0,-96.58387031046712,0.0,0.0,,,0,0,0,0.0,,,,,,,,,,,,,
665,TRU-USD,0.0,2021-12-31,2024-08-06,949,100.0,100.0,0.0,-71.0765864190482,0.0,0.0,,,0,0,0,0.0,,,,,,,,,,,,,
664,TRIBL-USD,0.0,2022-10-12,2024-08-06,664,100.0,100.0,0.0,-40.4423956144407,0.0,0.0,,,0,0,0,0.0,,,,,,,,,,,,,
663,TRIAS-USD,0.0,2021-12-31,2024-08-06,949,100.0,100.0,0.0,-37.35764490687868,0.0,0.0,,,0,0,0,0.0,,,,,,,,,,,,,
651,TIME-USD,0.0,2021-12-31,2024-08-06,949,100.0,100.0,0.0,-91.34562856232446,0.0,0.0,,,0,0,0,0.0,,,,,,,,,,,,,
642,TAIKO-USD,0.0,2024-06-04,2024-08-06,63,100.0,100.0,0.0,-27.00193588497788,0.0,0.0,,,0,0,0,0.0,,,,,,,,,,,,,
643,TAO-USD,0.0,2022-03-13,2022-03-13,1,100.0,100.0,0.0,0.0,0.0,0.0,,,0,0,0,0.0,,,,,,,,,,,,,
644,TARA-USD,0.0,2021-12-31,2024-08-06,949,100.0,100.0,0.0,-59.41697527020086,0.0,0.0,,,0,0,0,0.0,,,,,,,,,,,,,
645,TEL-USD,0.0,2021-12-31,2024-08-06,949,100.0,100.0,0.0,-86.16635626470784,0.0,0.0,,,0,0,0,0.0,,,,,,,,,,,,,
646,TENET-USD,0.0,2023-05-22,2024-08-06,438,100.0,100.0,0.0,-24.938241062984755,0.0,0.0,,,0,0,0,0.0,,,,,,,,,,,,,
647,TFUEL-USD,0.0,2021-12-31,2024-08-06,949,100.0,100.0,0.0,-73.07421543984157,0.0,0.0,,,0,0,0,0.0,,,,,,,,,,,,,
648,THETA-USD,0.0,2021-12-31,2024-08-06,949,100.0,100.0,0.0,-77.85962095207537,0.0,0.0,,,0,0,0,0.0,,,,,,,,,,,,,
649,TIA-USD,0.0,2022-02-27,2024-08-06,891,100.0,100.0,0.0,-98.3498311987605,0.0,0.0,,,0,0,0,0.0,,,,,,,,,,,,,
650,TIDAL-USD,0.0,2021-12-31,2024-08-06,949,100.0,100.0,0.0,-95.73451452729867,0.0,0.0,,,0,0,0,0.0,,,,,,,,,,,,,
652,TLM-USD,0.0,2021-12-31,2024-08-06,949,100.0,100.0,0.0,-96.15710307196707,0.0,0.0,,,0,0,0,0.0,,,,,,,,,,,,,
662,TRB-USD,0.0,2021-12-31,2024-08-06,949,100.0,100.0,0.0,61.51658780092595,0.0,0.0,,,0,0,0,0.0,,,,,,,,,,,,,
653,TLOS-USD,0.0,2021-12-31,2024-08-06,949,100.0,100.0,0.0,-76.79340399166766,0.0,0.0,,,0,0,0,0.0,,,,,,,,,,,,,
654,TNSR-USD,0.0,2024-04-07,2024-08-06,121,100.0,100.0,0.0,-79.33541106126005,0.0,0.0,,,0,0,0,0.0,,,,,,,,,,,,,
655,TOKEN-USD,0.0,2022-06-08,2022-06-08,1,100.0,100.0,0.0,0.0,0.0,0.0,,,0,0,0,0.0,,,,,,,,,,,,,
656,TOKO-USD,0.0,2021-12-31,2024-08-06,949,100.0,100.0,0.0,-98.38880944571444,0.0,0.0,,,0,0,0,0.0,,,,,,,,,,,,,
657,TOMI-USD,0.0,2021-12-31,2022-04-22,113 days 00:00:00,100.0,100.0,0.0,-91.60880791263956,0.0,0.0,,,0,0,0,0.0,,,,,,,,,,inf,,inf,inf
658,TON-USD,0.0,2021-12-31,2024-08-06,949,100.0,100.0,0.0,-81.77042159349995,0.0,0.0,,,0,0,0,0.0,,,,,,,,,,,,,
659,TOWER-USD,0.0,2021-12-31,2024-08-06,949,100.0,100.0,0.0,-95.73840744451518,0.0,0.0,,,0,0,0,0.0,,,,,,,,,,,,,
660,TRAC-USD,0.0,2021-12-31,2024-08-06,949,100.0,100.0,0.0,-60.871088180798424,0.0,0.0,,,0,0,0,0.0,,,,,,,,,,,,,
661,TRADE-USD,0.0,2021-12-31,2023-09-06,615 days 00:00:00,100.0,100.0,0.0,-87.91971028038995,0.0,0.0,,,0,0,0,0.0,,,,,,,,,,inf,,inf,inf
395,LYX-USD,0.0,2023-07-23,2024-08-06,377,100.0,100.0,0.0,-79.48947925139672,0.0,0.0,,,0,0,0,0.0,,,,,,,,,,,,,
393,LUNC-USD,0.0,2021-12-31,2024-08-06,949,100.0,100.0,0.0,-99.99992676561659,0.0,0.0,,,0,0,0,0.0,,,,,,,,,,,,,
1,1INCH-USD,0.0,2021-12-31,2024-08-06,949,100.0,100.0,0.0,-89.75794509013446,0.0,0.0,,,0,0,0,0.0,,,,,,,,,,,,,
123,CETUS-USD,0.0,2023-05-09,2024-08-06,452,100.0,100.0,0.0,-63.05137052288663,0.0,0.0,,,0,0,0,0.0,,,,,,,,,,,,,
125,CFX-USD,0.0,2021-12-31,2024-08-06,949,100.0,100.0,0.0,-41.09703923309009,0.0,0.0,,,0,0,0,0.0,,,,,,,,,,,,,
126,CGPT-USD,0.0,2023-04-09,2024-08-06,485,100.0,100.0,0.0,-28.298014350226243,0.0,0.0,,,0,0,0,0.0,,,,,,,,,,,,,
127,CHMB-USD,0.0,2021-12-31,2024-08-06,949,100.0,100.0,0.0,-99.75723508631617,0.0,0.0,,,0,0,0,0.0,,,,,,,,,,,,,
128,CHR-USD,0.0,2021-12-31,2024-08-06,949,100.0,100.0,0.0,-82.7004511077502,0.0,0.0,,,0,0,0,0.0,,,,,,,,,,,,,
129,CHZ-USD,0.0,2021-12-31,2024-08-06,949,100.0,100.0,0.0,-82.1040558837986,0.0,0.0,,,0,0,0,0.0,,,,,,,,,,,,,
130,CIRUS-USD,0.0,2021-12-31,2024-08-06,949,100.0,100.0,0.0,-98.28311866055995,0.0,0.0,,,0,0,0,0.0,,,,,,,,,,,,,
131,CKB-USD,0.0,2021-12-31,2024-08-06,949,100.0,100.0,0.0,-66.94159555744243,0.0,0.0,,,0,0,0,0.0,,,,,,,,,,,,,
132,CLH-USD,0.0,2022-01-09,2024-08-06,940,100.0,100.0,0.0,-99.8561086174297,0.0,0.0,,,0,0,0,0.0,,,,,,,,,,,,,
133,CLV-USD,0.0,2021-12-31,2024-08-06,949,100.0,100.0,0.0,-95.04676649108029,0.0,0.0,,,0,0,0,0.0,,,,,,,,,,,,,
134,COMBO-USD,0.0,2021-12-31,2024-08-06,949,100.0,100.0,0.0,-0.17412652160611053,0.0,0.0,,,0,0,0,0.0,,,,,,,,,,,,,
135,COMP-USD,0.0,2021-12-31,2022-01-14,13,100.0,100.0,0.0,0.0,0.0,0.0,,,0,0,0,0.0,,,,,,,,,,,,,
136,COOKIE-USD,0.0,2022-10-21,2023-11-27,403 days 00:00:00,100.0,100.0,0.0,-99.80595085497662,0.0,0.0,,,0,0,0,0.0,,,,,,,,,,inf,,inf,inf
137,COQ-USD,0.0,2023-12-10,2024-08-06,240,100.0,100.0,0.0,0.0,0.0,0.0,,,0,0,0,0.0,,,,,,,,,,,,,
138,COTI-USD,0.0,2021-12-31,2024-08-06,949,100.0,100.0,0.0,-79.50487674145754,0.0,0.0,,,0,0,0,0.0,,,,,,,,,,,,,
139,CPOOL-USD,0.0,2021-12-31,2024-08-06,949,100.0,100.0,0.0,-88.65026578026598,0.0,0.0,,,0,0,0,0.0,,,,,,,,,,,,,
140,CREAM-USD,0.0,2021-12-31,2024-08-06,949,100.0,100.0,0.0,-34.38016149052502,0.0,0.0,,,0,0,0,0.0,,,,,,,,,,,,,
141,CREDI-USD,0.0,2021-12-31,2024-08-06,949,100.0,100.0,0.0,-57.89318035488825,0.0,0.0,,,0,0,0,0.0,,,,,,,,,,,,,
142,CRO-USD,0.0,2021-12-31,2024-08-06,949,100.0,100.0,0.0,-86.39735156325186,0.0,0.0,,,0,0,0,0.0,,,,,,,,,,,,,
143,CRPT-USD,0.0,2021-12-31,2024-08-06,949,100.0,100.0,0.0,-73.009617369021,0.0,0.0,,,0,0,0,0.0,,,,,,,,,,,,,
144,CRV-USD,0.0,2021-12-31,2024-08-06,949,100.0,100.0,0.0,-96.31658576196477,0.0,0.0,,,0,0,0,0.0,,,,,,,,,,,,,
145,CSIX-USD,0.0,2023-02-17,2024-08-06,536,100.0,100.0,0.0,-92.02147356518279,0.0,0.0,,,0,0,0,0.0,,,,,,,,,,,,,
124,CFG-USD,0.0,2021-12-31,2024-08-06,949,100.0,100.0,0.0,-61.95672367747389,0.0,0.0,,,0,0,0,0.0,,,,,,,,,,,,,
122,CERE-USD,0.0,2021-12-31,2024-08-06,949,100.0,100.0,0.0,-95.82730552166828,0.0,0.0,,,0,0,0,0.0,,,,,,,,,,,,,
196,DYM-USD,0.0,2024-01-28,2024-08-06,191,100.0,100.0,0.0,-74.5052008425509,0.0,0.0,,,0,0,0,0.0,,,,,,,,,,,,,
121,CELR-USD,0.0,2021-12-31,2024-08-06,949,100.0,100.0,0.0,-87.12586669112726,0.0,0.0,,,0,0,0,0.0,,,,,,,,,,,,,
100,BONDLY-USD,0.0,2021-12-31,2024-08-06,949,100.0,100.0,0.0,-97.83083828393715,0.0,0.0,,,0,0,0,0.0,,,,,,,,,,,,,
101,BONK-USD,0.0,2022-12-29,2024-08-06,586,100.0,100.0,0.0,0.0,0.0,0.0,,,0,0,0,0.0,,,,,,,,,,,,,
102,BOSON-USD,0.0,2021-12-31,2024-08-06,949,100.0,100.0,0.0,-85.13946129399243,0.0,0.0,,,0,0,0,0.0,,,,,,,,,,,,,
103,BRAWL-USD,0.0,2021-12-31,2022-06-06,158 days 00:00:00,100.0,100.0,0.0,-83.52534541352563,0.0,0.0,,,0,0,0,0.0,,,,,,,,,,inf,,inf,inf
104,BRETT-USD,0.0,2023-05-01,2023-06-07,33,100.0,100.0,0.0,0.0,0.0,0.0,,,0,0,0,0.0,,,,,,,,,,,,,
105,BRISE-USD,0.0,2021-12-31,2024-08-06,949,100.0,100.0,0.0,0.0,0.0,0.0,,,0,0,0,0.0,,,,,,,,,,,,,
106,BRWL-USD,0.0,2022-03-29,2024-08-06,861,100.0,100.0,0.0,-94.92982852042601,0.0,0.0,,,0,0,0,0.0,,,,,,,,,,,,,
107,BSW-USD,0.0,2021-12-31,2024-08-06,949,100.0,100.0,0.0,-95.80990525588926,0.0,0.0,,,0,0,0,0.0,,,,,,,,,,,,,
108,BTC-USD,0.0,2021-12-31,2024-08-06,949,100.0,100.0,0.0,17.229966618129346,0.0,0.0,,,0,0,0,0.0,,,,,,,,,,,,,
109,BTCDOWN-USD,0.0,2021-12-31,2024-03-06,797 days 00:00:00,100.0,100.0,0.0,-90.43351949258846,0.0,0.0,,,0,0,0,0.0,,,,,,,,,,inf,,inf,inf
110,BTCUP-USD,0.0,2021-12-31,2024-03-06,797 days 00:00:00,100.0,100.0,0.0,-75.8718995754377,0.0,0.0,,,0,0,0,0.0,,,,,,,,,,inf,,inf,inf
111,BTT-USD,0.0,2021-12-31,2024-08-06,949,100.0,100.0,0.0,,0.0,0.0,,,0,0,0,0.0,,,,,,,,,,,,,
112,BULL-USD,0.0,2021-12-31,2022-06-15,167 days 00:00:00,100.0,100.0,0.0,-99.29078014719401,0.0,0.0,,,0,0,0,0.0,,,,,,,,,,inf,,inf,inf
113,BURGER-USD,0.0,2021-12-31,2024-08-06,949,100.0,100.0,0.0,-89.77993200675682,0.0,0.0,,,0,0,0,0.0,,,,,,,,,,,,,
114,C98-USD,0.0,2021-12-31,2024-08-06,949,100.0,100.0,0.0,-95.61149861964032,0.0,0.0,,,0,0,0,0.0,,,,,,,,,,,,,
115,CAKE-USD,0.0,2021-12-31,2024-08-06,949,100.0,100.0,0.0,-87.6532201482687,0.0,0.0,,,0,0,0,0.0,,,,,,,,,,,,,
116,CANDY-USD,0.0,2021-12-31,2022-10-08,193,100.0,100.0,0.0,,0.0,0.0,,,0,0,0,0.0,,,,,,,,,,,,,
117,CAS-USD,0.0,2021-12-31,2024-08-06,949,100.0,100.0,0.0,-80.16204762063646,0.0,0.0,,,0,0,0,0.0,,,,,,,,,,,,,
118,CCD-USD,0.0,2022-02-14,2024-08-06,904,100.0,100.0,0.0,-95.6028158382581,0.0,0.0,,,0,0,0,0.0,,,,,,,,,,,,,
119,CEEK-USD,0.0,2021-12-31,2024-08-06,949,100.0,100.0,0.0,-95.85529210945782,0.0,0.0,,,0,0,0,0.0,,,,,,,,,,,,,
120,CELO-USD,0.0,2021-12-31,2024-08-06,949,100.0,100.0,0.0,-91.59127275924507,0.0,0.0,,,0,0,0,0.0,,,,,,,,,,,,,
146,CSPR-USD,0.0,2021-12-31,2024-08-06,949,100.0,100.0,0.0,-87.75696551080706,0.0,0.0,,,0,0,0,0.0,,,,,,,,,,,,,
147,CTA-USD,0.0,2023-05-21,2023-05-31,11 days 00:00:00,100.0,100.0,0.0,-39.62264047333098,0.0,0.0,,,0,0,0,0.0,,,,,,,,,,inf,,inf,inf
148,CTC-USD,0.0,2021-12-31,2024-08-06,949,100.0,100.0,0.0,-82.36735243420048,0.0,0.0,,,0,0,0,0.0,,,,,,,,,,,,,
149,CTI-USD,0.0,2021-12-31,2024-08-06,949,100.0,100.0,0.0,-71.61577920190602,0.0,0.0,,,0,0,0,0.0,,,,,,,,,,,,,
174,DFI-USD,0.0,2021-12-31,2024-08-06,949,100.0,100.0,0.0,-99.35707774604411,0.0,0.0,,,0,0,0,0.0,,,,,,,,,,,,,
175,DFYN-USD,0.0,2021-12-31,2024-08-06,949,100.0,100.0,0.0,-95.5797168528787,0.0,0.0,,,0,0,0,0.0,,,,,,,,,,,,,
176,DGB-USD,0.0,2021-12-31,2024-08-06,949,100.0,100.0,0.0,-82.1380461323074,0.0,0.0,,,0,0,0,0.0,,,,,,,,,,,,,
177,DIA-USD,0.0,2021-12-31,2024-08-06,949,100.0,100.0,0.0,-77.96583424625047,0.0,0.0,,,0,0,0,0.0,,,,,,,,,,,,,
178,DIVI-USD,0.0,2021-12-31,2024-08-06,949,100.0,100.0,0.0,-98.00023702766539,0.0,0.0,,,0,0,0,0.0,,,,,,,,,,,,,
179,DMAIL-USD,0.0,2024-01-29,2024-08-06,190,100.0,100.0,0.0,-60.461307094694746,0.0,0.0,,,0,0,0,0.0,,,,,,,,,,,,,
180,DMTR-USD,0.0,2021-12-31,2024-08-06,949,100.0,100.0,0.0,-93.27744460798722,0.0,0.0,,,0,0,0,0.0,,,,,,,,,,,,,
181,DOAI-USD,0.0,2024-08-06,2024-08-06,1,100.0,100.0,0.0,0.0,0.0,0.0,,,0,0,0,0.0,,,,,,,,,,,,,
182,DOCK-USD,0.0,2021-12-31,2024-08-06,949,100.0,100.0,0.0,-96.07406726258651,0.0,0.0,,,0,0,0,0.0,,,,,,,,,,,,,
183,DODO-USD,0.0,2021-12-31,2024-08-06,949,100.0,100.0,0.0,-88.76992987804815,0.0,0.0,,,0,0,0,0.0,,,,,,,,,,,,,
184,DOGE-USD,0.0,2021-12-31,2024-08-06,949,100.0,100.0,0.0,-44.58645239973013,0.0,0.0,,,0,0,0,0.0,,,,,,,,,,,,,
185,DOP-USD,0.0,2021-12-31,2022-08-22,235 days 00:00:00,100.0,100.0,0.0,-27.35633795824611,0.0,0.0,,,0,0,0,0.0,,,,,,,,,,inf,,inf,inf
186,DOT-USD,0.0,2021-12-31,2024-08-06,949,100.0,100.0,0.0,-84.22723591419717,0.0,0.0,,,0,0,0,0.0,,,,,,,,,,,,,
187,DOVI-USD,0.0,2023-12-10,2024-08-06,240,100.0,100.0,0.0,-72.10156192184112,0.0,0.0,,,0,0,0,0.0,,,,,,,,,,,,,
188,DPET-USD,0.0,2021-12-31,2024-08-06,949,100.0,100.0,0.0,-96.97162544640362,0.0,0.0,,,0,0,0,0.0,,,,,,,,,,,,,
189,DPR-USD,0.0,2021-12-31,2024-08-06,949,100.0,100.0,0.0,-97.74465762836195,0.0,0.0,,,0,0,0,0.0,,,,,,,,,,,,,
190,DREAMS-USD,0.0,2021-12-31,2024-08-06,946,100.0,100.0,0.0,-99.58208177664395,0.0,0.0,,,0,0,0,0.0,,,,,,,,,,,,,
191,DRIFT-USD,0.0,2022-05-24,2023-06-15,388 days 00:00:00,100.0,100.0,0.0,-89.98835880691956,0.0,0.0,,,0,0,0,0.0,,,,,,,,,,inf,,inf,inf
192,DSLA-USD,0.0,2021-12-31,2024-08-06,949,100.0,100.0,0.0,-94.7572443356902,0.0,0.0,,,0,0,0,0.0,,,,,,,,,,,,,
193,DUSK-USD,0.0,2021-12-31,2024-08-06,949,100.0,100.0,0.0,-81.63659199982682,0.0,0.0,,,0,0,0,0.0,,,,,,,,,,,,,
194,DVPN-USD,0.0,2021-12-31,2024-08-06,949,100.0,100.0,0.0,-90.52537875972745,0.0,0.0,,,0,0,0,0.0,,,,,,,,,,,,,
173,DEXE-USD,0.0,2021-12-31,2024-08-06,949,100.0,100.0,0.0,-40.07866100568228,0.0,0.0,,,0,0,0,0.0,,,,,,,,,,,,,
172,DENT-USD,0.0,2021-12-31,2024-08-06,949,100.0,100.0,0.0,-81.80706535315011,0.0,0.0,,,0,0,0,0.0,,,,,,,,,,,,,
171,DEGO-USD,0.0,2021-12-31,2024-08-06,949,100.0,100.0,0.0,-80.91342377628057,0.0,0.0,,,0,0,0,0.0,,,,,,,,,,,,,
159,DAG-USD,0.0,2021-12-31,2024-08-06,949,100.0,100.0,0.0,-88.314410044322,0.0,0.0,,,0,0,0,0.0,,,,,,,,,,,,,
150,CTSI-USD,0.0,2021-12-31,2024-08-06,949,100.0,100.0,0.0,-82.9960713266141,0.0,0.0,,,0,0,0,0.0,,,,,,,,,,,,,
151,CUDOS-USD,0.0,2021-12-31,2024-08-06,949,100.0,100.0,0.0,-75.00559596559621,0.0,0.0,,,0,0,0,0.0,,,,,,,,,,,,,
152,CULT-USD,0.0,2022-02-02,2024-08-06,916,100.0,100.0,0.0,,0.0,0.0,,,0,0,0,0.0,,,,,,,,,,,,,
153,CVX-USD,0.0,2021-12-31,2024-08-06,949,100.0,100.0,0.0,-95.39004550744141,0.0,0.0,,,0,0,0,0.0,,,,,,,,,,,,,
154,CWAR-USD,0.0,2021-12-31,2024-08-06,949,100.0,100.0,0.0,-99.51233270160377,0.0,0.0,,,0,0,0,0.0,,,,,,,,,,,,,
155,CWEB-USD,0.0,2021-12-31,2024-08-06,949,100.0,100.0,0.0,-96.1362439087239,0.0,0.0,,,0,0,0,0.0,,,,,,,,,,,,,
156,CWS-USD,0.0,2021-12-31,2024-08-06,949,100.0,100.0,0.0,-97.54478125794623,0.0,0.0,,,0,0,0,0.0,,,,,,,,,,,,,
157,CXT-USD,0.0,2021-12-31,2024-08-06,942,100.0,100.0,0.0,,0.0,0.0,,,0,0,0,0.0,,,,,,,,,,,,,
158,CYBER-USD,0.0,2023-03-16,2024-08-06,509,100.0,100.0,0.0,-55.02569770740821,0.0,0.0,,,0,0,0,0.0,,,,,,,,,,,,,
160,DAO-USD,0.0,2021-12-31,2024-08-06,949,100.0,100.0,0.0,-92.74047914907302,0.0,0.0,,,0,0,0,0.0,,,,,,,,,,,,,
170,DEGEN-USD,0.0,2021-12-31,2023-06-09,526 days 00:00:00,100.0,100.0,0.0,-99.99998006036608,0.0,0.0,,,0,0,0,0.0,,,,,,,,,,inf,,inf,inf
161,DAPPX-USD,0.0,2021-12-31,2024-08-06,949,100.0,100.0,0.0,-84.40326204512816,0.0,0.0,,,0,0,0,0.0,,,,,,,,,,,,,
162,DAR-USD,0.0,2021-12-31,2024-08-06,949,100.0,100.0,0.0,-94.07495965915447,0.0,0.0,,,0,0,0,0.0,,,,,,,,,,,,,
163,DASH-USD,0.0,2021-12-31,2024-08-06,949,100.0,100.0,0.0,-83.7682747685005,0.0,0.0,,,0,0,0,0.0,,,,,,,,,,,,,
164,DATA-USD,0.0,2021-12-31,2024-08-06,949,100.0,100.0,0.0,-75.99680324401307,0.0,0.0,,,0,0,0,0.0,,,,,,,,,,,,,
165,DC-USD,0.0,2021-12-31,2022-03-22,82 days 00:00:00,100.0,100.0,0.0,-0.01816779509677957,0.0,0.0,,,0,0,0,0.0,,,,,,,,,,inf,,inf,inf
166,DCK-USD,0.0,2023-07-20,2024-08-06,380,100.0,100.0,0.0,-7.929096543394431,0.0,0.0,,,0,0,0,0.0,,,,,,,,,,,,,
167,DCR-USD,0.0,2021-12-31,2024-08-06,949,100.0,100.0,0.0,-86.51401861685926,0.0,0.0,,,0,0,0,0.0,,,,,,,,,,,,,
168,DECHAT-USD,0.0,2024-02-28,2024-08-06,160,100.0,100.0,0.0,-86.67674892739429,0.0,0.0,,,0,0,0,0.0,,,,,,,,,,,,,
169,DEFI-USD,0.0,2021-12-31,2024-01-08,739 days 00:00:00,100.0,100.0,0.0,-92.29411036910943,0.0,0.0,,,0,0,0,0.0,,,,,,,,,,inf,,inf,inf
99,BOND-USD,0.0,2021-12-31,2024-08-06,949,100.0,100.0,0.0,-88.99006173902146,0.0,0.0,,,0,0,0,0.0,,,,,,,,,,,,,
98,BOME-USD,0.0,2024-03-13,2024-08-06,146,100.0,100.0,0.0,275.34398204860577,0.0,0.0,,,0,0,0,0.0,,,,,,,,,,,,,
97,BOLT-USD,0.0,2021-12-31,2024-08-06,949,100.0,100.0,0.0,-16.231650102532868,0.0,0.0,,,0,0,0,0.0,,,,,,,,,,,,,
48,ARKM-USD,0.0,2023-07-17,2024-08-06,383,100.0,100.0,0.0,51.900928634593015,0.0,0.0,,,0,0,0,0.0,,,,,,,,,,,,,
26,ALEX-USD,0.0,2022-10-10,2024-08-06,666,100.0,100.0,0.0,361.3974141691615,0.0,0.0,,,0,0,0,0.0,,,,,,,,,,,,,
27,ALGO-USD,0.0,2021-12-31,2024-08-06,949,100.0,100.0,0.0,-93.54430908940444,0.0,0.0,,,0,0,0,0.0,,,,,,,,,,,,,
28,ALICE-USD,0.0,2021-12-31,2024-08-06,949,100.0,100.0,0.0,-93.67311135363228,0.0,0.0,,,0,0,0,0.0,,,,,,,,,,,,,
29,ALPHA-USD,0.0,2021-12-31,2024-08-06,949,100.0,100.0,0.0,-92.7672106225363,0.0,0.0,,,0,0,0,0.0,,,,,,,,,,,,,
30,ALPINE-USD,0.0,2022-02-20,2024-08-06,898,100.0,100.0,0.0,-80.7053755027389,0.0,0.0,,,0,0,0,0.0,,,,,,,,,,,,,
31,ALT-USD,0.0,2021-12-31,2022-05-17,138 days 00:00:00,100.0,100.0,0.0,-38.1386857049612,0.0,0.0,,,0,0,0,0.0,,,,,,,,,,inf,,inf,inf
32,AMB-USD,0.0,2021-12-31,2024-08-06,949,100.0,100.0,0.0,-71.76318182654484,0.0,0.0,,,0,0,0,0.0,,,,,,,,,,,,,
33,AMP-USD,0.0,2021-12-31,2024-08-06,949,100.0,100.0,0.0,-93.14165113522839,0.0,0.0,,,0,0,0,0.0,,,,,,,,,,,,,
34,AMPL-USD,0.0,2021-12-31,2024-08-06,949,100.0,100.0,0.0,3.2585958909795654,0.0,0.0,,,0,0,0,0.0,,,,,,,,,,,,,
35,AMU-USD,0.0,2024-01-25,2024-08-06,194,100.0,100.0,0.0,-62.6852215770621,0.0,0.0,,,0,0,0,0.0,,,,,,,,,,,,,
36,ANALOS-USD,0.0,2023-12-21,2024-08-06,229,100.0,100.0,0.0,-94.11692027477201,0.0,0.0,,,0,0,0,0.0,,,,,,,,,,,,,
37,ANKR-USD,0.0,2021-12-31,2024-08-06,949,100.0,100.0,0.0,-76.56524262958527,0.0,0.0,,,0,0,0,0.0,,,,,,,,,,,,,
38,ANYONE-USD,0.0,2024-06-27,2024-08-06,40,100.0,100.0,0.0,-33.03543990861242,0.0,0.0,,,0,0,0,0.0,,,,,,,,,,,,,
39,AOG-USD,0.0,2021-12-31,2024-08-06,949,100.0,100.0,0.0,359.79259576374307,0.0,0.0,,,0,0,0,0.0,,,,,,,,,,,,,
40,APE-USD,0.0,2021-12-31,2024-08-06,949,100.0,100.0,0.0,1637.341588290712,0.0,0.0,,,0,0,0,0.0,,,,,,,,,,,,,
41,API3-USD,0.0,2021-12-31,2024-08-06,949,100.0,100.0,0.0,-68.56354023610109,0.0,0.0,,,0,0,0,0.0,,,,,,,,,,,,,
42,APP-USD,0.0,2021-12-31,2022-11-30,335 days 00:00:00,100.0,100.0,0.0,-91.88262156572932,0.0,0.0,,,0,0,0,0.0,,,,,,,,,,inf,,inf,inf
43,APT-USD,0.0,2021-12-31,2024-08-06,947,100.0,100.0,0.0,-99.52107830125313,0.0,0.0,,,0,0,0,0.0,,,,,,,,,,,,,
44,AR-USD,0.0,2021-12-31,2024-08-06,949,100.0,100.0,0.0,-69.15899301911338,0.0,0.0,,,0,0,0,0.0,,,,,,,,,,,,,
45,ARB-USD,0.0,2021-12-31,2024-08-06,949,100.0,100.0,0.0,-21.744772048889892,0.0,0.0,,,0,0,0,0.0,,,,,,,,,,,,,
46,ARC-USD,0.0,2021-12-31,2022-01-20,21 days 00:00:00,100.0,100.0,0.0,-1.7568058100692951,0.0,0.0,,,0,0,0,0.0,,,,,,,,,,inf,,inf,inf
25,ALEPH-USD,0.0,2021-12-31,2024-08-06,949,100.0,100.0,0.0,-80.23132252694278,0.0,0.0,,,0,0,0,0.0,,,,,,,,,,,,,
24,AKT-USD,0.0,2021-12-31,2024-08-06,949,100.0,100.0,0.0,16.558297543308687,0.0,0.0,,,0,0,0,0.0,,,,,,,,,,,,,
23,AKRO-USD,0.0,2021-12-31,2024-08-06,949,100.0,100.0,0.0,-79.20454900069396,0.0,0.0,,,0,0,0,0.0,,,,,,,,,,,,,
11,ADX-USD,0.0,2021-12-31,2024-08-06,949,100.0,100.0,0.0,-75.38441838712146,0.0,0.0,,,0,0,0,0.0,,,,,,,,,,,,,
2,AA-USD,0.0,2023-05-23,2024-08-06,438,100.0,100.0,0.0,-49.56559010352093,0.0,0.0,,,0,0,0,0.0,,,,,,,,,,,,,
3,AAVE-USD,0.0,2021-12-31,2024-08-06,949,100.0,100.0,0.0,-61.6246694358176,0.0,0.0,,,0,0,0,0.0,,,,,,,,,,,,,
4,ABBC-USD,0.0,2021-12-31,2024-08-06,949,100.0,100.0,0.0,-95.79941564556923,0.0,0.0,,,0,0,0,0.0,,,,,,,,,,,,,
5,ACE-USD,0.0,2021-12-31,2022-03-29,89 days 00:00:00,100.0,100.0,0.0,-53.339996977817194,0.0,0.0,,,0,0,0,0.0,,,,,,,,,,inf,,inf,inf
6,ACH-USD,0.0,2021-12-31,2024-08-06,949,100.0,100.0,0.0,-71.78960799343402,0.0,0.0,,,0,0,0,0.0,,,,,,,,,,,,,
7,ACQ-USD,0.0,2022-09-27,2024-08-06,679,100.0,100.0,0.0,-96.23861976689145,0.0,0.0,,,0,0,0,0.0,,,,,,,,,,,,,
8,ACS-USD,0.0,2021-12-31,2024-08-06,949,100.0,100.0,0.0,-97.80808231099371,0.0,0.0,,,0,0,0,0.0,,,,,,,,,,,,,
9,ADA-USD,0.0,2021-12-31,2024-08-06,949,100.0,100.0,0.0,-76.04025407881495,0.0,0.0,,,0,0,0,0.0,,,,,,,,,,,,,
10,ADS-USD,0.0,2021-12-31,2024-08-06,949,100.0,100.0,0.0,-91.18118651143375,0.0,0.0,,,0,0,0,0.0,,,,,,,,,,,,,
12,AEG-USD,0.0,2023-03-28,2024-08-06,169,100.0,100.0,0.0,-99.46169588553352,0.0,0.0,,,0,0,0,0.0,,,,,,,,,,,,,
22,AITECH-USD,0.0,2023-08-31,2024-08-06,338,100.0,100.0,0.0,148.5761522215511,0.0,0.0,,,0,0,0,0.0,,,,,,,,,,,,,
13,AERGO-USD,0.0,2021-12-31,2024-08-06,949,100.0,100.0,0.0,-66.98193437078807,0.0,0.0,,,0,0,0,0.0,,,,,,,,,,,,,
14,AERO-USD,0.0,2022-02-21,2024-08-06,852,100.0,100.0,0.0,,0.0,0.0,,,0,0,0,0.0,,,,,,,,,,,,,
15,AEVO-USD,0.0,2024-03-12,2024-08-06,147,100.0,100.0,0.0,-89.72743223886368,0.0,0.0,,,0,0,0,0.0,,,,,,,,,,,,,
16,AFG-USD,0.0,2024-01-30,2024-08-06,189,100.0,100.0,0.0,-95.73128336499636,0.0,0.0,,,0,0,0,0.0,,,,,,,,,,,,,
17,AGLD-USD,0.0,2021-12-31,2024-08-06,949,100.0,100.0,0.0,-58.3365372243417,0.0,0.0,,,0,0,0,0.0,,,,,,,,,,,,,
18,AI-USD,0.0,2021-12-31,2024-08-06,949,100.0,100.0,0.0,-69.17953605657618,0.0,0.0,,,0,0,0,0.0,,,,,,,,,,,,,
19,AIEPK-USD,0.0,2023-08-11,2024-08-06,358,100.0,100.0,0.0,12.211473237228931,0.0,0.0,,,0,0,0,0.0,,,,,,,,,,,,,
20,AIOZ-USD,0.0,2021-12-31,2024-08-06,949,100.0,100.0,0.0,-3.3212053082331328,0.0,0.0,,,0,0,0,0.0,,,,,,,,,,,,,
21,AIPAD-USD,0.0,2023-02-28,2024-08-06,525,100.0,100.0,0.0,-91.03036241604829,0.0,0.0,,,0,0,0,0.0,,,,,,,,,,,,,
47,ARKER-USD,0.0,2021-12-31,2024-08-06,949,100.0,100.0,0.0,-99.28883746966245,0.0,0.0,,,0,0,0,0.0,,,,,,,,,,,,,
49,ARPA-USD,0.0,2021-12-31,2024-08-06,949,100.0,100.0,0.0,-67.22320546209879,0.0,0.0,,,0,0,0,0.0,,,,,,,,,,,,,
96,BOBA-USD,0.0,2021-12-31,2024-08-06,949,100.0,100.0,0.0,-93.79216714864096,0.0,0.0,,,0,0,0,0.0,,,,,,,,,,,,,
50,ARTFI-USD,0.0,2024-06-18,2024-08-06,49,100.0,100.0,0.0,90.54284129272385,0.0,0.0,,,0,0,0,0.0,,,,,,,,,,,,,
75,BCH-USD,0.0,2021-12-31,2024-08-06,949,100.0,100.0,0.0,-29.785298483789525,0.0,0.0,,,0,0,0,0.0,,,,,,,,,,,,,
76,BCUT-USD,0.0,2024-02-19,2024-08-06,169,100.0,100.0,0.0,-92.03902059537914,0.0,0.0,,,0,0,0,0.0,,,,,,,,,,,,,
77,BDX-USD,0.0,2021-12-31,2024-08-06,949,100.0,100.0,0.0,-50.93977695403209,0.0,0.0,,,0,0,0,0.0,,,,,,,,,,,,,
78,BEAT-USD,0.0,2022-11-16,2024-08-06,629,100.0,100.0,0.0,-93.52470774368751,0.0,0.0,,,0,0,0,0.0,,,,,,,,,,,,,
79,BEER-USD,0.0,2021-12-31,2024-05-30,882 days 00:00:00,100.0,100.0,0.0,-92.79806588511772,0.0,0.0,,,0,0,0,0.0,,,,,,,,,,inf,,inf,inf
80,BEFI-USD,0.0,2024-03-24,2024-08-06,135,100.0,100.0,0.0,-94.05703456227388,0.0,0.0,,,0,0,0,0.0,,,,,,,,,,,,,
81,BEPRO-USD,0.0,2021-12-31,2024-08-06,949,100.0,100.0,0.0,-93.06101402314879,0.0,0.0,,,0,0,0,0.0,,,,,,,,,,,,,
82,BFC-USD,0.0,2021-12-31,2022-03-08,68 days 00:00:00,100.0,100.0,0.0,-99.63636363531123,0.0,0.0,,,0,0,0,0.0,,,,,,,,,,inf,,inf,inf
83,BICO-USD,0.0,2021-12-31,2024-08-06,949,100.0,100.0,0.0,-95.01150143332843,0.0,0.0,,,0,0,0,0.0,,,,,,,,,,,,,
84,BIFI-USD,0.0,2021-12-31,2024-08-06,949,100.0,100.0,0.0,-69.70891223851707,0.0,0.0,,,0,0,0,0.0,,,,,,,,,,,,,
85,BIGTIME-USD,0.0,2023-10-10,2024-08-06,301,100.0,100.0,0.0,-47.04782995726402,0.0,0.0,,,0,0,0,0.0,,,,,,,,,,,,,
86,BIIS-USD,0.0,2023-12-18,2024-08-06,232,100.0,100.0,0.0,-98.54777892476346,0.0,0.0,,,0,0,0,0.0,,,,,,,,,,,,,
87,BLAST-USD,0.0,2021-12-31,2022-07-09,191 days 00:00:00,100.0,100.0,0.0,-60.167713113110565,0.0,0.0,,,0,0,0,0.0,,,,,,,,,,inf,,inf,inf
88,BLOCK-USD,0.0,2021-12-31,2024-08-06,949,100.0,100.0,0.0,-98.5851186229845,0.0,0.0,,,0,0,0,0.0,,,,,,,,,,,,,
89,BLOK-USD,0.0,2021-12-31,2024-08-06,949,100.0,100.0,0.0,-98.54664516757879,0.0,0.0,,,0,0,0,0.0,,,,,,,,,,,,,
90,BLUR-USD,0.0,2023-02-13,2024-08-06,540,100.0,100.0,0.0,-79.00311396686097,0.0,0.0,,,0,0,0,0.0,,,,,,,,,,,,,
91,BLZ-USD,0.0,2021-12-31,2024-08-06,949,100.0,100.0,0.0,-41.146153155173046,0.0,0.0,,,0,0,0,0.0,,,,,,,,,,,,,
92,BMX-USD,0.0,2021-12-31,2024-08-06,949,100.0,100.0,0.0,-14.308832959602336,0.0,0.0,,,0,0,0,0.0,,,,,,,,,,,,,
93,BNB-USD,0.0,2021-12-31,2024-08-06,949,100.0,100.0,0.0,-8.666959022803356,0.0,0.0,,,0,0,0,0.0,,,,,,,,,,,,,
94,BNC-USD,0.0,2021-12-31,2022-08-16,229 days 00:00:00,100.0,100.0,0.0,-47.05882248039821,0.0,0.0,,,0,0,0,0.0,,,,,,,,,,inf,,inf,inf
95,BOB-USD,0.0,2021-12-31,2024-08-04,948 days 00:00:00,100.0,100.0,0.0,-98.64606840532949,0.0,0.0,,,0,0,0,0.0,,,,,,,,,,inf,,inf,inf
74,BBL-USD,0.0,2021-12-31,2022-12-27,362 days 00:00:00,100.0,100.0,0.0,-97.82686787316828,0.0,0.0,,,0,0,0,0.0,,,,,,,,,,inf,,inf,inf
73,BB-USD,0.0,2021-12-31,2022-11-16,321 days 00:00:00,100.0,100.0,0.0,-52.9285333606641,0.0,0.0,,,0,0,0,0.0,,,,,,,,,,inf,,inf,inf
72,BAX-USD,0.0,2021-12-31,2024-08-06,949,100.0,100.0,0.0,-89.46394554117597,0.0,0.0,,,0,0,0,0.0,,,,,,,,,,,,,
60,AURORA-USD,0.0,2021-12-31,2024-01-14,605,100.0,100.0,0.0,-91.13015605817503,0.0,0.0,,,0,0,0,0.0,,,,,,,,,,,,,
51,ARTY-USD,0.0,2021-12-31,2022-08-15,228 days 00:00:00,100.0,100.0,0.0,-50.0,0.0,0.0,,,0,0,0,0.0,,,,,,,,,,inf,,inf,inf
52,ARX-USD,0.0,2021-12-31,2024-08-06,949,100.0,100.0,0.0,-95.76760111890856,0.0,0.0,,,0,0,0,0.0,,,,,,,,,,,,,
53,ASTR-USD,0.0,2022-01-17,2024-08-06,932,100.0,100.0,0.0,-69.99402120276774,0.0,0.0,,,0,0,0,0.0,,,,,,,,,,,,,
54,ATA-USD,0.0,2021-12-31,2024-08-06,949,100.0,100.0,0.0,-89.39908139238456,0.0,0.0,,,0,0,0,0.0,,,,,,,,,,,,,
55,ATEM-USD,0.0,2022-05-24,2023-04-29,341 days 00:00:00,100.0,100.0,0.0,-87.62886509008912,0.0,0.0,,,0,0,0,0.0,,,,,,,,,,inf,,inf,inf
56,ATH-USD,0.0,2021-12-31,2022-02-24,56 days 00:00:00,100.0,100.0,0.0,-16.561843047386816,0.0,0.0,,,0,0,0,0.0,,,,,,,,,,inf,,inf,inf
57,ATOM-USD,0.0,2021-12-31,2024-08-06,949,100.0,100.0,0.0,-86.4900897713215,0.0,0.0,,,0,0,0,0.0,,,,,,,,,,,,,
58,AUCTION-USD,0.0,2021-12-31,2024-08-06,949,100.0,100.0,0.0,-44.41223468074428,0.0,0.0,,,0,0,0,0.0,,,,,,,,,,,,,
59,AUDIO-USD,0.0,2021-12-31,2024-08-06,949,100.0,100.0,0.0,-93.18415776950643,0.0,0.0,,,0,0,0,0.0,,,,,,,,,,,,,
61,AURY-USD,0.0,2021-12-31,2024-08-06,949,100.0,100.0,0.0,-97.76788259504275,0.0,0.0,,,0,0,0,0.0,,,,,,,,,,,,,
71,BAT-USD,0.0,2021-12-31,2024-08-06,949,100.0,100.0,0.0,-87.51041681406507,0.0,0.0,,,0,0,0,0.0,,,,,,,,,,,,,
62,AVA-USD,0.0,2021-12-31,2024-08-06,949,100.0,100.0,0.0,-73.506646988113,0.0,0.0,,,0,0,0,0.0,,,,,,,,,,,,,
63,AVAIL-USD,0.0,2024-08-06,2024-08-06,1,100.0,100.0,0.0,0.0,0.0,0.0,,,0,0,0,0.0,,,,,,,,,,,,,
64,AVAX-USD,0.0,2021-12-31,2024-08-06,949,100.0,100.0,0.0,-81.78766455930165,0.0,0.0,,,0,0,0,0.0,,,,,,,,,,,,,
65,AXS-USD,0.0,2021-12-31,2024-08-06,949,100.0,100.0,0.0,-95.24894082449339,0.0,0.0,,,0,0,0,0.0,,,,,,,,,,,,,
66,AZERO-USD,0.0,2022-01-26,2024-08-06,923,100.0,100.0,0.0,-53.28531368345886,0.0,0.0,,,0,0,0,0.0,,,,,,,,,,,,,
67,BABYDOGE-USD,0.0,2021-12-31,2024-08-06,949,100.0,100.0,0.0,0.0,0.0,0.0,,,0,0,0,0.0,,,,,,,,,,,,,
68,BAL-USD,0.0,2021-12-31,2024-08-06,949,100.0,100.0,0.0,-90.14151225579225,0.0,0.0,,,0,0,0,0.0,,,,,,,,,,,,,
69,BANANA-USD,0.0,2021-12-31,2023-03-28,453 days 00:00:00,100.0,100.0,0.0,-93.72692958214172,0.0,0.0,,,0,0,0,0.0,,,,,,,,,,inf,,inf,inf
70,BAND-USD,0.0,2021-12-31,2024-08-06,949,100.0,100.0,0.0,-80.09119449574284,0.0,0.0,,,0,0,0,0.0,,,,,,,,,,,,,
195,DYDX-USD,0.0,2021-12-31,2024-08-06,907,100.0,100.0,0.0,-88.57085963458091,0.0,0.0,,,0,0,0,0.0,,,,,,,,,,,,,
197,DYP-USD,0.0,2021-12-31,2024-08-06,949,100.0,100.0,0.0,-57.981883314877656,0.0,0.0,,,0,0,0,0.0,,,,,,,,,,,,,
392,LUNA-USD,0.0,2021-12-31,2022-05-10,131 days 00:00:00,100.0,100.0,0.0,-38.366444797397016,0.0,0.0,,,0,0,0,0.0,,,,,,,,,,inf,,inf,inf
320,INJ-USD,0.0,2021-12-31,2024-08-06,949,100.0,100.0,0.0,87.32676644155832,0.0,0.0,,,0,0,0,0.0,,,,,,,,,,,,,
322,IO-USD,0.0,2021-12-31,2022-04-10,101 days 00:00:00,100.0,100.0,0.0,-25.0470157537362,0.0,0.0,,,0,0,0,0.0,,,,,,,,,,inf,,inf,inf
323,IOI-USD,0.0,2021-12-31,2024-08-06,949,100.0,100.0,0.0,-99.18348608330987,0.0,0.0,,,0,0,0,0.0,,,,,,,,,,,,,
324,IOST-USD,0.0,2021-12-31,2024-08-06,949,100.0,100.0,0.0,-85.4285802713904,0.0,0.0,,,0,0,0,0.0,,,,,,,,,,,,,
325,IOTA-USD,0.0,2023-09-29,2024-08-06,312,100.0,100.0,0.0,-16.59933322038234,0.0,0.0,,,0,0,0,0.0,,,,,,,,,,,,,
326,IOTX-USD,0.0,2021-12-31,2024-08-06,949,100.0,100.0,0.0,-74.04971390555939,0.0,0.0,,,0,0,0,0.0,,,,,,,,,,,,,
327,IRL-USD,0.0,2023-12-19,2024-08-06,231,100.0,100.0,0.0,-91.06422749110759,0.0,0.0,,,0,0,0,0.0,,,,,,,,,,,,,
328,IRON-USD,0.0,2021-12-31,2024-03-13,804 days 00:00:00,100.0,100.0,0.0,132.310892309212,0.0,0.0,,,0,0,0,0.0,,,,,,,,,,inf,,inf,inf
329,ISLM-USD,0.0,2023-10-11,2024-08-06,300,100.0,100.0,0.0,-76.96807566010801,0.0,0.0,,,0,0,0,0.0,,,,,,,,,,,,,
330,ISME-USD,0.0,2024-03-28,2024-08-06,131,100.0,100.0,0.0,-84.8193107648019,0.0,0.0,,,0,0,0,0.0,,,,,,,,,,,,,
331,ISP-USD,0.0,2021-12-31,2024-08-06,949,100.0,100.0,0.0,-81.91811625713127,0.0,0.0,,,0,0,0,0.0,,,,,,,,,,,,,
332,ISSP-USD,0.0,2024-01-17,2024-08-06,202,100.0,100.0,0.0,-90.84478453876386,0.0,0.0,,,0,0,0,0.0,,,,,,,,,,,,,
333,IZI-USD,0.0,2021-12-31,2024-08-06,949,100.0,100.0,0.0,-92.01688778166192,0.0,0.0,,,0,0,0,0.0,,,,,,,,,,,,,
334,JAM-USD,0.0,2021-12-31,2024-08-06,949,100.0,100.0,0.0,-98.98413715108616,0.0,0.0,,,0,0,0,0.0,,,,,,,,,,,,,
335,JASMY-USD,0.0,2021-12-31,2024-08-06,949,100.0,100.0,0.0,-75.63526938995683,0.0,0.0,,,0,0,0,0.0,,,,,,,,,,,,,
336,JST-USD,0.0,2021-12-31,2024-08-06,949,100.0,100.0,0.0,-53.801091801453516,0.0,0.0,,,0,0,0,0.0,,,,,,,,,,,,,
337,JTO-USD,0.0,2023-12-06,2024-08-06,244,100.0,100.0,0.0,-4.15974463877351,0.0,0.0,,,0,0,0,0.0,,,,,,,,,,,,,
338,JUP-USD,0.0,2021-12-31,2024-08-06,949,100.0,100.0,0.0,-94.23011307179546,0.0,0.0,,,0,0,0,0.0,,,,,,,,,,,,,
339,KAI-USD,0.0,2021-12-31,2024-08-06,949,100.0,100.0,0.0,-96.80706124684843,0.0,0.0,,,0,0,0,0.0,,,,,,,,,,,,,
340,KARATE-USD,0.0,2023-05-11,2024-08-06,450,100.0,100.0,0.0,-68.62904088689442,0.0,0.0,,,0,0,0,0.0,,,,,,,,,,,,,
341,KARRAT-USD,0.0,2024-04-21,2024-08-06,107,100.0,100.0,0.0,-49.927797575294775,0.0,0.0,,,0,0,0,0.0,,,,,,,,,,,,,
342,KAS-USD,0.0,2022-05-31,2024-08-06,798,100.0,100.0,0.0,86402.9637821904,0.0,0.0,,,0,0,0,0.0,,,,,,,,,,,,,
321,INSP-USD,0.0,2023-12-05,2024-08-06,245,100.0,100.0,0.0,-94.84392085134432,0.0,0.0,,,0,0,0,0.0,,,,,,,,,,,,,
319,INFRA-USD,0.0,2023-05-29,2024-08-06,432,100.0,100.0,0.0,-75.69077711608973,0.0,0.0,,,0,0,0,0.0,,,,,,,,,,,,,
198,ECOX-USD,0.0,2022-11-07,2024-08-06,638,100.0,100.0,0.0,-93.28737208270542,0.0,0.0,,,0,0,0,0.0,,,,,,,,,,,,,
318,IMX-USD,0.0,2021-12-31,2022-07-22,204 days 00:00:00,100.0,100.0,0.0,-97.67142527907644,0.0,0.0,,,0,0,0,0.0,,,,,,,,,,inf,,inf,inf
297,HIMFERS-USD,0.0,2023-01-15,2024-08-06,569,100.0,100.0,0.0,-81.22365168390124,0.0,0.0,,,0,0,0,0.0,,,,,,,,,,,,,
298,HIP-USD,0.0,2021-12-31,2022-08-01,214 days 00:00:00,100.0,100.0,0.0,-79.99999954525263,0.0,0.0,,,0,0,0,0.0,,,,,,,,,,inf,,inf,inf
299,HIPENGUINS-USD,0.0,2022-12-04,2024-08-06,611,100.0,100.0,0.0,198.11655601984893,0.0,0.0,,,0,0,0,0.0,,,,,,,,,,,,,
300,HISEALS-USD,0.0,2023-02-26,2024-08-06,527,100.0,100.0,0.0,-92.4059294353601,0.0,0.0,,,0,0,0,0.0,,,,,,,,,,,,,
301,HIUNDEAD-USD,0.0,2023-02-10,2024-08-06,543,100.0,100.0,0.0,-97.72779918098117,0.0,0.0,,,0,0,0,0.0,,,,,,,,,,,,,
302,HLG-USD,0.0,2024-05-28,2024-08-06,70,100.0,100.0,0.0,-90.16708357884208,0.0,0.0,,,0,0,0,0.0,,,,,,,,,,,,,
303,HMND-USD,0.0,2023-03-29,2024-08-06,496,100.0,100.0,0.0,-58.645012475778024,0.0,0.0,,,0,0,0,0.0,,,,,,,,,,,,,
304,HNT-USD,0.0,2021-12-31,2024-08-06,949,100.0,100.0,0.0,-88.38037408959963,0.0,0.0,,,0,0,0,0.0,,,,,,,,,,,,,
305,HON-USD,0.0,2022-02-09,2024-08-06,909,100.0,100.0,0.0,-97.7410753596262,0.0,0.0,,,0,0,0,0.0,,,,,,,,,,,,,
306,HOTCROSS-USD,0.0,2021-12-31,2024-08-06,949,100.0,100.0,0.0,-98.10376748145899,0.0,0.0,,,0,0,0,0.0,,,,,,,,,,,,,
307,HTR-USD,0.0,2021-12-31,2024-08-06,949,100.0,100.0,0.0,-97.82212594323806,0.0,0.0,,,0,0,0,0.0,,,,,,,,,,,,,
308,HTX-USD,0.0,2024-01-23,2024-08-06,196,100.0,100.0,0.0,-56.635366406426066,0.0,0.0,,,0,0,0,0.0,,,,,,,,,,,,,
309,HYDRA-USD,0.0,2021-12-31,2024-08-06,949,100.0,100.0,0.0,-95.06363556226279,0.0,0.0,,,0,0,0,0.0,,,,,,,,,,,,,
310,HYVE-USD,0.0,2021-12-31,2024-08-06,949,100.0,100.0,0.0,-96.37727907090088,0.0,0.0,,,0,0,0,0.0,,,,,,,,,,,,,
311,ICE-USD,0.0,2021-12-31,2024-08-06,949,100.0,100.0,0.0,-99.98724531358391,0.0,0.0,,,0,0,0,0.0,,,,,,,,,,,,,
312,ICP-USD,0.0,2021-12-31,2024-08-06,949,100.0,100.0,0.0,-70.42356054607268,0.0,0.0,,,0,0,0,0.0,,,,,,,,,,,,,
313,ICX-USD,0.0,2021-12-31,2024-08-06,949,100.0,100.0,0.0,-89.91192132954383,0.0,0.0,,,0,0,0,0.0,,,,,,,,,,,,,
314,ID-USD,0.0,2021-12-31,2024-08-06,949,100.0,100.0,0.0,-79.35778148763087,0.0,0.0,,,0,0,0,0.0,,,,,,,,,,,,,
315,IDEA-USD,0.0,2021-12-31,2024-08-06,949,100.0,100.0,0.0,-99.4252288523848,0.0,0.0,,,0,0,0,0.0,,,,,,,,,,,,,
316,IGU-USD,0.0,2023-02-16,2024-08-06,537,100.0,100.0,0.0,-97.55040846733655,0.0,0.0,,,0,0,0,0.0,,,,,,,,,,,,,
317,ILV-USD,0.0,2021-12-31,2024-08-06,949,100.0,100.0,0.0,-95.98395957420325,0.0,0.0,,,0,0,0,0.0,,,,,,,,,,,,,
343,KAVA-USD,0.0,2021-12-31,2024-08-06,949,100.0,100.0,0.0,-93.30339105894392,0.0,0.0,,,0,0,0,0.0,,,,,,,,,,,,,
344,KCS-USD,0.0,2021-12-31,2024-08-06,949,100.0,100.0,0.0,-66.44707006137803,0.0,0.0,,,0,0,0,0.0,,,,,,,,,,,,,
345,KDA-USD,0.0,2021-12-31,2024-08-06,949,100.0,100.0,0.0,-96.59374195461378,0.0,0.0,,,0,0,0,0.0,,,,,,,,,,,,,
346,KICKS-USD,0.0,2021-12-31,2022-07-16,198 days 00:00:00,100.0,100.0,0.0,-61.92388587392129,0.0,0.0,,,0,0,0,0.0,,,,,,,,,,inf,,inf,inf
371,LISTA-USD,0.0,2024-06-19,2024-08-06,48,100.0,100.0,0.0,-50.151082088067426,0.0,0.0,,,0,0,0,0.0,,,,,,,,,,,,,
372,LIT-USD,0.0,2021-12-31,2024-08-06,949,100.0,100.0,0.0,-94.58500402475222,0.0,0.0,,,0,0,0,0.0,,,,,,,,,,,,,
373,LITH-USD,0.0,2021-12-31,2024-08-06,949,100.0,100.0,0.0,-96.12989871170309,0.0,0.0,,,0,0,0,0.0,,,,,,,,,,,,,
374,LKI-USD,0.0,2024-06-18,2024-08-06,49,100.0,100.0,0.0,15.909898696998216,0.0,0.0,,,0,0,0,0.0,,,,,,,,,,,,,
375,LL-USD,0.0,2022-12-14,2024-08-06,131,100.0,100.0,0.0,-94.5604681125699,0.0,0.0,,,0,0,0,0.0,,,,,,,,,,,,,
376,LMR-USD,0.0,2022-03-28,2024-08-06,862,100.0,100.0,0.0,-93.40388923155602,0.0,0.0,,,0,0,0,0.0,,,,,,,,,,,,,
377,LMWR-USD,0.0,2023-05-14,2024-08-06,447,100.0,100.0,0.0,-77.19605847394566,0.0,0.0,,,0,0,0,0.0,,,,,,,,,,,,,
378,LOCUS-USD,0.0,2021-12-31,2024-08-06,949,100.0,100.0,0.0,-24.049985381270144,0.0,0.0,,,0,0,0,0.0,,,,,,,,,,,,,
379,LOKA-USD,0.0,2022-01-20,2024-08-06,929,100.0,100.0,0.0,-92.8520084383463,0.0,0.0,,,0,0,0,0.0,,,,,,,,,,,,,
380,LOOKS-USD,0.0,2022-01-09,2024-08-06,940,100.0,100.0,0.0,-98.4640735667394,0.0,0.0,,,0,0,0,0.0,,,,,,,,,,,,,
381,LOOM-USD,0.0,2021-12-31,2024-08-06,949,100.0,100.0,0.0,-45.4434842735008,0.0,0.0,,,0,0,0,0.0,,,,,,,,,,,,,
382,LPOOL-USD,0.0,2021-12-31,2024-08-06,949,100.0,100.0,0.0,-97.15472576752089,0.0,0.0,,,0,0,0,0.0,,,,,,,,,,,,,
383,LPT-USD,0.0,2021-12-31,2024-08-06,949,100.0,100.0,0.0,-74.55144914572045,0.0,0.0,,,0,0,0,0.0,,,,,,,,,,,,,
384,LQTY-USD,0.0,2021-12-31,2024-08-06,949,100.0,100.0,0.0,-88.24361494005313,0.0,0.0,,,0,0,0,0.0,,,,,,,,,,,,,
385,LRC-USD,0.0,2021-12-31,2024-08-06,949,100.0,100.0,0.0,-94.16595225903816,0.0,0.0,,,0,0,0,0.0,,,,,,,,,,,,,
386,LRDS-USD,0.0,2024-08-06,2024-08-06,1,100.0,100.0,0.0,0.0,0.0,0.0,,,0,0,0,0.0,,,,,,,,,,,,,
387,LSD-USD,0.0,2023-02-26,2024-08-06,526,100.0,100.0,0.0,38.0127532671702,0.0,0.0,,,0,0,0,0.0,,,,,,,,,,,,,
388,LSK-USD,0.0,2021-12-31,2024-08-06,949,100.0,100.0,0.0,-66.54991228003942,0.0,0.0,,,0,0,0,0.0,,,,,,,,,,,,,
389,LSS-USD,0.0,2021-12-31,2024-08-06,949,100.0,100.0,0.0,-93.07804216622677,0.0,0.0,,,0,0,0,0.0,,,,,,,,,,,,,
390,LTC-USD,0.0,2021-12-31,2024-08-06,949,100.0,100.0,0.0,-61.59234605295381,0.0,0.0,,,0,0,0,0.0,,,,,,,,,,,,,
391,LTO-USD,0.0,2021-12-31,2024-08-06,949,100.0,100.0,0.0,-76.62434934577334,0.0,0.0,,,0,0,0,0.0,,,,,,,,,,,,,
370,LINK-USD,0.0,2021-12-31,2024-08-06,949,100.0,100.0,0.0,-51.473834685592756,0.0,0.0,,,0,0,0,0.0,,,,,,,,,,,,,
369,LINA-USD,0.0,2021-12-31,2023-07-24,571 days 00:00:00,100.0,100.0,0.0,261.3026823078414,0.0,0.0,,,0,0,0,0.0,,,,,,,,,,inf,,inf,inf
368,LIKE-USD,0.0,2021-12-31,2024-08-06,946,100.0,100.0,0.0,-97.31759123364098,0.0,0.0,,,0,0,0,0.0,,,,,,,,,,,,,
356,KRL-USD,0.0,2021-12-31,2024-08-06,949,100.0,100.0,0.0,-78.55120368154896,0.0,0.0,,,0,0,0,0.0,,,,,,,,,,,,,
347,KING-USD,0.0,2021-12-31,2022-10-08,282 days 00:00:00,100.0,100.0,0.0,-97.8764626969825,0.0,0.0,,,0,0,0,0.0,,,,,,,,,,inf,,inf,inf
348,KLAY-USD,0.0,2021-12-31,2024-08-06,949,100.0,100.0,0.0,-90.91207121508909,0.0,0.0,,,0,0,0,0.0,,,,,,,,,,,,,
349,KLUB-USD,0.0,2023-10-31,2024-08-06,280,100.0,100.0,0.0,-90.26279011369172,0.0,0.0,,,0,0,0,0.0,,,,,,,,,,,,,
350,KLV-USD,0.0,2021-12-31,2024-08-06,949,100.0,100.0,0.0,-93.57914337473609,0.0,0.0,,,0,0,0,0.0,,,,,,,,,,,,,
351,KMA-USD,0.0,2021-12-31,2024-08-06,949,100.0,100.0,0.0,-97.19883947507829,0.0,0.0,,,0,0,0,0.0,,,,,,,,,,,,,
352,KMD-USD,0.0,2021-12-31,2024-08-06,949,100.0,100.0,0.0,-69.87166932591715,0.0,0.0,,,0,0,0,0.0,,,,,,,,,,,,,
353,KMNO-USD,0.0,2024-04-29,2024-08-06,99,100.0,100.0,0.0,-21.871128529389118,0.0,0.0,,,0,0,0,0.0,,,,,,,,,,,,,
354,KNC-USD,0.0,2021-12-31,2024-08-06,949,100.0,100.0,0.0,-69.68182688553894,0.0,0.0,,,0,0,0,0.0,,,,,,,,,,,,,
355,KONO-USD,0.0,2021-12-31,2024-08-06,949,100.0,100.0,0.0,-97.79220278722407,0.0,0.0,,,0,0,0,0.0,,,,,,,,,,,,,
357,KSM-USD,0.0,2021-12-31,2024-08-06,949,100.0,100.0,0.0,-94.17761456141868,0.0,0.0,,,0,0,0,0.0,,,,,,,,,,,,,
367,LFT-USD,0.0,2022-03-31,2023-07-17,474 days 00:00:00,100.0,100.0,0.0,-98.94227090180509,0.0,0.0,,,0,0,0,0.0,,,,,,,,,,inf,,inf,inf
358,L3-USD,0.0,2023-07-05,2023-10-18,103,100.0,100.0,0.0,772.8024850048052,0.0,0.0,,,0,0,0,0.0,,,,,,,,,,,,,
359,LABS-USD,0.0,2021-12-31,2024-08-06,949,100.0,100.0,0.0,-96.26657174368846,0.0,0.0,,,0,0,0,0.0,,,,,,,,,,,,,
360,LADYS-USD,0.0,2023-05-07,2024-08-06,454,100.0,100.0,0.0,0.0,0.0,0.0,,,0,0,0,0.0,,,,,,,,,,,,,
361,LAI-USD,0.0,2022-01-16,2022-04-16,75,100.0,100.0,0.0,-100.0,0.0,0.0,,,0,0,0,0.0,,,,,,,,,,,,,
362,LAYER-USD,0.0,2021-12-31,2024-08-06,949,100.0,100.0,0.0,-88.86185981069377,0.0,0.0,,,0,0,0,0.0,,,,,,,,,,,,,
363,LBP-USD,0.0,2022-03-07,2024-08-06,883,100.0,100.0,0.0,-98.38912699237143,0.0,0.0,,,0,0,0,0.0,,,,,,,,,,,,,
364,LBR-USD,0.0,2021-12-31,2024-08-06,759,100.0,100.0,0.0,0.0,0.0,0.0,,,0,0,0,0.0,,,,,,,,,,,,,
365,LDO-USD,0.0,2021-12-31,2024-08-06,949,100.0,100.0,0.0,-69.5784590294497,0.0,0.0,,,0,0,0,0.0,,,,,,,,,,,,,
366,LENDS-USD,0.0,2024-02-12,2024-08-06,176,100.0,100.0,0.0,-93.92237979331868,0.0,0.0,,,0,0,0,0.0,,,,,,,,,,,,,
296,HIGH-USD,0.0,2021-12-31,2024-08-06,949,100.0,100.0,0.0,-89.41342695187957,0.0,0.0,,,0,0,0,0.0,,,,,,,,,,,,,
295,HIFRIENDS-USD,0.0,2023-02-16,2024-08-06,537,100.0,100.0,0.0,-98.67401882670154,0.0,0.0,,,0,0,0,0.0,,,,,,,,,,,,,
294,HIFI-USD,0.0,2021-12-31,2024-01-08,739 days 00:00:00,100.0,100.0,0.0,-99.92855441647535,0.0,0.0,,,0,0,0,0.0,,,,,,,,,,inf,,inf,inf
245,FRM-USD,0.0,2021-12-31,2024-08-06,949,100.0,100.0,0.0,-88.14097640408013,0.0,0.0,,,0,0,0,0.0,,,,,,,,,,,,,
223,EUL-USD,0.0,2022-06-23,2024-08-06,775,100.0,100.0,0.0,-6.251357777694988,0.0,0.0,,,0,0,0,0.0,,,,,,,,,,,,,
224,EVER-USD,0.0,2021-12-31,2024-08-06,949,100.0,100.0,0.0,-87.71914263272247,0.0,0.0,,,0,0,0,0.0,,,,,,,,,,,,,
225,EWT-USD,0.0,2021-12-31,2024-08-06,949,100.0,100.0,0.0,-82.2016125043924,0.0,0.0,,,0,0,0,0.0,,,,,,,,,,,,,
226,FCON-USD,0.0,2022-01-25,2024-08-06,924,100.0,100.0,0.0,-96.35085100583805,0.0,0.0,,,0,0,0,0.0,,,,,,,,,,,,,
227,FEAR-USD,0.0,2021-12-31,2024-08-06,949,100.0,100.0,0.0,-96.04818636606237,0.0,0.0,,,0,0,0,0.0,,,,,,,,,,,,,
228,FET-USD,0.0,2021-12-31,2024-08-06,949,100.0,100.0,0.0,62.771920173449416,0.0,0.0,,,0,0,0,0.0,,,,,,,,,,,,,
229,FIDA-USD,0.0,2021-12-31,2024-08-06,949,100.0,100.0,0.0,-94.5944077263756,0.0,0.0,,,0,0,0,0.0,,,,,,,,,,,,,
230,FIL-USD,0.0,2021-12-31,2024-08-06,949,100.0,100.0,0.0,-90.3260665279732,0.0,0.0,,,0,0,0,0.0,,,,,,,,,,,,,
231,FINC-USD,0.0,2024-01-03,2024-08-06,216,100.0,100.0,0.0,-87.86345776896567,0.0,0.0,,,0,0,0,0.0,,,,,,,,,,,,,
232,FIRE-USD,0.0,2021-12-31,2022-08-15,228 days 00:00:00,100.0,100.0,0.0,-56.9499117978308,0.0,0.0,,,0,0,0,0.0,,,,,,,,,,inf,,inf,inf
233,FITFI-USD,0.0,2022-04-25,2024-08-06,834,100.0,100.0,0.0,-98.88698646398531,0.0,0.0,,,0,0,0,0.0,,,,,,,,,,,,,
234,FLAME-USD,0.0,2021-12-31,2024-08-06,949,100.0,100.0,0.0,-97.96696740680126,0.0,0.0,,,0,0,0,0.0,,,,,,,,,,,,,
235,FLIP-USD,0.0,2021-12-31,2024-08-06,315,100.0,100.0,0.0,33929.7521232956,0.0,0.0,,,0,0,0,0.0,,,,,,,,,,,,,
236,FLOKI-USD,0.0,2021-12-31,2024-08-06,943,100.0,100.0,0.0,8.419397204657031,0.0,0.0,,,0,0,0,0.0,,,,,,,,,,,,,
237,FLOW-USD,0.0,2021-12-31,2024-08-06,949,100.0,100.0,0.0,-94.34493144417901,0.0,0.0,,,0,0,0,0.0,,,,,,,,,,,,,
238,FLR-USD,0.0,2023-01-09,2024-08-06,575,100.0,100.0,0.0,-58.829980752742436,0.0,0.0,,,0,0,0,0.0,,,,,,,,,,,,,
239,FLUX-USD,0.0,2021-12-31,2024-08-06,949,100.0,100.0,0.0,-80.09856971377339,0.0,0.0,,,0,0,0,0.0,,,,,,,,,,,,,
240,FLY-USD,0.0,2021-12-31,2024-08-06,949,100.0,100.0,0.0,-92.28867243223989,0.0,0.0,,,0,0,0,0.0,,,,,,,,,,,,,
241,FORT-USD,0.0,2021-12-31,2023-04-25,279,100.0,100.0,0.0,-95.21895605685296,0.0,0.0,,,0,0,0,0.0,,,,,,,,,,,,,
242,FORTH-USD,0.0,2021-12-31,2024-08-06,949,100.0,100.0,0.0,-72.47889639080508,0.0,0.0,,,0,0,0,0.0,,,,,,,,,,,,,
243,FORWARD-USD,0.0,2024-02-05,2024-08-06,183,100.0,100.0,0.0,-92.88393905163828,0.0,0.0,,,0,0,0,0.0,,,,,,,,,,,,,
222,ETHW-USD,0.0,2022-08-07,2024-08-06,730,100.0,100.0,0.0,-98.20097609470554,0.0,0.0,,,0,0,0,0.0,,,,,,,,,,,,,
221,ETHUP-USD,0.0,2021-12-31,2024-03-06,797 days 00:00:00,100.0,100.0,0.0,-85.52584822191204,0.0,0.0,,,0,0,0,0.0,,,,,,,,,,inf,,inf,inf
220,ETHFI-USD,0.0,2024-03-17,2024-08-06,142,100.0,100.0,0.0,-58.26144461188885,0.0,0.0,,,0,0,0,0.0,,,,,,,,,,,,,
208,EOS-USD,0.0,2021-12-31,2024-08-06,949,100.0,100.0,0.0,-85.35734902682152,0.0,0.0,,,0,0,0,0.0,,,,,,,,,,,,,
199,EDU-USD,0.0,2021-12-31,2022-04-06,97 days 00:00:00,100.0,100.0,0.0,-66.66666666666667,0.0,0.0,,,0,0,0,0.0,,,,,,,,,,inf,,inf,inf
200,EGLD-USD,0.0,2021-12-31,2024-08-06,949,100.0,100.0,0.0,-89.12226737107854,0.0,0.0,,,0,0,0,0.0,,,,,,,,,,,,,
201,EGO-USD,0.0,2022-07-31,2022-09-27,59 days 00:00:00,100.0,100.0,0.0,6.113382395276612,0.0,0.0,,,0,0,0,0.0,,,,,,,,,,inf,,inf,inf
202,ELA-USD,0.0,2021-12-31,2024-08-06,949,100.0,100.0,0.0,-41.67253242366369,0.0,0.0,,,0,0,0,0.0,,,,,,,,,,,,,
203,ELF-USD,0.0,2021-12-31,2024-08-06,949,100.0,100.0,0.0,-3.5618082815224605,0.0,0.0,,,0,0,0,0.0,,,,,,,,,,,,,
204,ELON-USD,0.0,2021-12-31,2024-08-06,949,100.0,100.0,0.0,,0.0,0.0,,,0,0,0,0.0,,,,,,,,,,,,,
205,ENA-USD,0.0,2024-04-01,2024-08-06,127,100.0,100.0,0.0,-64.73277682053099,0.0,0.0,,,0,0,0,0.0,,,,,,,,,,,,,
206,ENJ-USD,0.0,2021-12-31,2024-08-06,949,100.0,100.0,0.0,-94.97688696486803,0.0,0.0,,,0,0,0,0.0,,,,,,,,,,,,,
207,ENS-USD,0.0,2021-12-31,2024-08-06,949,100.0,100.0,0.0,-56.770590638445384,0.0,0.0,,,0,0,0,0.0,,,,,,,,,,,,,
209,EOSC-USD,0.0,2021-12-31,2024-08-06,949,100.0,100.0,0.0,-92.75576603987575,0.0,0.0,,,0,0,0,0.0,,,,,,,,,,,,,
219,ETHDOWN-USD,0.0,2021-12-31,2024-03-06,797 days 00:00:00,100.0,100.0,0.0,-92.59790626785409,0.0,0.0,,,0,0,0,0.0,,,,,,,,,,inf,,inf,inf
210,EPIK-USD,0.0,2021-12-31,2024-08-06,949,100.0,100.0,0.0,-97.72052092815427,0.0,0.0,,,0,0,0,0.0,,,,,,,,,,,,,
211,EPX-USD,0.0,2022-05-03,2024-08-06,826,100.0,100.0,0.0,-94.30982452480096,0.0,0.0,,,0,0,0,0.0,,,,,,,,,,,,,
212,EQX-USD,0.0,2021-12-31,2024-08-06,949,100.0,100.0,0.0,-99.22155997588297,0.0,0.0,,,0,0,0,0.0,,,,,,,,,,,,,
213,ERG-USD,0.0,2021-12-31,2024-08-06,949,100.0,100.0,0.0,-84.25433762515941,0.0,0.0,,,0,0,0,0.0,,,,,,,,,,,,,
214,ERN-USD,0.0,2021-12-31,2024-08-06,949,100.0,100.0,0.0,-80.92671149257252,0.0,0.0,,,0,0,0,0.0,,,,,,,,,,,,,
215,ERTHA-USD,0.0,2022-01-03,2024-08-06,946,100.0,100.0,0.0,-99.73760458739571,0.0,0.0,,,0,0,0,0.0,,,,,,,,,,,,,
216,ESE-USD,0.0,2024-04-10,2024-08-06,118,100.0,100.0,0.0,-82.20698834137926,0.0,0.0,,,0,0,0,0.0,,,,,,,,,,,,,
217,ETC-USD,0.0,2021-12-31,2024-08-06,949,100.0,100.0,0.0,-48.1561208554072,0.0,0.0,,,0,0,0,0.0,,,,,,,,,,,,,
218,ETH-USD,0.0,2021-12-31,2024-08-06,949,100.0,100.0,0.0,-34.82532730587834,0.0,0.0,,,0,0,0,0.0,,,,,,,,,,,,,
244,FOXY-USD,0.0,2021-12-31,2022-09-08,179,100.0,100.0,0.0,-76.09593687095011,0.0,0.0,,,0,0,0,0.0,,,,,,,,,,,,,
246,FRONT-USD,0.0,2021-12-31,2024-08-06,949,100.0,100.0,0.0,-18.29926386497842,0.0,0.0,,,0,0,0,0.0,,,,,,,,,,,,,
293,HIENS4-USD,0.0,2022-08-17,2024-08-06,720,100.0,100.0,0.0,-96.14861926280594,0.0,0.0,,,0,0,0,0.0,,,,,,,,,,,,,
247,FT-USD,0.0,2022-08-10,2022-08-18,9 days 00:00:00,100.0,100.0,0.0,1.169804361549165,0.0,0.0,,,0,0,0,0.0,,,,,,,,,,inf,,inf,inf
272,GOAL-USD,0.0,2021-12-31,2024-08-06,949,100.0,100.0,0.0,-99.47526005780027,0.0,0.0,,,0,0,0,0.0,,,,,,,,,,,,,
273,GODS-USD,0.0,2021-12-31,2024-08-06,949,100.0,100.0,0.0,-95.03014428081211,0.0,0.0,,,0,0,0,0.0,,,,,,,,,,,,,
274,GRAIL-USD,0.0,2022-04-24,2022-07-06,74 days 00:00:00,100.0,100.0,0.0,-99.39165843963451,0.0,0.0,,,0,0,0,0.0,,,,,,,,,,inf,,inf,inf
275,GRAPE-USD,0.0,2021-12-31,2024-08-06,949,100.0,100.0,0.0,,0.0,0.0,,,0,0,0,0.0,,,,,,,,,,,,,
276,GRT-USD,0.0,2021-12-31,2022-03-31,91 days 00:00:00,100.0,100.0,0.0,-33.754412008834066,0.0,0.0,,,0,0,0,0.0,,,,,,,,,,inf,,inf,inf
277,GST-USD,0.0,2021-12-31,2022-09-12,256 days 00:00:00,100.0,100.0,0.0,-8.030499184734186,0.0,0.0,,,0,0,0,0.0,,,,,,,,,,inf,,inf,inf
278,GTAI-USD,0.0,2024-01-25,2024-08-06,194,100.0,100.0,0.0,-67.73821069694851,0.0,0.0,,,0,0,0,0.0,,,,,,,,,,,,,
279,GTC-USD,0.0,2021-12-31,2024-08-06,949,100.0,100.0,0.0,-86.38485495045019,0.0,0.0,,,0,0,0,0.0,,,,,,,,,,,,,
280,H2O-USD,0.0,2021-12-31,2022-10-30,304 days 00:00:00,100.0,100.0,0.0,-99.69487751635484,0.0,0.0,,,0,0,0,0.0,,,,,,,,,,inf,,inf,inf
281,HAI-USD,0.0,2021-12-31,2024-08-06,949,100.0,100.0,0.0,-75.83159543436115,0.0,0.0,,,0,0,0,0.0,,,,,,,,,,,,,
282,HAKA-USD,0.0,2021-12-31,2024-08-06,949,100.0,100.0,0.0,-98.38454467618885,0.0,0.0,,,0,0,0,0.0,,,,,,,,,,,,,
283,HALO-USD,0.0,2022-04-14,2022-06-14,62 days 00:00:00,100.0,100.0,0.0,-99.87587750317232,0.0,0.0,,,0,0,0,0.0,,,,,,,,,,inf,,inf,inf
284,HAPI-USD,0.0,2021-12-31,2024-08-06,949,100.0,100.0,0.0,-66.14220472242371,0.0,0.0,,,0,0,0,0.0,,,,,,,,,,,,,
285,HARD-USD,0.0,2021-12-31,2024-08-06,949,100.0,100.0,0.0,-89.17648554418382,0.0,0.0,,,0,0,0,0.0,,,,,,,,,,,,,
286,HBAR-USD,0.0,2021-12-31,2024-08-06,949,100.0,100.0,0.0,-81.72899428527167,0.0,0.0,,,0,0,0,0.0,,,,,,,,,,,,,
287,HBB-USD,0.0,2022-01-28,2024-08-06,921,100.0,100.0,0.0,-95.9379926750842,0.0,0.0,,,0,0,0,0.0,,,,,,,,,,,,,
288,HEART-USD,0.0,2021-12-31,2024-08-06,949,100.0,100.0,0.0,-95.71243885343162,0.0,0.0,,,0,0,0,0.0,,,,,,,,,,,,,
289,HFT-USD,0.0,2021-12-31,2023-07-06,523,100.0,100.0,0.0,,0.0,0.0,,,0,0,0,0.0,,,,,,,,,,,,,
290,HIBAKC-USD,0.0,2023-05-24,2024-08-06,437,100.0,100.0,0.0,-98.73038144184773,0.0,0.0,,,0,0,0,0.0,,,,,,,,,,,,,
291,HIBEANZ-USD,0.0,2023-03-02,2024-08-06,523,100.0,100.0,0.0,-98.72454052728382,0.0,0.0,,,0,0,0,0.0,,,,,,,,,,,,,
292,HIENS3-USD,0.0,2022-09-12,2024-08-06,694,100.0,100.0,0.0,-85.45939209285187,0.0,0.0,,,0,0,0,0.0,,,,,,,,,,,,,
271,GNS-USD,0.0,2021-12-31,2024-08-06,948,100.0,100.0,0.0,-23.723705782207116,0.0,0.0,,,0,0,0,0.0,,,,,,,,,,,,,
270,GMX-USD,0.0,2021-12-31,2023-11-29,699 days 00:00:00,100.0,100.0,0.0,-62.18678825306696,0.0,0.0,,,0,0,0,0.0,,,,,,,,,,inf,,inf,inf
269,GMT-USD,0.0,2021-12-31,2022-10-04,278 days 00:00:00,100.0,100.0,0.0,35.353281525246615,0.0,0.0,,,0,0,0,0.0,,,,,,,,,,inf,,inf,inf
257,GAS-USD,0.0,2021-12-31,2024-08-06,949,100.0,100.0,0.0,-50.51176409452343,0.0,0.0,,,0,0,0,0.0,,,,,,,,,,,,,
248,FTG-USD,0.0,2021-12-31,2024-08-06,949,100.0,100.0,0.0,-99.59248947041897,0.0,0.0,,,0,0,0,0.0,,,,,,,,,,,,,
249,FTM-USD,0.0,2021-12-31,2024-08-06,949,100.0,100.0,0.0,-87.7804292032478,0.0,0.0,,,0,0,0,0.0,,,,,,,,,,,,,
250,FTT-USD,0.0,2021-12-31,2024-08-06,949,100.0,100.0,0.0,-96.7474215797213,0.0,0.0,,,0,0,0,0.0,,,,,,,,,,,,,
251,FURY-USD,0.0,2022-08-28,2024-08-06,201,100.0,100.0,0.0,423.8861668074781,0.0,0.0,,,0,0,0,0.0,,,,,,,,,,,,,
252,FXS-USD,0.0,2021-12-31,2024-08-06,949,100.0,100.0,0.0,-95.12600242687522,0.0,0.0,,,0,0,0,0.0,,,,,,,,,,,,,
253,G3-USD,0.0,2024-04-08,2024-08-06,120,100.0,100.0,0.0,-70.92376312880576,0.0,0.0,,,0,0,0,0.0,,,,,,,,,,,,,
254,GAFI-USD,0.0,2021-12-31,2024-08-06,949,100.0,100.0,0.0,-97.51315568124973,0.0,0.0,,,0,0,0,0.0,,,,,,,,,,,,,
255,GAME-USD,0.0,2021-12-31,2024-08-06,949,100.0,100.0,0.0,-99.88305676640691,0.0,0.0,,,0,0,0,0.0,,,,,,,,,,,,,
256,GARI-USD,0.0,2022-01-17,2024-08-06,932,100.0,100.0,0.0,-98.30977987250415,0.0,0.0,,,0,0,0,0.0,,,,,,,,,,,,,
258,GEEQ-USD,0.0,2021-12-31,2024-08-06,949,100.0,100.0,0.0,-95.8269884189029,0.0,0.0,,,0,0,0,0.0,,,,,,,,,,,,,
268,GMRX-USD,0.0,2024-03-25,2024-08-06,134,100.0,100.0,0.0,-94.88001245895184,0.0,0.0,,,0,0,0,0.0,,,,,,,,,,,,,
259,GEM-USD,0.0,2021-12-31,2024-08-06,949,100.0,100.0,0.0,-85.62225883292336,0.0,0.0,,,0,0,0,0.0,,,,,,,,,,,,,
260,GFT-USD,0.0,2022-04-07,2024-08-06,852,100.0,100.0,0.0,-98.2446133136977,0.0,0.0,,,0,0,0,0.0,,,,,,,,,,,,,
261,GGG-USD,0.0,2021-12-31,2024-08-06,949,100.0,100.0,0.0,-99.43442775048324,0.0,0.0,,,0,0,0,0.0,,,,,,,,,,,,,
262,GHX-USD,0.0,2021-12-31,2024-08-06,949,100.0,100.0,0.0,-14.933718930551176,0.0,0.0,,,0,0,0,0.0,,,,,,,,,,,,,
263,GLM-USD,0.0,2021-12-31,2024-08-06,949,100.0,100.0,0.0,-40.0777057091039,0.0,0.0,,,0,0,0,0.0,,,,,,,,,,,,,
264,GLMR-USD,0.0,2022-01-10,2024-08-06,939,100.0,100.0,0.0,-98.67514358211439,0.0,0.0,,,0,0,0,0.0,,,,,,,,,,,,,
265,GLQ-USD,0.0,2021-12-31,2024-08-06,949,100.0,100.0,0.0,93.50082532692959,0.0,0.0,,,0,0,0,0.0,,,,,,,,,,,,,
266,GMEE-USD,0.0,2021-12-31,2024-08-06,949,100.0,100.0,0.0,-91.27175096622202,0.0,0.0,,,0,0,0,0.0,,,,,,,,,,,,,
267,GMM-USD,0.0,2022-03-29,2024-08-06,861,100.0,100.0,0.0,-97.13015573362131,0.0,0.0,,,0,0,0,0.0,,,,,,,,,,,,,
786,ZRX-USD,0.0,2021-12-31,2024-08-06,949,100.0,100.0,0.0,-67.68859051888076,0.0,0.0,,,0,0,0,0.0,,,,,,,,,,,,,
