,Symbol,Date,Close,rf_pb_15N_30d,lr_pb_10N_30d,Xv_pb_10P_30d,rf_pb_20N_30d,rf_pb_10N_15d,rf_pb_10P_30d,Xv_pb_10N_30d,rf_pb_10N_30d,Xv_pb_15N_30d,rf_pb_15P_30d,score_P_30d,score_P_15d,score_P_7d,score_N_30d,score_N_15d,score_N_7d
886784,ZEC-USD,2024-08-03,30.99901580810547,0.6452327181261007,0.6848255903470978,0.06123692,0.6393552575940684,0.6081926578791694,0.4032782487120723,0.9522463,0.6154668414792628,0.87117124,0.4098620295317658,0.2957402024175439,0,0,0.7324978915125309,0.6081926578791694,0
582328,PEOPLE-USD,2024-08-03,0.05555792152881622,0.4651501554001554,0.9259832164388316,0.052475058,0.3933704490467648,0.4239273670372741,0.451848223671753,0.8744681,0.3983524393064242,0.84016347,0.402627574437946,0.30792051321978087,0,0,0.6416774826539765,0.4239273670372741,0
609133,PSL-USD,2024-08-03,0.00015388315659947693,0.43026473685413313,0.3096364875880729,0.0085531045,0.3574168574115943,0.4194681413214695,0.39015593652922415,0.9751475,0.3901003999125782,0.91411835,0.36999354186844835,0.26130285822685806,0,0,0.5611442819599506,0.4194681413214695,0
705792,STX-USD,2024-08-03,0.006037960760295391,0.43026473685413313,0.9490089174940343,0.0085531045,0.3574168574115943,0.4194681413214695,0.39015593652922415,0.9751475,0.3901003999125782,0.91411835,0.36999354186844835,0.26130285822685806,0,0,0.6609869937009667,0.4194681413214695,0
810186,VOXEL-USD,2024-08-03,0.11552230268716812,0.4466866319954555,0.2166264755556414,0.0085531045,0.4175472869236028,0.4211852061194167,0.27716811660561663,0.9806238,0.4277454830531831,0.8891345,0.22155085477052006,0.17309886386410517,0,0,0.5629047414045532,0.4211852061194167,0
585291,PHA-USD,2024-08-03,0.10174019634723663,0.4514088542176777,0.26109207484752045,0.0085531045,0.41759856897488484,0.42201853945275003,0.2734812479187479,0.9806238,0.44442848958913084,0.8891345,0.20311434683401214,0.16583426852284722,0,0,0.5739190539361048,0.42201853945275003,0
51263,APT-USD,2024-08-03,0.00040937194717116654,0.35889317459286496,0.9926459685303036,0.009305167,0.3492690096453254,0.42362392916108094,0.4119526307026306,0.9806238,0.2989215333101158,0.8891345,0.4105345400213821,0.282401264541199,0,0,0.6335858835920065,0.42362392916108094,0
780272,UOS-USD,2024-08-03,0.08324573934078217,0.37712846871051203,0.7825297045397949,0.009305167,0.35593567631199213,0.42362392916108094,0.4269526307026306,0.9806238,0.2989215333101158,0.8891345,0.4220496915365336,0.291467501592558,0,0,0.604939281416819,0.42362392916108094,0
832780,WMT-USD,2024-08-03,0.17803700268268585,0.4943241268535386,0.7403722057675044,0.0044195177,0.499808137184453,0.42479728212908313,0.26728295196183127,0.9530333,0.43071680765221665,0.8876589,0.2738026030222682,0.18510961784738916,0,0,0.6608410881679991,0.42479728212908313,0
60711,ARX-USD,2024-08-03,0.0009183220099657774,0.4480742606636569,0.2852303917863884,0.0085531045,0.3492392017339386,0.4265850244383526,0.3847816996549872,0.9751475,0.39885905792123616,0.91411835,0.34754558763390037,0.2521418941362492,0,0,0.5609065667872521,0.4265850244383526,0
715973,SWASH-USD,2024-08-03,0.005846212152391672,0.3760669077224805,0.998245594805927,0.0085531045,0.35035247734721425,0.4249944622227904,0.3232385669885669,0.98571557,0.33245637451932664,0.93738407,0.31165777789461996,0.21860934939212945,0,0,0.6523913213973125,0.4249944622227904,0
736917,TIDAL-USD,2024-08-03,0.00017256215505767614,0.4480742606636569,0.8036364616907602,0.0085531045,0.3492392017339386,0.4265850244383526,0.3847816996549872,0.9751475,0.39885905792123616,0.91411835,0.34754558763390037,0.2521418941362492,0,0,0.6418594909067172,0.4265850244383526,0
876966,XWG-USD,2024-08-03,0.00045824158587493,0.4480742606636569,0.8269946401153935,0.0085531045,0.3492392017339386,0.4265850244383526,0.3847816996549872,0.9751475,0.39885905792123616,0.91411835,0.34754558763390037,0.2521418941362492,0,0,0.6455070424215501,0.4265850244383526,0
681974,SLP-USD,2024-08-03,0.0023502239491790533,0.4480742606636569,0.7643747426983516,0.0085531045,0.3492392017339386,0.4265850244383526,0.3847816996549872,0.9751475,0.39885905792123616,0.91411835,0.34754558763390037,0.2521418941362492,0,0,0.6357284844565447,0.4265850244383526,0
707044,SUIA-USD,2024-08-03,0.03543247655034065,0.4480742606636569,0.8607524804575175,0.0085531045,0.3492392017339386,0.4265850244383526,0.3847816996549872,0.9751475,0.39885905792123616,0.91411835,0.3495758906642034,0.2527970830590759,0,0,0.6507785777030661,0.4265850244383526,0
671196,SHILL-USD,2024-08-03,0.002469669794663787,0.4480742606636569,0.10048947242968774,0.0085531045,0.3492392017339386,0.4265850244383526,0.3847816996549872,0.9751475,0.39885905792123616,0.91411835,0.34754558763390037,0.2521418941362492,0,0,0.5320579122388941,0.4265850244383526,0
859309,XLM-USD,2024-08-03,0.08888812363147736,0.5005952690670182,0.8484185606653429,0.0085531045,0.36465495264968945,0.4194681413214695,0.40017866380195144,0.9751475,0.4064337332459115,0.91411835,0.3741071782320847,0.26620528242427716,0,0,0.6617536325271149,0.4194681413214695,0
604596,PRE-USD,2024-08-03,0.010022512637078762,0.43026473685413313,0.3418023166983936,0.0085531045,0.3574168574115943,0.4194681413214695,0.39015593652922415,0.9751475,0.3901003999125782,0.91411835,0.36999354186844835,0.26130285822685806,0,0,0.566167212967853,0.4194681413214695,0
683174,SNS-USD,2024-08-03,0.02002970688045025,0.43026473685413313,0.372054816944459,0.0085531045,0.3574168574115943,0.4194681413214695,0.39015593652922415,0.9751475,0.3901003999125782,0.91411835,0.36999354186844835,0.26130285822685806,0,0,0.5708913635884187,0.4194681413214695,0
716666,SWEAT-USD,2024-08-03,0.005788333248347044,0.43026473685413313,0.8513432177522956,0.0085531045,0.3574168574115943,0.4194681413214695,0.39015593652922415,0.9751475,0.3901003999125782,0.91411835,0.36999354186844835,0.26130285822685806,0,0,0.6457357757093913,0.4194681413214695,0
698011,STORE-USD,2024-08-03,0.006895768456161022,0.43026473685413313,0.880258536179179,0.0085531045,0.3574168574115943,0.4194681413214695,0.39015593652922415,0.9751475,0.3901003999125782,0.91411835,0.36999354186844835,0.26130285822685806,0,0,0.6502511155450793,0.4194681413214695,0
679160,SKL-USD,2024-08-03,0.041916199028491974,0.43026473685413313,0.8071628345189674,0.0085531045,0.3574168574115943,0.4194681413214695,0.39015593652922415,0.9751475,0.3901003999125782,0.91411835,0.37202384489875134,0.2619580471496847,0,0,0.6388366836287059,0.4194681413214695,0
591890,PMG-USD,2024-08-03,0.0008924577850848436,0.43026473685413313,0.7525870979972803,0.0085531045,0.3574168574115943,0.4194681413214695,0.39015593652922415,0.9751475,0.3901003999125782,0.91411835,0.36999354186844835,0.26130285822685806,0,0,0.6303142806054948,0.4194681413214695,0
873473,XTM-USD,2024-08-03,0.03194006159901619,0.43026473685413313,0.6045209291713167,0.0085531045,0.3574168574115943,0.4194681413214695,0.39015593652922415,0.9751475,0.3901003999125782,0.91411835,0.36999354186844835,0.26130285822685806,0,0,0.6071926583377631,0.4194681413214695,0
799875,VEMP-USD,2024-08-03,0.0035795338917523623,0.43026473685413313,0.8039369401094209,0.0085531045,0.3574168574115943,0.4194681413214695,0.39015593652922415,0.9751475,0.3901003999125782,0.91411835,0.36999354186844835,0.26130285822685806,0,0,0.638332936468875,0.4194681413214695,0
772927,UNB-USD,2024-08-03,0.0004609765892382711,0.43026473685413313,0.565324857411001,0.0085531045,0.3574168574115943,0.4194681413214695,0.39015593652922415,0.9751475,0.3901003999125782,0.91411835,0.36999354186844835,0.26130285822685806,0,0,0.6010719031861516,0.4194681413214695,0
726159,T-USD,2024-08-03,0.019248468801379204,0.43026473685413313,0.7904621102043451,0.0085531045,0.3574168574115943,0.4194681413214695,0.39015593652922415,0.9751475,0.3901003999125782,0.91411835,0.36999354186844835,0.26130285822685806,0,0,0.6362287425827395,0.4194681413214695,0
579183,PBX-USD,2024-08-03,0.0007637644885107875,0.43026473685413313,0.5508146153191809,0.0085531045,0.3574168574115943,0.4194681413214695,0.39015593652922415,0.9751475,0.3901003999125782,0.91411835,0.36999354186844835,0.26130285822685806,0,0,0.598806022064754,0.4194681413214695,0
693147,SPA-USD,2024-08-03,0.007008146028965712,0.43026473685413313,0.5394386014906833,0.0085531045,0.3574168574115943,0.4194681413214695,0.39015593652922415,0.9751475,0.3901003999125782,0.91411835,0.36999354186844835,0.26130285822685806,0,0,0.597029573759644,0.4194681413214695,0
691707,SOUL-USD,2024-08-03,0.0648755207657814,0.449153625743022,0.5513647215479549,0.0085531045,0.3574168574115943,0.4194681413214695,0.39015593652922415,0.9751475,0.3901003999125782,0.91411835,0.37202384489875134,0.2619580471496847,0,0,0.6021732367260215,0.4194681413214695,0
58613,ARPA-USD,2024-08-03,0.034668028354644775,0.43026473685413313,0.7307698528028689,0.0085531045,0.3574168574115943,0.4194681413214695,0.39015593652922415,0.9751475,0.3901003999125782,0.91411835,0.37566020853511506,0.26313151984728467,0,0,0.6269073571583121,0.4194681413214695,0
610694,PUMLX-USD,2024-08-03,0.004466785117983818,0.43026473685413313,0.8288679800608582,0.0085531045,0.3574168574115943,0.4194681413214695,0.39015593652922415,0.9751475,0.3901003999125782,0.91411835,0.36999354186844835,0.26130285822685806,0,0,0.6422261018899134,0.4194681413214695,0
878201,XYM-USD,2024-08-03,0.01702338643372059,0.43026473685413313,0.7606898309544715,0.0085531045,0.3574168574115943,0.4194681413214695,0.39015593652922415,0.9751475,0.3901003999125782,0.91411835,0.36999354186844835,0.26130285822685806,0,0,0.6315795820059293,0.4194681413214695,0
730450,TENET-USD,2024-08-03,0.0070762294344604015,0.4480742606636569,0.7803588110308495,0.0085531045,0.3492392017339386,0.4265850244383526,0.3847816996549872,0.9751475,0.39885905792123616,0.91411835,0.34754558763390037,0.2521418941362492,0,0,0.6382245143951597,0.4265850244383526,0
720872,SXP-USD,2024-08-03,0.2052094042301178,0.47604277705812215,0.4672200099075211,0.0085531045,0.46393014733804216,0.42842835186256245,0.26318407861295795,0.9806238,0.47530775493163147,0.8891345,0.23235388507355034,0.17159719154417147,0,0,0.6233164801432436,0.42842835186256245,0
895689,ZIL-USD,2024-08-03,0.013673133216798306,0.35934772004741045,0.7333517839335625,0.009305167,0.35146772759404343,0.41938042266757436,0.41331395385784686,0.9806238,0.30338978727836974,0.8891345,0.403732591969434,0.2806918023397357,0,0,0.5943714086260221,0.41938042266757436,0
613123,PUSH-USD,2024-08-03,0.07616718858480453,0.479670665892415,0.28774808406790797,0.0085531045,0.35685458634932327,0.43044866080198896,0.3869062417795293,0.9751475,0.40266064522282347,0.91411835,0.358238228326541,0.25635025003901796,0,0,0.5686661406733489,0.43044866080198896,0
763522,TURBOS-USD,2024-08-03,0.00112661172170192,0.45032426066365694,0.8759296305916426,0.0085531045,0.3501879196826566,0.43044866080198896,0.37690624177952936,0.9751475,0.40266064522282347,0.91411835,0.3518745919629047,0.2507298460344675,0,0,0.6544202366362959,0.43044866080198896,0
562352,OPUL-USD,2024-08-03,0.06536076217889786,0.47143537177476796,0.08628995141981845,0.0085531045,0.3501879196826566,0.43044866080198896,0.37690624177952936,0.9751475,0.40266064522282347,0.91411835,0.358238228326541,0.25278342325526737,0,0,0.5347795358872156,0.43044866080198896,0
623610,RACA-USD,2024-08-03,0.00013035624579060823,0.45032426066365694,0.5274227832753531,0.0085531045,0.3501879196826566,0.43044866080198896,0.37690624177952936,0.9751475,0.40266064522282347,0.91411835,0.3518745919629047,0.2507298460344675,0,0,0.5999983268559691,0.43044866080198896,0
643680,ROSE-USD,2024-08-03,0.06441750377416611,0.4692131495525458,0.6848636782212985,0.0085531045,0.3501879196826566,0.43044866080198896,0.37690624177952936,0.9751475,0.40266064522282347,0.91411835,0.3539048949932077,0.25138503495729414,0,0,0.6278651931444001,0.43044866080198896,0
34672,ALPHA-USD,2024-08-03,0.054498910903930664,0.45032426066365694,0.8811517326593401,0.0085531045,0.3501879196826566,0.43044866080198896,0.37690624177952936,0.9751475,0.40266064522282347,0.91411835,0.3539048949932077,0.25138503495729414,0,0,0.6552357063172516,0.43044866080198896,0
62796,ATA-USD,2024-08-03,0.0716325119137764,0.479670665892415,0.8617207767606643,0.0085531045,0.3501879196826566,0.43044866080198896,0.37690624177952936,0.9751475,0.40266064522282347,0.91411835,0.358238228326541,0.25278342325526737,0,0,0.6572993740927651,0.43044866080198896,0
884376,ZCX-USD,2024-08-03,0.0717914029955864,0.479670665892415,0.5365828646409678,0.0085531045,0.3501879196826566,0.43044866080198896,0.3869062417795293,0.9751475,0.40266064522282347,0.91411835,0.358238228326541,0.25635025003901796,0,0,0.6065266955763998,0.43044866080198896,0
839105,XAI-USD,2024-08-03,0.14910946786403656,0.4724377239977084,0.7505779355326748,0.006055688,0.4292730742941269,0.4290941125724408,0.4494568300801178,0.94397855,0.4239758715341798,0.8398509,0.42052859008896165,0.29796166948779373,0,0,0.6378897073891768,0.4290941125724408,0
601233,POND-USD,2024-08-03,0.012440232560038567,0.45032426066365694,0.3464893044625363,0.0085531045,0.3501879196826566,0.43044866080198896,0.37690624177952936,0.9751475,0.40266064522282347,0.91411835,0.3518745919629047,0.2507298460344675,0,0,0.5717442321774352,0.43044866080198896,0
694722,SRBP-USD,2024-08-03,9.292965842178091e-05,0.45032426066365694,0.16710483094774478,0.0085531045,0.3501879196826566,0.43044866080198896,0.37690624177952936,0.9751475,0.40266064522282347,0.91411835,0.3518745919629047,0.2507298460344675,0,0,0.5437320260793626,0.43044866080198896,0
618926,QKC-USD,2024-08-03,0.007306342013180256,0.37875366790072673,0.23520325732465205,0.0091189435,0.39038012075643663,0.430561783790112,0.40894353032588315,0.9806238,0.3691294781430606,0.87060857,0.40643477867162076,0.279945251413126,0,0,0.5357133198415184,0.430561783790112,0
732407,TFUEL-USD,2024-08-03,0.053403325378894806,0.3872298600092716,0.5129021091833509,0.0044195177,0.43811383149014743,0.43166596899777,0.2709690101565102,0.9530333,0.38815054071481975,0.8876589,0.2099643301839954,0.1658234416415605,0,0,0.5892174957251082,0.43166596899777,0
649531,RSR-USD,2024-08-03,0.0039018660318106413,0.3872298600092716,0.24470830795252668,0.0044195177,0.43811383149014743,0.43166596899777,0.2709690101565102,0.9530333,0.38815054071481975,0.8876589,0.21360069382035907,0.16699691433916042,0,0,0.5473370593244411,0.43166596899777,0
634137,REQ-USD,2024-08-03,0.08768392354249954,0.4423409711203828,0.5554064281455557,0.0044195177,0.4597804981568141,0.43166596899777,0.28958012126762134,0.9530333,0.4008588740481531,0.8876589,0.23040805312771834,0.1790589940459404,0,0,0.6111383840905178,0.43166596899777,0
580144,PEL-USD,2024-08-03,0.0036352674942463636,0.45032426066365694,0.3775639265200704,0.0085531045,0.3501879196826566,0.43044866080198896,0.37690624177952936,0.9751475,0.40266064522282347,0.91411835,0.3518745919629047,0.2507298460344675,0,0,0.576596763171003,0.43044866080198896,0
862770,XNL-USD,2024-08-03,0.005656912457197905,0.45032426066365694,0.6644854058230164,0.0085531045,0.3501879196826566,0.43044866080198896,0.37690624177952936,0.9751475,0.40266064522282347,0.91411835,0.3518745919629047,0.2507298460344675,0,0,0.6214016643685152,0.43044866080198896,0
628057,RDNT-USD,2024-08-03,0.06973761320114136,0.479670665892415,0.10738903404932935,0.0085531045,0.3554260149207519,0.43044866080198896,0.3919062417795293,0.9751475,0.40266064522282347,0.91411835,0.358238228326541,0.2581336634308933,0,0,0.5402881412994015,0.43044866080198896,0
595265,POLC-USD,2024-08-03,0.006847159005701542,0.45032426066365694,0.2526928714180445,0.0085531045,0.3501879196826566,0.43044866080198896,0.37690624177952936,0.9751475,0.40266064522282347,0.91411835,0.3518745919629047,0.2507298460344675,0,0,0.5570972286646717,0.43044866080198896,0
740541,TLM-USD,2024-08-03,0.009038721211254597,0.45032426066365694,0.232071312642882,0.0085531045,0.3501879196826566,0.43044866080198896,0.37690624177952936,0.9751475,0.40266064522282347,0.91411835,0.3518745919629047,0.2507298460344675,0,0,0.5538770204540334,0.43044866080198896,0
631729,REN-USD,2024-08-03,0.03507393226027489,0.45032426066365694,0.7522972428409781,0.0085531045,0.3501879196826566,0.43044866080198896,0.37690624177952936,0.9751475,0.40266064522282347,0.91411835,0.35754125862957137,0.25255850765489407,0,0,0.6351141291554672,0.43044866080198896,0
653711,RVN-USD,2024-08-03,0.015396329574286938,0.45032426066365694,0.1480506378920883,0.0085531045,0.3501879196826566,0.43044866080198896,0.37690624177952936,0.9751475,0.40266064522282347,0.91411835,0.3518745919629047,0.2507298460344675,0,0,0.540756573564162,0.43044866080198896,0
744247,TOKO-USD,2024-08-03,0.0005322963697835803,0.45032426066365694,0.38288020917767007,0.0085531045,0.3501879196826566,0.43044866080198896,0.37690624177952936,0.9751475,0.40266064522282347,0.91411835,0.3518745919629047,0.2507298460344675,0,0,0.5774269398443928,0.43044866080198896,0
831740,WLKN-USD,2024-08-03,0.001959359273314476,0.45032426066365694,0.8724750126961319,0.0085531045,0.3501879196826566,0.43044866080198896,0.37690624177952936,0.9751475,0.40266064522282347,0.91411835,0.3518745919629047,0.2507298460344675,0,0,0.6538807726203584,0.43044866080198896,0
615408,PZP-USD,2024-08-03,0.07902055978775024,0.479670665892415,0.3451545853550598,0.0085531045,0.3554260149207519,0.43044866080198896,0.39565624177952935,0.9751475,0.40266064522282347,0.91411835,0.358238228326541,0.2594712234747998,0,0,0.5774169824733216,0.43044866080198896,0
637270,REVV-USD,2024-08-03,0.005597755778580904,0.45032426066365694,0.18921265218234865,0.0085531045,0.3501879196826566,0.43044866080198896,0.37690624177952936,0.9751475,0.40266064522282347,0.91411835,0.3518745919629047,0.2507298460344675,0,0,0.5471843251143289,0.43044866080198896,0
869036,XRD-USD,2024-08-03,0.023330453783273697,0.45032426066365694,0.7853707336515342,0.0085531045,0.3501879196826566,0.43044866080198896,0.37690624177952936,0.9751475,0.40266064522282347,0.91411835,0.3518745919629047,0.2507298460344675,0,0,0.6402787982197138,0.43044866080198896,0
629372,REEF-USD,2024-08-03,0.001103762537240982,0.45032426066365694,0.704723874804157,0.0085531045,0.3501879196826566,0.43044866080198896,0.37690624177952936,0.9751475,0.40266064522282347,0.91411835,0.3518745919629047,0.2507298460344675,0,0,0.6276851975198816,0.43044866080198896,0
660317,SCLP-USD,2024-08-03,0.14531491696834564,0.4925794891383126,0.3824789456469049,0.0085531045,0.4361663345426504,0.43030285317824024,0.27050144993895,0.9806238,0.4362594886554241,0.8891345,0.238520551740217,0.17619718526373773,0,0,0.6012150420867737,0.43030285317824024,0
29502,ALEPH-USD,2024-08-03,0.13033418357372284,0.4825794891383126,0.8415920934716212,0.0085531045,0.4302139535902695,0.43030285317824024,0.27050144993895,0.9806238,0.4279261553220907,0.8891345,0.22852055174021702,0.17297013534533795,0,0,0.6686619950467542,0.43030285317824024,0
33277,ALICE-USD,2024-08-03,0.8892831802368164,0.49187611039145557,0.8356212348468228,0.0058783703,0.4886686646686647,0.4296446217038323,0.3896203367992161,0.9596365,0.5066551150878152,0.91000885,0.3134684233130885,0.24201332829573452,0,0,0.692948816819756,0.4296446217038323,0
755455,TRU-USD,2024-08-03,0.1507468819618225,0.4662440190528425,0.42119680742933363,0.0085531045,0.43286172686962165,0.4293518727860834,0.26348124791874794,0.9806238,0.45442848958913085,0.8891345,0.22987769459735982,0.1709041076606782,0,0,0.6057236166725997,0.4293518727860834,0
791909,USTC-USD,2024-08-03,0.015158702619373798,0.43026473685413313,0.831247352452642,0.0085531045,0.3574168574115943,0.4194681413214695,0.39015593652922415,0.9751475,0.3901003999125782,0.91411835,0.36999354186844835,0.26130285822685806,0,0,0.6425976584049047,0.4194681413214695,0
836124,WOOP-USD,2024-08-03,0.0022141265217214823,0.35934772004741045,0.9966056778717575,0.009305167,0.35146772759404343,0.41938042266757436,0.41331395385784686,0.9806238,0.30338978727836974,0.8891345,0.403732591969434,0.2806918023397357,0,0,0.6354804421372686,0.41938042266757436,0
42575,AMPL-USD,2024-08-03,0.8871687650680542,0.49187611039145557,0.8521525931882827,0.0031174333,0.4886686646686647,0.43447795503716563,0.3833375085163878,0.9596365,0.5066551150878152,0.91000885,0.3134684233130885,0.23888716183384026,0,0,0.6955303101222066,0.43447795503716563,0
7582,ACH-USD,2024-08-03,0.01817283220589161,0.36549005079887437,0.7972915215757157,0.0085531045,0.3962139535902695,0.40236846730267783,0.25805700549450555,0.9806238,0.4060371497198498,0.8891345,0.1909736541933195,0.1564148463035158,0,0,0.632065366493909,0.40236846730267783,0
756556,TRVL-USD,2024-08-03,0.02592727728188038,0.34827143608025957,0.7722900844261789,0.0085531045,0.4000540024303183,0.38280208923629977,0.2577598361887155,0.9806238,0.41316099319663435,0.8891345,0.18730698752665284,0.15512559952284916,0,0,0.6271288966238171,0.38280208923629977,0
809221,VOLT-USD,2024-08-03,0.0005924717988818884,0.43496223057987754,0.8456492767271264,0.048481185,0.47004562469694045,0.39157214009187696,0.32541474622965494,0.91194725,0.49123735768350857,0.78787297,0.2868277584224236,0.2241742193773582,0,0,0.6518928910254458,0.39157214009187696,0
798806,VELO-USD,2024-08-03,0.009018651209771633,0.3752368350603645,0.6342297627384895,0.006055688,0.4019723895987054,0.397492468301679,0.32468945518083453,0.95601314,0.4123752245277388,0.79803556,0.2515955323151975,0.19894376700450678,0,0,0.5921817408080683,0.397492468301679,0
694022,SQR-USD,2024-08-03,0.09037929028272629,0.4321325471913706,0.8177861867760501,0.0085531045,0.42033971671603254,0.4016188280530386,0.2849243383532177,0.9806238,0.4142491329980096,0.8891345,0.2094476801673454,0.17195961894955514,0,0,0.6520462133178903,0.4016188280530386,0
68976,AUDIO-USD,2024-08-03,0.11912111192941666,0.4294680172768407,0.5433830307111879,0.0085531045,0.4143873357636516,0.4016188280530386,0.2768709472998266,0.9806238,0.4373693265299677,0.8891345,0.20916990238956767,0.16899747358311873,0,0,0.6123371287475252,0.4016188280530386,0
40710,AMP-USD,2024-08-03,0.003440188243985176,0.36549005079887437,0.762350861755098,0.0085531045,0.3962139535902695,0.40236846730267783,0.25805700549450555,0.9806238,0.4060371497198498,0.8891345,0.1909736541933195,0.1564148463035158,0,0,0.6266091252433691,0.40236846730267783,0
61641,ASTR-USD,2024-08-03,0.05680471658706665,0.36549005079887437,0.8493865791801204,0.0085531045,0.3962139535902695,0.40236846730267783,0.25805700549450555,0.9806238,0.4060371497198498,0.8891345,0.18733729055695583,0.15524137360591586,0,0,0.640200393242393,0.40236846730267783,0
56384,ARKER-USD,2024-08-03,0.0003499543236102909,0.36549005079887437,0.8529386553349159,0.0085531045,0.3962139535902695,0.40236846730267783,0.25805700549450555,0.9806238,0.4060371497198498,0.8891345,0.1909736541933195,0.1564148463035158,0,0,0.6407550760829677,0.40236846730267783,0
674392,SIDUS-USD,2024-08-03,0.0022556057665497065,0.36549005079887437,0.414721925976315,0.0085531045,0.3962139535902695,0.40236846730267783,0.25805700549450555,0.9806238,0.4060371497198498,0.8891345,0.1909736541933195,0.1564148463035158,0,0,0.5723243078124671,0.40236846730267783,0
794317,UTK-USD,2024-08-03,0.03688116744160652,0.36549005079887437,0.37623020166352894,0.0085531045,0.3962139535902695,0.40236846730267783,0.25805700549450555,0.9806238,0.4060371497198498,0.8891345,0.18733729055695583,0.15524137360591586,0,0,0.5663135416999193,0.40236846730267783,0
760050,TSUGT-USD,2024-08-03,0.0073316870257258415,0.36549005079887437,0.3869382084071958,0.0085531045,0.3962139535902695,0.40236846730267783,0.25805700549450555,0.9806238,0.4060371497198498,0.8891345,0.1909736541933195,0.1564148463035158,0,0,0.5679856757811246,0.40236846730267783,0
803242,VET-USD,2024-08-03,0.022652877494692802,0.36549005079887437,0.5193917938991526,0.0085531045,0.3962139535902695,0.40236846730267783,0.25805700549450555,0.9806238,0.4060371497198498,0.8891345,0.1909736541933195,0.1564148463035158,0,0,0.5886692782274836,0.40236846730267783,0
578025,PBR-USD,2024-08-03,0.027797816321253777,0.36549005079887437,0.47191502780085587,0.0085531045,0.3962139535902695,0.40236846730267783,0.25805700549450555,0.9806238,0.4060371497198498,0.8891345,0.1909736541933195,0.1564148463035158,0,0,0.5812554316957446,0.40236846730267783,0
730014,TEL-USD,2024-08-03,0.0015581822954118252,0.36549005079887437,0.2943436276474231,0.0085531045,0.3962139535902695,0.40236846730267783,0.25805700549450555,0.9806238,0.4060371497198498,0.8891345,0.1909736541933195,0.1564148463035158,0,0,0.5535263503501892,0.40236846730267783,0
596523,POLK-USD,2024-08-03,0.016395827755331993,0.34827143608025957,0.8062702803409764,0.0085531045,0.4000540024303183,0.38280208923629977,0.2577598361887155,0.9806238,0.41316099319663435,0.8891345,0.18730698752665284,0.15512559952284916,0,0,0.6324351543649015,0.38280208923629977,0
55194,ARB-USD,2024-08-03,0.0011849435977637768,0.34827143608025957,0.7870875392510128,0.0085531045,0.4000540024303183,0.38280208923629977,0.2577598361887155,0.9806238,0.41316099319663435,0.8891345,0.18730698752665284,0.15512559952284916,0,0,0.6294396281278232,0.38280208923629977,0
811163,VR-USD,2024-08-03,0.006706750486046076,0.34827143608025957,0.7712517719918802,0.0085531045,0.4000540024303183,0.38280208923629977,0.2577598361887155,0.9806238,0.41316099319663435,0.8891345,0.18730698752665284,0.15512559952284916,0,0,0.626966756493549,0.38280208923629977,0
702827,STRAX-USD,2024-08-03,0.04247856140136719,0.3582714360802596,0.4393217466896885,0.0085531045,0.4012444786207945,0.38280208923629977,0.2599820584109377,0.9806238,0.4069845226083991,0.8891345,0.193519108738774,0.15792291022208246,0,0,0.5758480850851578,0.38280208923629977,0
19050,AERGO-USD,2024-08-03,0.08253611624240875,0.3693825471913707,0.7266043633367931,0.0085531045,0.406720669096985,0.38280208923629977,0.2677598361887155,0.9806238,0.41316099319663435,0.8891345,0.20051910873877404,0.16295604377454614,0,0,0.6246589110373764,0.38280208923629977,0
22704,AIEPK-USD,2024-08-03,0.004414897412061691,0.34827143608025957,0.8626688538307535,0.0085531045,0.4000540024303183,0.38280208923629977,0.2577598361887155,0.9806238,0.41316099319663435,0.8891345,0.18730698752665284,0.15512559952284916,0,0,0.6412422067996969,0.38280208923629977,0
627316,RBP-USD,2024-08-03,1.0032405953097623e-05,0.34827143608025957,0.6342994299824962,0.0085531045,0.4000540024303183,0.38280208923629977,0.2577598361887155,0.9806238,0.41316099319663435,0.8891345,0.18730698752665284,0.15512559952284916,0,0,0.6055806400988977,0.38280208923629977,0
660545,SCPT-USD,2024-08-03,0.012834613211452961,0.34827143608025957,0.8403255286723912,0.0085531045,0.4000540024303183,0.38280208923629977,0.2577598361887155,0.9806238,0.41316099319663435,0.8891345,0.18730698752665284,0.15512559952284916,0,0,0.6377531320933473,0.38280208923629977,0
776031,UNI-USD,2024-08-03,0.00011827273556264117,0.34827143608025957,0.6050997688973737,0.0085531045,0.4000540024303183,0.38280208923629977,0.2577598361887155,0.9806238,0.41316099319663435,0.8891345,0.18730698752665284,0.15512559952284916,0,0,0.6010208980639056,0.38280208923629977,0
830092,WIN-USD,2024-08-03,8.026212162803859e-05,0.34827143608025957,0.7026675407796654,0.0085531045,0.4000540024303183,0.38280208923629977,0.2577598361887155,0.9806238,0.41316099319663435,0.8891345,0.18730698752665284,0.15512559952284916,0,0,0.6162568238993215,0.38280208923629977,0
846382,XCUR-USD,2024-08-03,0.00795161072164774,0.34827143608025957,0.7010721548940857,0.0085531045,0.4000540024303183,0.38280208923629977,0.2577598361887155,0.9806238,0.41316099319663435,0.8891345,0.18730698752665284,0.15512559952284916,0,0,0.6160076926486777,0.38280208923629977,0
833518,WOMBAT-USD,2024-08-03,0.0005513295764103532,0.34827143608025957,0.3238265995554692,0.0085531045,0.4000540024303183,0.38280208923629977,0.2577598361887155,0.9806238,0.41316099319663435,0.8891345,0.18730698752665284,0.15512559952284916,0,0,0.5570980220474714,0.38280208923629977,0
815351,VSYS-USD,2024-08-03,0.00042654480785131454,0.34827143608025957,0.3328823777322807,0.0085531045,0.4000540024303183,0.38280208923629977,0.2577598361887155,0.9806238,0.41316099319663435,0.8891345,0.18730698752665284,0.15512559952284916,0,0,0.558512148474898,0.38280208923629977,0
574634,OXT-USD,2024-08-03,0.06504902243614197,0.34827143608025957,0.5374303499984223,0.0085531045,0.4000540024303183,0.38280208923629977,0.2577598361887155,0.9806238,0.41316099319663435,0.8891345,0.1836706238902892,0.15395212682524925,0,0,0.5904538201468865,0.38280208923629977,0
227,1CAT-USD,2024-08-03,0.0022396850399672985,0.34827143608025957,0.6697862532611045,0.0085531045,0.4000540024303183,0.38280208923629977,0.2577598361887155,0.9806238,0.41316099319663435,0.8891345,0.18730698752665284,0.15512559952284916,0,0,0.6111221687940458,0.38280208923629977,0
761964,TT-USD,2024-08-03,0.00309560215100646,0.34827143608025957,0.35666885222951134,0.0085531045,0.4000540024303183,0.38280208923629977,0.2577598361887155,0.9806238,0.41316099319663435,0.8891345,0.18730698752665284,0.15512559952284916,0,0,0.5622265815744161,0.38280208923629977,0
666273,SENSO-USD,2024-08-03,0.03164217621088028,0.34827143608025957,0.6444686671852545,0.0085531045,0.4000540024303183,0.38280208923629977,0.2577598361887155,0.9806238,0.41316099319663435,0.8891345,0.18730698752665284,0.15512559952284916,0,0,0.6071686413500782,0.38280208923629977,0
725252,SYS-USD,2024-08-03,0.07766660302877426,0.38660116190998545,0.37913901062500666,0.0085531045,0.4028806202569361,0.40236846730267783,0.2780570054945055,0.9806238,0.4060371497198498,0.8891345,0.20301910873877405,0.1674356281818168,0,0,0.5714319497149544,0.40236846730267783,0
44973,ANKR-USD,2024-08-03,0.024333447217941284,0.36549005079887437,0.8104794874276589,0.0085531045,0.3962139535902695,0.40236846730267783,0.25805700549450555,0.9806238,0.4060371497198498,0.8891345,0.1909736541933195,0.1564148463035158,0,0,0.6341247644463661,0.40236846730267783,0
888170,ZEE-USD,2024-08-03,0.009807377122342587,0.35934772004741045,0.09456377256024458,0.009305167,0.35146772759404343,0.41938042266757436,0.41331395385784686,0.9806238,0.30338978727836974,0.8891345,0.403732591969434,0.2806918023397357,0,0,0.49461995814114035,0.41938042266757436,0
880468,XYO-USD,2024-08-03,0.004952719900757074,0.35383365078334117,0.058979525180309106,0.009305167,0.3599466653229812,0.4110658695736095,0.40741813741813737,0.9806238,0.2940041451427275,0.8891345,0.4140345400213821,0.2819133568028522,0,0,0.48754884450649716,0.4110658695736095,0
19900,AERO-USD,2024-08-03,0.0002859665546566248,0.3734265587353823,0.5859202920529551,0.0085531045,0.39928862745441696,0.40870685114106176,0.23526672877775817,0.9806238,0.4112815580892582,0.8891345,0.22103348325314853,0.15798640625474075,0,0,0.601915992227931,0.40870685114106176,0
24448,AIPAD-USD,2024-08-03,0.05314980074763298,0.3734265587353823,0.545478679683197,0.0085531045,0.39928862745441696,0.40870685114106176,0.23526672877775817,0.9806238,0.4112815580892582,0.8891345,0.22103348325314853,0.15798640625474075,0,0,0.5956007367409692,0.40870685114106176,0
8259,ACQ-USD,2024-08-03,0.008469769731163979,0.3734265587353823,0.5120187796682082,0.0085531045,0.39928862745441696,0.40870685114106176,0.23526672877775817,0.9806238,0.4112815580892582,0.8891345,0.22103348325314853,0.15798640625474075,0,0,0.5903757270348562,0.40870685114106176,0
655678,SAFE-USD,2024-08-03,0.05447850003838539,0.3734265587353823,0.6094871992660214,0.0085531045,0.39928862745441696,0.40870685114106176,0.23526672877775817,0.9806238,0.4112815580892582,0.8891345,0.22103348325314853,0.15798640625474075,0,0,0.6055961382796579,0.40870685114106176,0
849190,XDB-USD,2024-08-03,0.0003116707957815379,0.3734265587353823,0.6905465177509468,0.0085531045,0.39928862745441696,0.40870685114106176,0.23526672877775817,0.9806238,0.4112815580892582,0.8891345,0.22103348325314853,0.15798640625474075,0,0,0.6182541475882607,0.40870685114106176,0
561305,OPEN-USD,2024-08-03,0.008483712561428547,0.43497740653739103,0.10087780287679123,0.006055688,0.3819397409607936,0.40929613277446103,0.4361007694740572,0.94397855,0.3820262436766573,0.8398509,0.3966397012000727,0.2854887303243293,0,0,0.5146955211795898,0.40929613277446103,0
769682,UFO-USD,2024-08-03,5.917135422350839e-05,0.3517503174500078,0.918240883532936,0.009305167,0.3599466653229812,0.4110658695736095,0.40741813741813737,0.9806238,0.2940041451427275,0.8891345,0.4140345400213821,0.2819133568028522,0,0,0.6213669218019824,0.4110658695736095,0
708955,SUKU-USD,2024-08-03,0.060236331075429916,0.36549005079887437,0.2531595014559052,0.0085531045,0.3962139535902695,0.40236846730267783,0.25805700549450555,0.9806238,0.4060371497198498,0.8891345,0.18733729055695583,0.15524137360591586,0,0,0.5470951458638617,0.40236846730267783,0
866760,XPR-USD,2024-08-03,0.0007505214307457209,0.3517503174500078,0.12534309711906788,0.009305167,0.3599466653229812,0.4110658695736095,0.40741813741813737,0.9806238,0.2940041451427275,0.8891345,0.4140345400213821,0.2819133568028522,0,0,0.49755009544828255,0.4110658695736095,0
722394,SYLO-USD,2024-08-03,0.0009876159019768238,0.3517503174500078,0.20393062559842853,0.009305167,0.3599466653229812,0.4110658695736095,0.40741813741813737,0.9806238,0.2940041451427275,0.8891345,0.4140345400213821,0.2819133568028522,0,0,0.5098221165511595,0.4110658695736095,0
599112,POLX-USD,2024-08-03,1.3217982086644042e-05,0.3517503174500078,0.9462260300185735,0.009305167,0.3599466653229812,0.4110658695736095,0.40741813741813737,0.9806238,0.2940041451427275,0.8891345,0.4140345400213821,0.2819133568028522,0,0,0.6257370084414807,0.4110658695736095,0
845048,XCN-USD,2024-08-03,0.0005923232529312372,0.4600232262291087,0.21762012153562602,0.048481185,0.45514341089766797,0.4134998297912385,0.44811987848752544,0.8892532,0.4152299598525813,0.8313478,0.36869805950843104,0.2943609694453583,0,0,0.5438984738177438,0.4134998297912385,0
742323,TLOS-USD,2024-08-03,0.16487199068069458,0.471514720573544,0.6962253411553719,0.0085531045,0.46193620794410273,0.413952161386372,0.26687094729982663,0.9806238,0.4489706337195102,0.8891345,0.22704436126402652,0.1711988239045944,0,0,0.6528734460231429,0.413952161386372,0
607888,PRQ-USD,2024-08-03,0.058126840740442276,0.36143105338074377,0.03345408349390643,0.009305167,0.35146772759404343,0.41938042266757436,0.41331395385784686,0.9806238,0.30338978727836974,0.8891345,0.403732591969434,0.2806918023397357,0,0,0.48543913968692615,0.41938042266757436,0
5509,ABBC-USD,2024-08-03,0.007660412695258856,0.3734265587353823,0.5670504912463704,0.0085531045,0.39928862745441696,0.40870685114106176,0.23526672877775817,0.9806238,0.4112815580892582,0.8891345,0.22103348325314853,0.15798640625474075,0,0,0.5989693339198471,0.40870685114106176,0
895968,ZKF-USD,2024-08-03,0.0014799808850511909,0.3562750606806334,0.04554584856159662,0.0085531045,0.355081415076152,0.4065139427422709,0.3317418692418691,0.98571557,0.339042593855546,0.93738407,0.315193852930695,0.22278343908053216,0,0,0.5021693303726704,0.4065139427422709,0
680321,SLIM-USD,2024-08-03,0.12301960587501526,0.4294680172768407,0.35536592342199474,0.0085531045,0.4143873357636516,0.40495216138637197,0.26687094729982663,0.9806238,0.4373693265299677,0.8891345,0.21738418810385338,0.16808143780376794,0,0,0.5829768733354868,0.40495216138637197,0
16825,ADX-USD,2024-08-03,0.14159834384918213,0.4366108744196978,0.865414909346038,0.0085531045,0.4143873357636516,0.40495216138637197,0.26687094729982663,0.9806238,0.43189313605377727,0.8891345,0.221020551740217,0.16925491050136787,0,0,0.662801198902084,0.40495216138637197,0
781123,UPO-USD,2024-08-03,0.035334985703229904,0.3702122730210966,0.2658390290066315,0.008316447,0.40326523564155153,0.4032018006360112,0.2543701368076368,0.9765772,0.4202201562557974,0.8891345,0.19013094135060665,0.15475198114862,0,0,0.5530058896856037,0.4032018006360112,0
42994,ANALOS-USD,2024-08-03,3.633387677837163e-05,0.3702122730210966,0.6506354816947078,0.0085531045,0.40326523564155153,0.4032018006360112,0.2543701368076368,0.9806238,0.4202201562557974,0.8891345,0.1863069875266528,0.15359384747687974,0,0,0.6137953708963553,0.4032018006360112,0
824115,WEN-USD,2024-08-03,0.0,0.3702122730210966,0.47314073815554697,0.0085531045,0.40326523564155153,0.4032018006360112,0.2543701368076368,0.9806238,0.4202201562557974,0.8891345,0.1863069875266528,0.15359384747687974,0,0,0.5860782600454346,0.4032018006360112,0
727620,TARA-USD,2024-08-03,0.004130751825869083,0.3702122730210966,0.2968711501668645,0.0085531045,0.40326523564155153,0.4032018006360112,0.2543701368076368,0.9806238,0.4202201562557974,0.8891345,0.1863069875266528,0.15359384747687974,0,0,0.5585524662528399,0.4032018006360112,0
851496,XDC-USD,2024-08-03,0.02738293446600437,0.3702122730210966,0.4685945150587269,0.0085531045,0.40326523564155153,0.4032018006360112,0.2543701368076368,0.9806238,0.4202201562557974,0.8891345,0.1863069875266528,0.15359384747687974,0,0,0.5853683338413396,0.4032018006360112,0
801048,VERSE-USD,2024-08-03,0.00012002439325442538,0.3702122730210966,0.5054778143527027,0.0085531045,0.40326523564155153,0.4032018006360112,0.2543701368076368,0.9806238,0.4202201562557974,0.8891345,0.1863069875266528,0.15359384747687974,0,0,0.5911279325466008,0.4032018006360112,0
813114,VRA-USD,2024-08-03,0.002764681354165077,0.3702122730210966,0.6261002705133641,0.0085531045,0.40326523564155153,0.4032018006360112,0.2543701368076368,0.9806238,0.4202201562557974,0.8891345,0.1863069875266528,0.15359384747687974,0,0,0.6099640170517046,0.4032018006360112,0
672910,SHR-USD,2024-08-03,0.001401305547915399,0.3702122730210966,0.6156398371501626,0.0085531045,0.40326523564155153,0.4032018006360112,0.2543701368076368,0.9806238,0.4202201562557974,0.8891345,0.1863069875266528,0.15359384747687974,0,0,0.6083305433763979,0.4032018006360112,0
674620,SILLY-USD,2024-08-03,0.010440425015985966,0.3702122730210966,0.17230320127434975,0.0085531045,0.40326523564155153,0.4032018006360112,0.2543701368076368,0.9806238,0.4202201562557974,0.8891345,0.1863069875266528,0.15359384747687974,0,0,0.539100264012474,0.4032018006360112,0
796327,VCORE-USD,2024-08-03,0.0012896581320092082,0.36549005079887437,0.2357462507882221,0.0085531045,0.3962139535902695,0.40236846730267783,0.25805700549450555,0.9806238,0.4060371497198498,0.8891345,0.1909736541933195,0.1564148463035158,0,0,0.5443759385825229,0.40236846730267783,0
697089,STND-USD,2024-08-03,0.01839071325957775,0.36549005079887437,0.22384068243142638,0.0085531045,0.3962139535902695,0.40236846730267783,0.25805700549450555,0.9806238,0.4060371497198498,0.8891345,0.1909736541933195,0.1564148463035158,0,0,0.5425167964394446,0.40236846730267783,0
592825,POKT-USD,2024-08-03,0.03501822054386139,0.36549005079887437,0.24885353061554788,0.0085531045,0.3962139535902695,0.40236846730267783,0.25805700549450555,0.9806238,0.4060371497198498,0.8891345,0.18733729055695583,0.15524137360591586,0,0,0.5464227368182569,0.40236846730267783,0
847402,XCV-USD,2024-08-03,0.0010466605890542269,0.36549005079887437,0.22193479013045142,0.0085531045,0.3962139535902695,0.40236846730267783,0.25805700549450555,0.9806238,0.4060371497198498,0.8891345,0.1909736541933195,0.1564148463035158,0,0,0.5422191773262094,0.40236846730267783,0
856685,XEN-USD,2024-08-03,0.0,0.44615759399699023,0.48993813194656927,0.0085531045,0.3451937471884841,0.43244866080198896,0.36235581085581087,0.9751475,0.425088855901034,0.91411835,0.336591416589946,0.24060800237706464,0,0,0.5970336391882416,0.43244866080198896,0
767618,TWT-USD,2024-08-03,0.8799971342086792,0.49187611039145557,0.49447371484327945,0.0031174333,0.4886686646686647,0.43447795503716563,0.3833375085163878,0.9596365,0.4977662261989263,0.91000885,0.3134684233130885,0.23888716183384026,0,0,0.6379483814636001,0.43447795503716563,0
790560,USDP-USD,2024-08-03,1.0004699230194092,0.5703370634741602,0.9471442467715466,0.06968311,0.5514466138436728,0.5897803779324677,0.44732261855791267,0.87499875,0.5363212787086998,0.7942919,0.415799839049839,0.31607417962707735,0,0,0.7067780265285947,0.5897803779324677,0
664719,SEI-USD,2024-08-03,0.2498260736465454,0.5741483560766268,0.08589241256097872,0.0085531045,0.42316765106238796,0.5152312768787227,0.4255137453870329,0.9751475,0.5163325639903306,0.91411835,0.44935498411976743,0.2995247097658556,0,0,0.585567111213171,0.5152312768787227,0
581338,PENDLE-USD,2024-08-03,2.6302859783172607,0.5823248373181236,0.13562848508916744,0.0066441833,0.4647072919770289,0.510314225792554,0.480297059295347,0.9424911,0.5104898642064541,0.88225275,0.4152010075407908,0.30743128641553075,0,0,0.5892971882704818,0.510314225792554,0
591150,PLU-USD,2024-08-03,2.185974597930908,0.593709398835038,0.7153637863944682,0.009382015,0.48993542130384227,0.5104606765640048,0.4290630098480622,0.97446525,0.5487917567583469,0.9496858,0.3916455685353519,0.2824333133850815,0,0,0.7088806309134231,0.5104606765640048,0
786485,USDD-USD,2024-08-03,0.9969582557678223,0.4625868575868576,0.8163422757043152,0.06436824,0.5498178488178487,0.51298743313217,0.40077396432289236,0.87499875,0.6060996939209389,0.8340636,0.3927080309276962,0.29031522437040735,0,0,0.6870417292501984,0.51298743313217,0
826849,WHALE-USD,2024-08-03,0.48156115412712097,0.5591527610284003,0.15409375997595162,0.0085531045,0.42668772575893327,0.513189069086515,0.4771499992298086,0.9751475,0.517475017941608,0.91411835,0.44837825251803587,0.31762727092418486,0,0,0.5943606672802744,0.513189069086515,0
892269,ZETA-USD,2024-08-03,0.44059544801712036,0.5556805388061781,0.012390026684374136,0.0085531045,0.42277197484318235,0.5134027443001902,0.4916336948819825,0.928839,0.5127527957193858,0.9383687,0.4557115858513691,0.3251598575556646,0,0,0.5658195480438131,0.5134027443001902,0
1546,1INCH-USD,2024-08-03,0.2872576415538788,0.5705119924402633,0.9071313284270127,0.0085531045,0.40994542884016577,0.5152312768787227,0.46405523167851925,0.9751475,0.5163325639903306,0.91411835,0.45760750937229266,0.31593492141913404,0,0,0.711200875212858,0.5152312768787227,0
1982,AA-USD,2024-08-03,0.45988816022872925,0.5498472054728448,0.6832779891476743,0.0085531045,0.4411547587259661,0.5172412293445576,0.49586977944958877,0.9751475,0.48769255040914045,0.91411835,0.4446638690902461,0.32310564219781307,0,0,0.6717544869380161,0.5172412293445576,0
611913,PUNDIX-USD,2024-08-03,0.378757119178772,0.5383200969604421,0.5987756609706355,0.008381801,0.4878017435780594,0.5255833635175741,0.3122445159653369,0.9806238,0.5612970140385376,0.87060857,0.2942427367189808,0.20901311891879332,0,0,0.6721257566306108,0.5255833635175741,0
641716,RLC-USD,2024-08-03,1.342612385749817,0.5301194340612497,0.138190470375435,0.0063967616,0.44710520035520046,0.5188693504065022,0.4515767758311952,0.9596365,0.4630327415463239,0.91000885,0.4330430176548598,0.3028656381825,0,0,0.5759897144594701,0.5188693504065022,0
687088,SOL-USD,2024-08-03,135.9063720703125,0.5406157481407482,0.4375110484570657,0.21784283,0.6188351478586772,0.5214438606938606,0.3608941611195597,0.86730826,0.5936771683768672,0.755806,0.40934009330975857,0.33066388599057983,0,0,0.6360336069803955,0.5214438606938606,0
614934,PYUSD-USD,2024-08-03,0.9995880722999573,0.5362606267608792,0.5385086748647393,0.0058783703,0.5125949328449328,0.5216075142917248,0.38151982399064494,0.9878598,0.57962274304809,0.92839926,0.3101667293929735,0.23805854258141307,0,0,0.6797253005355621,0.5216075142917248,0
795660,VAI-USD,2024-08-03,0.9985837340354919,0.4115659030511972,0.6312056819499114,0.052091092,0.446271620708153,0.5234709642209643,0.45018606883312773,0.8084629,0.4850409468772848,0.84276414,0.4282831502528154,0.3154837296834955,0,0,0.6000659135401887,0.5234709642209643,0
890844,ZEN-USD,2024-08-03,8.203228950500488,0.5523767926517927,0.6109674557029563,0.1028525,0.5235593654711304,0.5239825157522524,0.3256518038036728,0.9386271,0.6265440129988658,0.8679507,0.32036742708709226,0.25251430725125495,0,0,0.6868213664023437,0.5239825157522524,0
817057,VXV-USD,2024-08-03,0.30137014389038086,0.5671415777672171,0.9480958559350062,0.0085531045,0.4166437697149772,0.5240669869203152,0.4732412956145833,0.9751475,0.5049855221432887,0.91411835,0.4512785050432883,0.3171690300172274,0,0,0.7158083237114002,0.5240669869203152,0
599910,POLYX-USD,2024-08-03,0.20680084824562073,0.5571571185559775,0.3421636313618829,0.0044195177,0.45325772619193694,0.5072770580720942,0.3748941982674859,0.9402344,0.4670192661770327,0.91294265,0.39103410744742007,0.26132387708187554,0,0,0.6113228217512614,0.5072770580720942,0
819618,WAVES-USD,2024-08-03,1.0132478475570679,0.5674531016369251,0.532556749711392,0.0058783703,0.49005713584660954,0.5066746333588439,0.3629847757055966,0.9596365,0.5774347553821613,0.8945575,0.36128122162588683,0.2479423137142178,0,0,0.6703519111764605,0.5066746333588439,0
9601,ACS-USD,2024-08-03,0.2522731125354767,0.5693983560766269,0.9684768858028838,0.0085531045,0.42221893311367,0.5062632351165633,0.4086633735366611,0.9751475,0.5120309766887433,0.91411835,0.41565097979076315,0.28263802356068335,0,0,0.7215860622083958,0.5062632351165633,0
645202,ROUTE-USD,2024-08-03,2.2490909099578857,0.5851855893112285,0.19547258645399582,0.006291103,0.4847638706322916,0.5062009363042645,0.4562158765891642,0.97446525,0.5333664320830221,0.9306554,0.40892685610323304,0.2967040438877071,0,0,0.6195304922106543,0.5062009363042645,0
823680,WEMIX-USD,2024-08-03,0.8507944941520691,0.5591527610284003,0.8510926208562698,0.0031174333,0.428536264904686,0.5055773474747933,0.4928847355080231,0.9485399,0.5117174421840324,0.9306554,0.48293380807359143,0.3326480857720745,0,0,0.7002836024040243,0.5055773474747933,0
841450,XCAD-USD,2024-08-03,0.3899088501930237,0.5424987206243599,0.8542128527441408,0.0085531045,0.42320604077724816,0.5047842696375979,0.5024070465303341,0.94483626,0.4843592170758072,0.91411835,0.45212418655056347,0.32784485381458184,0,0,0.6885904104655339,0.5047842696375979,0
14417,ADS-USD,2024-08-03,0.24729914963245392,0.554088832267103,0.8763221387263822,0.0085531045,0.43484103323577,0.5046008974542256,0.4463391977124853,0.9751475,0.49960565201341856,0.91411835,0.4489322673586444,0.30681637507072135,0,0,0.7040080946412729,0.5046008974542256,0
614586,PYTH-USD,2024-08-03,0.2716897130012512,0.5000342210286683,0.06246584717561796,0.0085531045,0.4302183824946983,0.5037498734782018,0.4669891913641912,0.98571557,0.46693467971086716,0.93738407,0.38918390454574664,0.2949007751808516,0,0,0.5658781058361281,0.5037498734782018,0
661950,SCRT-USD,2024-08-03,0.2028430849313736,0.5652570517288008,0.9480777562948155,0.0085531045,0.4221449237896606,0.5030090546565006,0.369815693438981,0.9751475,0.4962222698726835,0.91411835,0.37171387767719044,0.25460300679575243,0,0,0.7145973610057723,0.5030090546565006,0
571627,OUSD-USD,2024-08-03,0.9975830912590027,0.5598178704288039,0.1978213891784458,0.0058783703,0.42425299262141375,0.502955986809315,0.4655995207228083,0.977451,0.511415854882445,0.92042047,0.4523825815223649,0.3139420794097348,0,0,0.6011263848340629,0.502955986809315,0
559038,OP-USD,2024-08-03,1.3658849000930786,0.588880033755673,0.7838244731919941,0.0058783703,0.43552893889736,0.5029106808081266,0.4830482123820263,0.9485399,0.5341211218377119,0.9306554,0.44637536651514986,0.318227167215001,0,0,0.7003434941522276,0.5029106808081266,0
49888,API3-USD,2024-08-03,1.3851560354232788,0.6008800337556731,0.8772864833132533,0.0058783703,0.43473406710248824,0.5029106808081266,0.46929821238202635,0.9485399,0.5341211218377119,0.9306554,0.4429825093722927,0.31222788845074395,0,0,0.7169040204146864,0.5029106808081266,0
28013,AKT-USD,2024-08-03,2.2482519149780273,0.6108141445794897,0.7847163478129839,0.0048497897,0.5657744200244202,0.5022377812607587,0.34520186063936065,0.95177394,0.5343712138325517,0.9186291,0.2109795371992024,0.19276657647330786,0,0,0.722535595327911,0.5022377812607587,0
752384,TRB-USD,2024-08-03,59.439178466796875,0.5391455190873348,0.07532780583351732,0.014344174,0.5186335070158598,0.501416838049578,0.42686790405976444,0.94849175,0.45833224616183216,0.8732889,0.459343964257277,0.3050878968719988,0,0,0.5699721135690903,0.501416838049578,0
56765,ARKM-USD,2024-08-03,0.9859409928321838,0.5648195321657596,0.8396100357884293,0.004291526,0.43893356059145555,0.5010834461284823,0.48546305996134764,0.88081664,0.4715235527401429,0.93417466,0.4687670248568081,0.32580563959156617,0,0,0.6820290450422953,0.5010834461284823,0
651371,RUNE-USD,2024-08-03,3.3207099437713623,0.6148977554131005,0.3933792227854197,0.009382015,0.5657337246087246,0.49950761419182477,0.3410640262515262,0.9800888,0.5889826764153764,0.90234363,0.20505884677851205,0.1908331336995967,0,0,0.6751536005170683,0.49950761419182477,0
634904,REV3L-USD,2024-08-03,0.012981090694665909,0.46233595081389206,0.7904650057163911,0.011161088,0.5062811278590691,0.4992901937244043,0.3008646980708131,0.97977465,0.5360236100758548,0.86904967,0.2650522422719075,0.19642529056014535,0,0,0.6863248107273541,0.4992901937244043,0
700419,STORJ-USD,2024-08-03,0.31709015369415283,0.5493320539576932,0.8760870279905771,0.0085531045,0.4205589819537188,0.5252834371367654,0.501794382624192,0.9751475,0.4917824196901862,0.91411835,0.45789312594450293,0.32948799275164187,0,0,0.6994889310292222,0.5252834371367654,0
606442,PROM-USD,2024-08-03,5.473991870880127,0.5950164422817874,0.6312987092402524,0.009382015,0.5511714360201202,0.5256419279173149,0.36670377539127536,0.97919786,0.541472358302117,0.90234363,0.2614210262656915,0.21816674476712072,0,0,0.6972864724610304,0.5256419279173149,0
39286,AMB-USD,2024-08-03,0.007407351862639189,0.4795368471397882,0.6027909674052591,0.011161088,0.47805496271056763,0.4956575907609191,0.42419570462217515,0.9740647,0.4650123610050082,0.8980406,0.3784968861204156,0.27702447717099954,0,0,0.6454322810845361,0.4956575907609191,0
47156,AOG-USD,2024-08-03,0.681515634059906,0.5767446228880054,0.5259691733073396,0.068194106,0.5524609785639198,0.5662899818906011,0.4038513422851658,0.93819624,0.6148672743796956,0.7608976,0.43185903089641414,0.3052737156584346,0,0,0.6633714610505357,0.5662899818906011,0
52794,AR-USD,2024-08-03,21.657825469970703,0.5135216186290489,0.8313808236879621,0.015084936,0.4687833307043832,0.552543137021398,0.4361875624375624,0.94850063,0.5394627904774965,0.76579607,0.3618505134451788,0.2771879318360382,0,0,0.675446719042725,0.552543137021398,0
67594,AUCTION-USD,2024-08-03,13.759255409240723,0.6152930129333581,0.7793883143507372,0.008766562,0.6535418686920234,0.5528947409539517,0.3568996399841987,0.97122663,0.598173549189029,0.9305165,0.22473668721293144,0.20263423828127608,0,0,0.753194324837917,0.5528947409539517,0
871444,XRP-USD,2024-08-03,0.5288887023925781,0.5080736549670373,0.6968161201073032,0.06338122,0.5074516861365068,0.5554803719099386,0.43206265629795026,0.90908724,0.6236685464461547,0.8482437,0.3920630813630814,0.3009507800105988,0,0,0.6814320198602866,0.5554803719099386,0
622529,QUICK-USD,2024-08-03,33.569297790527344,0.595413378678724,0.4575702576329346,0.008912883,0.6060114330114328,0.561410562060949,0.37858492202242205,0.956762,0.5962257290353267,0.96846515,0.338080727675393,0.24699260276043483,0,0,0.6953054296438254,0.561410562060949,0
739325,TIME-USD,2024-08-03,17.546113967895508,0.6102658734062186,0.615756867344138,0.008766562,0.580620167843852,0.5619633287387158,0.3909485306360307,0.9683812,0.5934298884380155,0.9410459,0.28726162455628984,0.23495599718985472,0,0,0.7160622637668526,0.5619633287387158,0
842640,XCH-USD,2024-08-03,16.42192268371582,0.6169325400728853,0.5971074534583511,0.008766562,0.6066519138755979,0.5649633287387158,0.3827754537129537,0.9683812,0.5995013170094441,0.9410459,0.2629259102705756,0.22418754574237476,0,0,0.7193806133359206,0.5649633287387158,0
621113,QNT-USD,2024-08-03,61.90988540649414,0.581618341199863,0.43588156575227605,0.013190272,0.4780778360786098,0.5685815973099255,0.39745131565274433,0.89421284,0.5741435786435788,0.90144765,0.40833548156350014,0.27776486201894984,0,0,0.6450113879824175,0.5685815973099255,0
785659,USDC-USD,2024-08-03,0.9998036026954651,0.5614208218252336,0.03737481407896346,0.0058783703,0.43430549567391674,0.5256630575163858,0.48209394296723057,0.9485399,0.5226678390094291,0.9306554,0.42610081650375775,0.31134409734825474,0,0,0.5766006509613177,0.5256630575163858,0
23925,AIOZ-USD,2024-08-03,0.44526493549346924,0.48620118688501046,0.5927719565231672,0.0210066,0.462102302668092,0.5730319455102065,0.39729751158083254,0.9201203,0.5007746143535993,0.7526274,0.3788397782653258,0.2706976037098234,0,0,0.6179913353979855,0.5730319455102065,0
881945,YFI-USD,2024-08-03,5185.19580078125,0.5512403703714625,0.22903787529685227,0.03533236,0.4975708634330925,0.5770208339275678,0.4868089388561142,0.55732524,0.46346465146194255,0.6846118,0.5424430277112524,0.36001337933008914,0,0,0.4973096283548953,0.5770208339275678,0
783531,UQC-USD,2024-08-03,6.565035820007324,0.6048941262985379,0.14995742759288955,0.009382015,0.5205090282524492,0.5781719930253213,0.4126630682863559,0.9733296,0.5611933135349035,0.9246031,0.382535964688906,0.27364402366872487,0,0,0.6254770409779442,0.5781719930253213,0
567223,ORDI-USD,2024-08-03,28.080690383911133,0.5250390593705813,0.4997282867729115,0.008912883,0.48567005758259596,0.5806988411771694,0.4642669863321344,0.9593419,0.5206262065873719,0.9552105,0.488814868417716,0.32619657060538476,0,0,0.6553930449814659,0.5806988411771694,0
3385,AAVE-USD,2024-08-03,103.69927215576172,0.5949713786213787,0.520183331178923,0.070177235,0.6838344433344434,0.5866683167933168,0.3308371281281498,0.93300605,0.6675324743757778,0.6994096,0.28173377315932074,0.2314204559047716,0,0,0.6852033393425078,0.5866683167933168,0
778439,UNO-USD,2024-08-03,8.283989906311035,0.5922522935327728,0.46269286906647367,0.076027855,0.5945912094441506,0.5879994320670412,0.39571342464724824,0.9449327,0.5811923104547317,0.80381155,0.39205302154628724,0.2920370597835902,0,0,0.663673924452648,0.5879994320670412,0
786847,USDE-USD,2024-08-03,1.0178589820861816,0.5657711455211457,0.3155600329163179,0.06436824,0.6025130147630147,0.549184191751801,0.37644175595646184,0.87499875,0.6502210031672478,0.7942919,0.3233132492387968,0.2592423046608354,0,0,0.6371327472147873,0.549184191751801,0
861717,XMR-USD,2024-08-03,150.83740234375,0.5678124370183194,0.7283718533044083,0.20008539,0.5525739296245825,0.5484277753836577,0.4846989159906161,0.7434695,0.5016864207962339,0.80421984,0.37490180042055743,0.358016231672753,0,0,0.6443576889950222,0.5484277753836577,0
563729,ORAI-USD,2024-08-03,6.08140230178833,0.611817984693624,0.1555938183637329,0.009129773,0.5068595666029876,0.548012329159775,0.427386761260049,0.9733296,0.5377429167095067,0.9246031,0.40523590303745105,0.2861402212394304,0,0,0.6209610008170786,0.548012329159775,0
695740,SSV-USD,2024-08-03,22.881591796875,0.5803765266418719,0.2044819166614332,0.004606226,0.5307889610389609,0.5469122040601815,0.39088650932400926,0.92425597,0.5570600241262007,0.92730296,0.346816852661518,0.25281878956936676,0,0,0.6223819052722026,0.5469122040601815,0
673427,SHRAP-USD,2024-08-03,14.55436897277832,0.5998883032639427,0.5138947226408658,0.008766562,0.533656285407059,0.5464158325191608,0.4598377547110424,0.95958745,0.5366070204305499,0.9549243,0.41340304657942356,0.30023405670876824,0,0,0.6808877920640686,0.5464158325191608,0
867982,XPRT-USD,2024-08-03,0.21551118791103363,0.5889416380011009,0.845973126060693,0.011371097,0.49400077700077694,0.5434193053535158,0.307892433407372,0.9967314,0.5652876647776031,0.89484173,0.2736200954713397,0.20176418238222482,0,0,0.7277224625700892,0.5434193053535158,0
753602,TRIAS-USD,2024-08-03,5.756361484527588,0.5680891310309468,0.9958987765024003,0.009382015,0.5175058647492857,0.5434140426423709,0.43605935730935735,0.9846585,0.5062900873750984,0.9451988,0.35623295271979477,0.27350096143862723,0,0,0.7451771032907138,0.5434140426423709,0
704049,STRK-USD,2024-08-03,5.630538463592529,0.5883457624714018,0.9231724412974079,0.009382015,0.5118940598874808,0.542600203703532,0.45522814210142976,0.9733296,0.5351826713992615,0.9246031,0.41135695378333076,0.2981269252528541,0,0,0.7370016833704754,0.542600203703532,0
576737,PAXG-USD,2024-08-03,2477.373779296875,0.5923751248751248,0.34751893706742976,0.14524493,0.4861377051681577,0.5388987390605036,0.43171766664707856,0.81456685,0.4785018037518036,0.81128114,0.4590424599909894,0.34868882404548707,0,0,0.5881032981504521,0.5388987390605036,0
754264,TRIBL-USD,2024-08-03,1.509130835533142,0.5497285214785215,0.7840546816917278,0.055603627,0.5462550513212279,0.5380607625804994,0.3535707772619537,0.82867694,0.6523299354097882,0.8258118,0.2717640068145543,0.2316393825156628,0,0,0.6963067542978354,0.5380607625804994,0
827079,WIF-USD,2024-08-03,1.5093458890914917,0.4982880893616187,0.5231764259896055,0.020820038,0.3956031819058135,0.5369770241244026,0.4939637551725692,0.80751735,0.463917777562939,0.8767491,0.4518420935789356,0.32867517575780353,0,0,0.5916180584268155,0.5369770241244026,0
66338,ATOM-USD,2024-08-03,4.911717414855957,0.5995957624714019,0.9060611769111662,0.009382015,0.4861095666029876,0.5317305831280291,0.44668834856163636,0.9733296,0.5406318055983956,0.9246031,0.39968034748189546,0.2913128296790872,0,0,0.7334876901455996,0.5317305831280291,0
647631,RPL-USD,2024-08-03,11.850286483764648,0.6258214289617743,0.16694909204195246,0.008766562,0.6063549053285894,0.5297172969926841,0.3618436355311356,0.9683812,0.5660608408189678,0.9150379,0.2607166889363542,0.21600860201739142,0,0,0.6432269365490983,0.5297172969926841,0
788421,USDJ-USD,2024-08-03,1.0765269994735718,0.4946679676532617,0.18354530050367998,0.0063967616,0.4325090465090466,0.5296715059393079,0.463510545010545,0.9596365,0.4657882499268323,0.91000885,0.4659538517038518,0.3177426973697271,0,0,0.5752668124773022,0.5296715059393079,0
566771,ORCA-USD,2024-08-03,1.9339990615844727,0.6054715598766109,0.9073808873402903,0.0064311544,0.5591978642534693,0.5275450399989875,0.4080380779351367,0.9337085,0.6098231906981908,0.91739386,0.3672562558356677,0.26611744899438305,0,0,0.7511275413606566,0.5275450399989875,0
766151,TUSD-USD,2024-08-03,0.9988404512405396,0.47575042940567885,0.6390882082147457,0.06436824,0.5199479064194916,0.5274412432109802,0.4617739188915658,0.8444066,0.549572180584602,0.86963814,0.42730164280164296,0.32323638278421624,0,0,0.6463437214176656,0.5274412432109802,0
883049,YGG-USD,2024-08-03,0.345307856798172,0.5034668366586524,0.8529332134640754,0.0085531045,0.4188254213966289,0.5261972463667511,0.45456493627145805,0.98571557,0.45016515675016777,0.93738407,0.4009602393220814,0.2942695406154625,0,0,0.684948680579917,0.5261972463667511,0
35568,ALPINE-USD,2024-08-03,1.0852582454681396,0.5601527610284003,0.8403721785509511,0.0058783703,0.42029816966659067,0.4991487760462218,0.4853847355080231,0.9485399,0.5183678750844652,0.9306554,0.4663753665151498,0.3255146643784663,0,0,0.6988440970912511,0.4991487760462218,0
713246,SUSHI-USD,2024-08-03,0.5746059417724609,0.48559418153599737,0.7955310139877979,0.0032646738,0.43987631932910587,0.49499808132470674,0.4515863203802135,0.9596365,0.4412978098113922,0.91982085,0.461254916866759,0.31096897715313426,0,0,0.6670999617931724,0.49499808132470674,0
30166,ALEX-USD,2024-08-03,0.10017517954111099,0.494347405819155,0.624546910285368,0.0085531045,0.39032161931635606,0.4363368281901564,0.40601199713528474,0.9751475,0.41045646051863877,0.91411835,0.378440511565418,0.26968431967943823,0,0,0.6303287567568473,0.4363368281901564,0
872423,XTAG-USD,2024-08-03,0.01873752288520336,0.442885723710414,0.4387554242388649,0.0085531045,0.355873817118554,0.4490850244383527,0.375331677454965,0.9751475,0.4105554864926648,0.91411835,0.32530999866146915,0.241595699349336,0,0,0.5872447737215365,0.4490850244383527,0
32038,ALGO-USD,2024-08-03,0.11490409821271896,0.5144069296286787,0.8653678795822362,0.0085531045,0.38309268158741844,0.4473173476706759,0.39276230238558996,0.9751475,0.42051670582888406,0.91411835,0.37365489499320775,0.2634140407115807,0,0,0.6722939089965008,0.4473173476706759,0
805504,VINU-USD,2024-08-03,3.947414825233864e-06,0.4544775356327852,0.20019414590862553,0.06483651,0.48382973480767605,0.448976862562389,0.45033605120369813,0.93035024,0.44422658010664856,0.8313478,0.3734846150581445,0.30193980292790884,0,0,0.5572555048271077,0.448976862562389,0
645467,RPK-USD,2024-08-03,0.00402106624096632,0.442885723710414,0.8055264077503566,0.0085531045,0.355873817118554,0.4490850244383527,0.375331677454965,0.9751475,0.4105554864926648,0.91411835,0.32530999866146915,0.241595699349336,0,0,0.6445187628222127,0.4490850244383527,0
888436,ZELIX-USD,2024-08-03,9.659028728492558e-05,0.442885723710414,0.7360180872763096,0.0085531045,0.355873817118554,0.4490850244383527,0.375331677454965,0.9751475,0.4105554864926648,0.91411835,0.32530999866146915,0.241595699349336,0,0,0.6336645268869641,0.4490850244383527,0
635845,REVU-USD,2024-08-03,0.011369726620614529,0.442885723710414,0.352152264317085,0.0085531045,0.355873817118554,0.4490850244383527,0.375331677454965,0.9751475,0.4105554864926648,0.91411835,0.32530999866146915,0.241595699349336,0,0,0.5737210527609641,0.4490850244383527,0
637806,RFD-USD,2024-08-03,4.792968411493348e-06,0.442885723710414,0.18523953045455602,0.0085531045,0.355873817118554,0.4490850244383527,0.375331677454965,0.9751475,0.4105554864926648,0.91411835,0.32530999866146915,0.241595699349336,0,0,0.5476564006216897,0.4490850244383527,0
643909,ROUP-USD,2024-08-03,0.0003152796998620033,0.442885723710414,0.36903869608088774,0.0085531045,0.355873817118554,0.4490850244383527,0.375331677454965,0.9751475,0.4105554864926648,0.91411835,0.32530999866146915,0.241595699349336,0,0,0.576357993392226,0.4490850244383527,0
797392,VEGA-USD,2024-08-03,0.18338488042354584,0.48524392678185246,0.026842895674636456,0.009305167,0.44943304794620587,0.4547833450805588,0.40743364968364965,0.9806238,0.4194260565646388,0.8891345,0.39992270740954955,0.2773649309314142,0,0,0.5431173168106642,0.4547833450805588,0
616672,QI-USD,2024-08-03,0.005072266329079866,0.442885723710414,0.6756333818058424,0.0085531045,0.355873817118554,0.4490850244383527,0.375331677454965,0.9751475,0.4105554864926648,0.91411835,0.32530999866146915,0.241595699349336,0,0,0.6242350105990304,0.4490850244383527,0
707493,SUIP-USD,2024-08-03,0.027857409790158272,0.442885723710414,0.8359870920570958,0.0085531045,0.355873817118554,0.4490850244383527,0.375331677454965,0.9751475,0.4105554864926648,0.91411835,0.33097666532813586,0.24342436096976255,0,0,0.6492754229164228,0.4490850244383527,0
22348,AI-USD,2024-08-03,0.058442533016204834,0.4096785436785437,0.7157414958635361,0.04935836,0.4361212192090673,0.44925935565409264,0.3234601281071869,0.8998507,0.4677110831135975,0.79841006,0.331062731782397,0.2380331200765869,0,0,0.6170876706272974,0.44925935565409264,0
830964,WLD-USD,2024-08-03,1.6488535404205322,0.5843963124116575,0.4741490047640502,0.010405442,0.5428863081363081,0.4500511678603785,0.3545932250221043,0.9800888,0.5753109592436594,0.94842803,0.2007566489763143,0.19459854695053014,0,0,0.6834485303011085,0.4500511678603785,0
875881,XTZ-USD,2024-08-03,0.6587159633636475,0.5090947251100704,0.5863587701876233,0.002999338,0.48975907546186187,0.4513432572186442,0.36477464896214895,0.9596365,0.5021146049443638,0.91982085,0.2862600899797552,0.22344798358056583,0,0,0.6577982838696464,0.4513432572186442,0
610026,PSTAKE-USD,2024-08-03,0.09066265821456909,0.5201384726384726,0.8922412104485946,0.06483651,0.5114538517038517,0.4516365479062848,0.33575522247200035,0.9451422,0.5505950874163323,0.78787297,0.3230665751612403,0.24480065289193437,0,0,0.6974419260863624,0.4516365479062848,0
840284,XAVA-USD,2024-08-03,0.41001421213150024,0.48632055483590003,0.7076521763445993,0.0085531045,0.47712501507780153,0.4470533518625625,0.36575850418738354,0.9806238,0.4822110313937315,0.8891345,0.28001008997975524,0.22356260760622226,0,0,0.6659618982909279,0.4470533518625625,0
685510,SNX-USD,2024-08-03,1.3901335000991821,0.6015391695545147,0.5589724066596632,0.0058783703,0.5011719391719393,0.4468718286472157,0.36208472777222783,0.9596365,0.5464068127365717,0.91000885,0.2096973749170402,0.19870441819142712,0,0,0.6783944511781901,0.4468718286472157,0
735688,TIA-USD,2024-08-03,0.00518109230324626,0.45453046055251933,0.6805276070802656,0.0085531045,0.3389025383972753,0.4451875885409167,0.3682835914085914,0.94483626,0.4423452857456993,0.91411835,0.33324653924506864,0.24164293040516566,0,0,0.6254149573180637,0.4451875885409167,0
670196,SHIB-USD,2024-08-03,1.3542269698518794e-05,0.45795909151907593,0.37722654159651714,0.0044195177,0.3841419919262025,0.4447880927890113,0.3905381376614253,0.9402344,0.3671713012334795,0.91294265,0.3641809328442455,0.2582381457940481,0,0,0.5698238366999017,0.4447880927890113,0
659305,SCA-USD,2024-08-03,0.022015586495399475,0.45795909151907593,0.10472367428905663,0.0044195177,0.3841419919262025,0.4447880927890113,0.3905381376614253,0.9402344,0.3671713012334795,0.91294265,0.3641809328442455,0.2582381457940481,0,0,0.527270507909699,0.4447880927890113,0
710096,SUN-USD,2024-08-03,0.009601679630577564,0.45795909151907593,0.12134889334776845,0.0044195177,0.3841419919262025,0.4447880927890113,0.3905381376614253,0.9402344,0.3671713012334795,0.91294265,0.3641809328442455,0.2582381457940481,0,0,0.5298666582541146,0.4447880927890113,0
714964,SUTER-USD,2024-08-03,0.00022421104949899018,0.42145874876757233,0.8862949605483897,0.008381801,0.4329076750734646,0.44475796669217726,0.25762034928234673,0.9806238,0.4765404144289969,0.87060857,0.24221815968782498,0.17274103413598108,0,0,0.672041085876953,0.44475796669217726,0
853611,XEC-USD,2024-08-03,3.3378120861016214e-05,0.46434913207707323,0.9236482894847314,0.008381801,0.37609193233666915,0.4441304789838072,0.3806315458871864,0.9751475,0.4303179182719033,0.8992944,0.3378599903364609,0.2474810933901453,0,0,0.6712880666599985,0.4441304789838072,0
813371,VRTX-USD,2024-08-03,0.10142870247364044,0.4583043385922643,0.04505842340041452,0.0085531045,0.3902572392519761,0.44186314909147734,0.3495112942612941,0.98571557,0.3755010577772453,0.93738407,0.33804847053531256,0.2364967843772494,0,0,0.5321634738109984,0.44186314909147734,0
572941,OVR-USD,2024-08-03,0.16200099885463715,0.4982667463255698,0.3929049732412392,0.008316447,0.4640363300442249,0.44168520611941675,0.25979437923187926,0.9765772,0.4507520190008955,0.8891345,0.24900467872434398,0.17568556340343533,0,0,0.6101145913077041,0.44168520611941675,0
70706,AURY-USD,2024-08-03,0.3052862882614136,0.4874316659470111,0.7819075345289198,0.0085531045,0.4681346927925876,0.4412755740847847,0.34890269333157264,0.9806238,0.4886973653212419,0.8891345,0.27831092803059326,0.21700210380104906,0,0,0.6776669194621431,0.4412755740847847,0
719066,SWFTC-USD,2024-08-03,0.003207719884812832,0.3954636433398043,0.04300100036162192,0.006055688,0.3623551311261838,0.44032126042458863,0.37587143412143403,0.96735686,0.3479051164378829,0.8806083,0.3217323144691565,0.2398329820502515,0,0,0.4995199843905135,0.44032126042458863,0
865178,XNO-USD,2024-08-03,0.7533783316612244,0.49187611039145557,0.6895716100152189,0.002999338,0.4886686646686647,0.4401922407514513,0.3849536701325495,0.9596365,0.5015162261989263,0.91982085,0.30659342331308853,0.2372071590660243,0,0,0.6706452212424492,0.4401922407514513,0
24784,AITECH-USD,2024-08-03,0.08717336505651474,0.5102340681764055,0.6406922928964928,0.0044195177,0.39485994064415125,0.4400911230920416,0.42193632280961046,0.9402344,0.3695363805985588,0.91294265,0.3759017120650247,0.2732196885316186,0,0,0.6221092733530633,0.4400911230920416,0
747150,TOWER-USD,2024-08-03,0.0022090869024395943,0.45945909151907594,0.1318614965253377,0.0044195177,0.3831932739774846,0.4400911230920416,0.3984135955368832,0.9402344,0.3632030472652255,0.91294265,0.3598158534791661,0.2596385523016076,0,0,0.5308556851642976,0.4400911230920416,0
26628,AKRO-USD,2024-08-03,0.005611227825284004,0.4437980165259577,0.38816257175570096,0.008381801,0.3800641545588913,0.43984614403770755,0.38543293893857944,0.9930127,0.4483891664681516,0.918657,0.3594527221660349,0.2561617494725131,0,0,0.5942618362645065,0.43984614403770755,0
837975,WRX-USD,2024-08-03,0.1310213804244995,0.4546231399319634,0.7502230533875559,0.0085531045,0.4136219607877504,0.43752358995780055,0.2543778398888693,0.9806238,0.4354898914225915,0.8891345,0.2578660950857603,0.17668907625346333,0,0,0.6485268316293861,0.43752358995780055,0
12009,ADA-USD,2024-08-03,0.34908008575439453,0.4874316659470111,0.8163289605200205,0.0085531045,0.45386088326877816,0.45262478043399107,0.36035723878611814,0.9806238,0.48841958754346415,0.8891345,0.30265815025281545,0.22894471190189358,0,0,0.6808538069393342,0.45262478043399107,0
795918,VANRY-USD,2024-08-03,0.08706572651863098,0.45783542841747166,0.9917803392774068,0.004809883,0.42129983992615583,0.45597618166092374,0.44761477411477407,0.9530333,0.32509158986175124,0.8876589,0.3990852670721091,0.2899853521496559,0,0,0.6614923035185807,0.45597618166092374,0
614327,PYR-USD,2024-08-03,2.584249258041382,0.6010846240999692,0.3723574747812925,0.009382015,0.5660852203352205,0.4928855176609047,0.34559937978687977,0.9800888,0.5448754274551864,0.9343053,0.20722551344517876,0.19315000989495107,0,0,0.665843263589671,0.4928855176609047,0
758964,TRX-USD,2024-08-03,0.12684366106987,0.49575657675657675,0.32937454765290636,0.06483651,0.544573801198801,0.4865906077353447,0.33312539067431857,0.9451422,0.5857858411070861,0.78787297,0.3447110973057626,0.25084743278468963,0,0,0.6171028972400368,0.4865906077353447,0
852487,XDEFI-USD,2024-08-03,0.07968059927225113,0.4032120461238108,0.1030346754519242,0.02544365,0.5344816017316019,0.479897653888366,0.3675101290865996,0.95784277,0.4297774265208475,0.858087,0.40162245210929426,0.26884761579789196,0,0,0.5467964651309293,0.479897653888366,0
771908,UMA-USD,2024-08-03,1.9485254287719727,0.5420855235273393,0.9252572325482881,0.011318518,0.4674234654234655,0.4802508790086191,0.4369656454656454,0.9596365,0.4726421974498974,0.91000885,0.40845661794346005,0.29129792284547695,0,0,0.7058805583517576,0.4802508790086191,0
568704,ORN-USD,2024-08-03,1.07123601436615,0.5252503864422021,0.09109577223922263,0.0046706414,0.49135087135087124,0.48032998652479064,0.4681516677766679,0.905055,0.4236583425535039,0.9144797,0.4236284044902466,0.3051860568647786,0,0,0.5579854986078534,0.48032998652479064,0
664366,SEAM-USD,2024-08-03,2.0648458003997803,0.5974482604636056,0.1878419193448623,0.013521962,0.5589423631923632,0.4828855176609047,0.343804507992008,0.9800888,0.5447166972964562,0.9343053,0.21138135760102286,0.19517824000959047,0,0,0.6352992225615585,0.4828855176609047,0
825772,WEST-USD,2024-08-03,0.03222386911511421,0.4974891677696471,0.15736776224941454,0.06361026,0.51531796879591,0.48461494670047306,0.4096991092241092,0.93035024,0.4670251981552665,0.7910882,0.37154265283003596,0.2864254802050335,0,0,0.5610165730761738,0.48461494670047306,0
677818,SKEY-USD,2024-08-03,0.051515497267246246,0.5016746864246865,0.7547254944126193,0.058899857,0.5573797730047729,0.4851279453976824,0.3285511501570324,0.96634865,0.5729136716099165,0.7404751,0.27783774843241354,0.225732154350773,0,0,0.6803820892462699,0.4851279453976824,0
745897,TON-USD,2024-08-03,1.0345171689987183,0.5472360943617337,0.6717682706867035,0.0058783703,0.43709853596695697,0.48851839662172486,0.5088315942048817,0.9485399,0.5016409631075532,0.9306554,0.4706479960743731,0.33525655162498785,0,0,0.6695323587513381,0.48851839662172486,0
856019,XEM-USD,2024-08-03,0.023200636729598045,0.4165735633834718,0.9987463862450806,0.010485737,0.43185945219291133,0.4565427195210478,0.3658236779560309,0.9948007,0.39679914173373937,0.926252,0.3169891687260108,0.2361388129383415,0,0,0.6840689126956352,0.4565427195210478,0
626616,RAY-USD,2024-08-03,1.5796077251434326,0.4949217726717727,0.5634254903668906,0.06436824,0.5178580724830725,0.4895907019083111,0.3311920356588135,0.87499875,0.6014002822215271,0.8340636,0.3097101260547912,0.23871271747325506,0,0,0.64747183233193,0.4895907019083111,0
897168,ZPAY-USD,2024-08-03,0.014034967869520187,0.4467523373957198,0.9757178079167605,0.07608565,0.4538023096184861,0.4900632761488026,0.4419998060762766,0.90908724,0.45299313688839216,0.8482437,0.3667293595293596,0.30039306773339935,0,0,0.6731358853745983,0.4900632761488026,0
667547,SFP-USD,2024-08-03,0.7482457160949707,0.41111303728950793,0.5495032874611157,0.0431242,0.4153172383172382,0.4905463055463057,0.4388941834590922,0.84402275,0.43674502058135845,0.8587702,0.40082381791848315,0.29971995021720815,0,0,0.581820612225143,0.4905463055463057,0
570219,OTK-USD,2024-08-03,0.03150304779410362,0.4687433383609854,0.4711424317807072,0.0091678295,0.5209410124189536,0.4910648118937592,0.30214473208908244,0.97977465,0.5467220782743228,0.86904967,0.2732665279861932,0.19889358422043985,0,0,0.6418447840160624,0.4910648118937592,0
734799,THETA-USD,2024-08-03,1.146897554397583,0.5592057913314307,0.175908855358598,0.0058783703,0.4273494517178728,0.49163527973860804,0.47937130449459203,0.9485399,0.5428195345361246,0.9306554,0.44680826694805026,0.3170553769922392,0,0,0.6007257744546065,0.49163527973860804,0
774281,UNFI-USD,2024-08-03,3.0674824714660645,0.6010846240999692,0.7073287929868953,0.009382015,0.5669919663669665,0.4928855176609047,0.34559937978687977,0.9800888,0.5448754274551864,0.9343053,0.20722551344517876,0.19315000989495107,0,0,0.7182870813185934,0.4928855176609047,0
569739,OSMO-USD,2024-08-03,0.3715388774871826,0.4887886259804418,0.9720826081426786,0.009305167,0.4164287668815534,0.479406811483437,0.49009569988959306,0.956695,0.4268255875891699,0.8891345,0.4418889217507639,0.3203917592553803,0,0,0.6836991252837005,0.479406811483437,0
565680,ORBS-USD,2024-08-03,0.025134410709142685,0.4564002892532304,0.19189757335339877,0.011371097,0.4381483325759962,0.4775791577560154,0.3977777516601046,0.99578804,0.4758451426024957,0.918657,0.3564368628103923,0.2605501026715667,0,0,0.5803050211483689,0.4775791577560154,0
693736,SPOT-USD,2024-08-03,1.05856454372406,0.47802449348037584,0.5496293346757326,0.030670017,0.4619611907700143,0.47657067986479745,0.4817438974424268,0.8678769,0.4765423395089295,0.7021737,0.5060820986718819,0.344978109086405,0,0,0.5883332456469137,0.47657067986479745,0
587789,PIX-USD,2024-08-03,0.0001616776135051623,0.46757045242339357,0.9329527687865798,0.011371097,0.42824573517339887,0.47341111174973416,0.4020672676996206,0.98491085,0.44956934895170214,0.8992944,0.337651148524678,0.2560178549661945,0,0,0.6865313746711561,0.47341111174973416,0
597929,POLS-USD,2024-08-03,0.2628764510154724,0.5046502806656259,0.3475792286050205,0.0085531045,0.4677876623720279,0.4665972254726125,0.3181305985680986,0.9806238,0.4804624107333461,0.8891345,0.27541951388917907,0.20509315684469082,0,0,0.611181991942064,0.4665972254726125,0
749534,TRAC-USD,2024-08-03,0.5756608843803406,0.4900602710020868,0.22984359322136405,0.0032646738,0.4463552570580436,0.4643343218815356,0.46989868464868456,0.9596365,0.4260788343424167,0.91982085,0.4340985315853738,0.3087371791971596,0,0,0.577550176487067,0.4643343218815356,0
806826,VISION-USD,2024-08-03,0.26955920457839966,0.5101452301605753,0.2804054054485189,0.008316447,0.4603636027714977,0.4628684673026779,0.3080194874569875,0.9765772,0.47042247354635014,0.8891345,0.2919332501529154,0.20673988846265323,0,0,0.5978846407625025,0.4628684673026779,0
664128,SDAO-USD,2024-08-03,0.25975024700164795,0.5046502806656259,0.6088848139326367,0.0085531045,0.45791838132627627,0.46281944769483474,0.33068904012654016,0.9806238,0.47046241073334616,0.8891345,0.2747806250002902,0.20936636278229692,0,0,0.6485673804526058,0.46281944769483474,0
657130,SAND-USD,2024-08-03,0.2608552873134613,0.5046502806656259,0.4088381821231277,0.0085531045,0.45791838132627627,0.46281944769483474,0.3280137154512155,0.9806238,0.46746241073334616,0.8891345,0.27747293269259793,0.20928094194345612,0,0,0.6167455144146641,0.46281944769483474,0
828261,WILD-USD,2024-08-03,0.2804098427295685,0.5064684624838076,0.6911230169607099,0.0085531045,0.4456683813262763,0.46281944769483474,0.3535721570096571,0.9806238,0.48879574406667947,0.8891345,0.28615815025281544,0.221199958395512,0,0,0.6634571192416022,0.46281944769483474,0
834894,WOO-USD,2024-08-03,0.13880738615989685,0.5669664534382026,0.5122766803336053,0.0085531045,0.41496172920646607,0.4617291123765582,0.38176230238558995,0.9751475,0.4539322265826402,0.91411835,0.379752339215652,0.2614582069375036,0,0,0.6375467634357578,0.4617291123765582,0
662956,SD-USD,2024-08-03,0.45573726296424866,0.5082613917767369,0.2542797766473062,0.0085531045,0.49324167619446263,0.4606462450804557,0.35855928099678097,0.9806238,0.48732575000845,0.8891345,0.28784342331308854,0.2235226251657914,0,0,0.6023799273522757,0.4606462450804557,0
48546,APE-USD,2024-08-03,0.6106610298156738,0.4900602710020868,0.8429407330747357,0.0032646738,0.44655262547909613,0.4603233328705466,0.46989868464868456,0.9596365,0.43107883434241673,0.91982085,0.45222353158537376,0.3145862071742592,0,0,0.6742911726360761,0.4603233328705466,0
639308,RIO-USD,2024-08-03,0.9697345495223999,0.49478653656658766,0.6827281221578371,0.005880592,0.48791344766344763,0.45976994082915157,0.4269697802197802,0.91079384,0.49945761354395146,0.84245574,0.33512360146826675,0.2623241742460135,0,0,0.64926900195252,0.45976994082915157,0
21300,AGLD-USD,2024-08-03,0.7283965349197388,0.5090947251100704,0.8396388150645145,0.002999338,0.48870644388291445,0.4584861143615014,0.37447161865911865,0.9596365,0.5082812716110304,0.91982085,0.3127600899797552,0.23545840698796222,0,0,0.698391052277713,0.4584861143615014,0
583869,PERP-USD,2024-08-03,0.4901926815509796,0.5090947251100704,0.11711001321260951,0.0085531045,0.47898526593805235,0.4584861143615014,0.3639694541569542,0.9439327,0.5019621879169468,0.91982085,0.2925100899797552,0.22695829684762145,0,0,0.5801618569512905,0.4584861143615014,0
72967,AVA-USD,2024-08-03,0.5088297724723816,0.5090947251100704,0.8373439454495722,0.0085531045,0.4873185992713857,0.4584861143615014,0.33646584665334667,0.97472715,0.5073094101391691,0.8891345,0.2895100899797552,0.2161801214827383,0,0,0.6955520037351735,0.4584861143615014,0
821632,WBTC-USD,2024-08-03,59262.23828125,0.1046291388350212,0.4968318873803866,0.015299665,0.17063146545576888,0.18323596391531174,0.14160708196322008,0.00037974643,0.13940257520257518,0.001705915,0.15040823718764895,0.10395154379082386,0,0,0.1486959460107768,0.18323596391531174,0
