;simulation;Date;model;number_correct_entries;number_entries;percent_correct_entries;simulate_entry;simulate_return;simulate_variation
0;1;;rf_pb_20N_30d;2;5;0,4;500;433,8929709539712;-0,1322140580920576
1;2;;rf_pb_20N_30d;0;5;0,0;500;622,3067226802598;0,24461344536051957
2;3;;rf_pb_20N_30d;2;5;0,4;500;428,90437518310017;-0,14219124963379964
3;4;;rf_pb_20N_30d;0;5;0,0;500;613,505902413221;0,2270118048264419
4;5;;rf_pb_20N_30d;2;5;0,4;500;482,64567925706;-0,03470864148587998
5;6;;rf_pb_20N_30d;2;5;0,4;500;402,28411694022145;-0,1954317661195571
6;7;;rf_pb_20N_30d;0;5;0,0;500;520,6260486695815;0,0412520973391629
7;8;;rf_pb_20N_30d;1;5;0,2;500;507,8685838395587;0,01573716767911742
8;9;;rf_pb_20N_30d;2;5;0,4;500;449,7359412383745;-0,10052811752325101
9;10;;rf_pb_20N_30d;2;5;0,4;500;590,4645613199891;0,18092912263997823
10;11;;rf_pb_20N_30d;1;5;0,2;500;521,5277490766905;0,04305549815338099
11;12;;rf_pb_20N_30d;0;5;0,0;500;644,3631830366536;0,2887263660733072
12;13;;rf_pb_20N_30d;2;5;0,4;500;453,83369956539565;-0,0923326008692087
13;14;;rf_pb_20N_30d;1;5;0,2;500;545,5240561202172;0,09104811224043442
14;15;;rf_pb_20N_30d;1;5;0,2;500;519,99045217575;0,03998090435149993
15;16;;rf_pb_20N_30d;5;5;1,0;500;343,9322424640487;-0,31213551507190257
16;17;;rf_pb_20N_30d;3;5;0,6;500;410,2793067952376;-0,17944138640952484
17;18;;rf_pb_20N_30d;2;5;0,4;500;466,9185394590562;-0,0661629210818876
18;19;;rf_pb_20N_30d;0;5;0,0;500;542,6023783697623;0,08520475673952456
19;20;;rf_pb_20N_30d;1;5;0,2;500;454,3323564954621;-0,09133528700907584
20;21;;rf_pb_20N_30d;3;5;0,6;500;427,9402677918776;-0,1441194644162448
21;22;;rf_pb_20N_30d;0;5;0,0;500;525,582367546649;0,05116473509329808
22;23;;rf_pb_20N_30d;1;5;0,2;500;566,0202898954642;0,1320405797909284
23;24;;rf_pb_20N_30d;1;5;0,2;500;714,2032996163082;0,42840659923261637
24;25;;rf_pb_20N_30d;0;5;0,0;500;563,8923266946946;0,12778465338938919
25;26;;rf_pb_20N_30d;1;5;0,2;500;487,6989069803923;-0,024602186039215438
26;27;;rf_pb_20N_30d;3;5;0,6;500;426,12200516946206;-0,1477559896610759
27;28;;rf_pb_20N_30d;1;5;0,2;500;606,3136378301735;0,2126272756603471
28;29;;rf_pb_20N_30d;3;5;0,6;500;401,4196289003843;-0,19716074219923144
29;30;;rf_pb_20N_30d;2;5;0,4;500;496,384096379044;-0,007231807241911952
30;31;;rf_pb_20N_30d;2;5;0,4;500;500,6695229170734;0,0013390458341467593
31;32;;rf_pb_20N_30d;2;5;0,4;500;511,99284367711346;0,02398568735422691
32;33;;rf_pb_20N_30d;1;5;0,2;500;560,182312937577;0,12036462587515394
33;34;;rf_pb_20N_30d;1;5;0,2;500;498,1041008722694;-0,003791798255461231
34;35;;rf_pb_20N_30d;1;5;0,2;500;495,72009919999095;-0,008559801600018091
35;36;;rf_pb_20N_30d;1;5;0,2;500;466,1077876177427;-0,0677844247645146
36;37;;rf_pb_20N_30d;1;5;0,2;500;528,7090632280191;0,05741812645603818
37;38;;rf_pb_20N_30d;3;5;0,6;500;663,7840682093401;0,3275681364186803
38;39;;rf_pb_20N_30d;1;5;0,2;500;500,6108918596658;0,0012217837193315973
39;40;;rf_pb_20N_30d;1;5;0,2;500;508,96559330212267;0,01793118660424534
40;41;;rf_pb_20N_30d;2;5;0,4;500;460,7967481000006;-0,07840650379999875
41;42;;rf_pb_20N_30d;0;5;0,0;500;461,9376579612446;-0,07612468407751077
42;43;;rf_pb_20N_30d;1;5;0,2;500;478,4918355950263;-0,043016328809947366
43;44;;rf_pb_20N_30d;1;5;0,2;500;449,9826281183009;-0,10003474376339819
44;45;;rf_pb_20N_30d;2;5;0,4;500;456,06000447681924;-0,08787999104636152
45;46;;rf_pb_20N_30d;2;5;0,4;500;573,7928806757914;0,14758576135158274
46;47;;rf_pb_20N_30d;0;5;0,0;500;575,5039016212489;0,15100780324249785
47;48;;rf_pb_20N_30d;3;5;0,6;500;379,13708976410726;-0,24172582047178548
48;49;;rf_pb_20N_30d;1;5;0,2;500;508,40478137827944;0,016809562756558875
49;50;;rf_pb_20N_30d;1;5;0,2;500;610,3794346307906;0,22075886926158114
50;1;;Xv_pb_15N_30d;4;5;0,8;500;388,52656672663505;-0,2229468665467299
51;2;;Xv_pb_15N_30d;0;5;0,0;500;506,5970316715836;0,013194063343167159
52;3;;Xv_pb_15N_30d;4;5;0,8;500;370,2038509410553;-0,2595922981178894
53;4;;Xv_pb_15N_30d;2;5;0,4;500;430,854143020467;-0,13829171395906598
54;5;;Xv_pb_15N_30d;2;5;0,4;500;490,8266155722053;-0,018346768855589404
55;6;;Xv_pb_15N_30d;2;5;0,4;500;714,047926412318;0,428095852824636
56;7;;Xv_pb_15N_30d;2;5;0,4;500;430,8793971032414;-0,13824120579351723
57;8;;Xv_pb_15N_30d;2;5;0,4;500;431,8647704449438;-0,13627045911011237
58;9;;Xv_pb_15N_30d;2;5;0,4;500;447,984711414923;-0,10403057717015395
59;10;;Xv_pb_15N_30d;2;5;0,4;500;454,49300534391034;-0,09101398931217931
60;11;;Xv_pb_15N_30d;1;5;0,2;500;539,1362123986756;0,07827242479735128
61;12;;Xv_pb_15N_30d;1;5;0,2;500;498,673249739007;-0,0026535005219859614
62;13;;Xv_pb_15N_30d;2;5;0,4;500;434,45520333591736;-0,13108959332816528
63;14;;Xv_pb_15N_30d;0;5;0,0;500;598,1391512563334;0,19627830251266687
64;15;;Xv_pb_15N_30d;1;5;0,2;500;634,3466415170137;0,26869328303402745
65;16;;Xv_pb_15N_30d;2;5;0,4;500;529,7301580209789;0,05946031604195787
66;17;;Xv_pb_15N_30d;2;5;0,4;500;517,8442311679884;0,03568846233597674
67;18;;Xv_pb_15N_30d;0;5;0,0;500;614,0850618159511;0,22817012363190226
68;19;;Xv_pb_15N_30d;1;5;0,2;500;621,9491414868542;0,24389828297370833
69;20;;Xv_pb_15N_30d;2;5;0,4;500;441,8721392027129;-0,1162557215945742
70;21;;Xv_pb_15N_30d;3;5;0,6;500;399,5875174671932;-0,2008249650656136
71;22;;Xv_pb_15N_30d;4;5;0,8;500;380,17413016116205;-0,2396517396776759
72;23;;Xv_pb_15N_30d;3;5;0,6;500;523,2977350549345;0,04659547010986898
73;24;;Xv_pb_15N_30d;1;5;0,2;500;580,3077544705717;0,16061550894114338
74;25;;Xv_pb_15N_30d;3;5;0,6;500;415,8666224066948;-0,16826675518661044
75;26;;Xv_pb_15N_30d;3;5;0,6;500;412,2615110512108;-0,17547697789757843
76;27;;Xv_pb_15N_30d;1;5;0,2;500;462,3918628083332;-0,0752162743833336
77;28;;Xv_pb_15N_30d;3;5;0,6;500;413,2179780119159;-0,17356404397616826
78;29;;Xv_pb_15N_30d;3;5;0,6;500;405,8163589650817;-0,1883672820698366
79;30;;Xv_pb_15N_30d;2;5;0,4;500;515,6839424478421;0,031367884895684255
80;31;;Xv_pb_15N_30d;2;5;0,4;500;495,3435514786612;-0,009312897042677605
81;32;;Xv_pb_15N_30d;2;5;0,4;500;571,0398086726015;0,1420796173452029
82;33;;Xv_pb_15N_30d;2;5;0,4;500;477,8595962900286;-0,04428080741994279
83;34;;Xv_pb_15N_30d;2;5;0,4;500;543,3172802074698;0,08663456041493964
84;35;;Xv_pb_15N_30d;2;5;0,4;500;550,6050822563553;0,10121016451271066
85;36;;Xv_pb_15N_30d;3;5;0,6;500;417,59232791309194;-0,16481534417381613
86;37;;Xv_pb_15N_30d;1;5;0,2;500;596,4698629701251;0,19293972594025013
87;38;;Xv_pb_15N_30d;3;5;0,6;500;420,26907930599134;-0,1594618413880173
88;39;;Xv_pb_15N_30d;2;5;0,4;500;442,5778021634994;-0,11484439567300114
89;40;;Xv_pb_15N_30d;3;5;0,6;500;590,276843429873;0,180553686859746
90;41;;Xv_pb_15N_30d;3;5;0,6;500;418,2323873720026;-0,16353522525599476
91;42;;Xv_pb_15N_30d;4;5;0,8;500;375,99076418321096;-0,2480184716335781
92;43;;Xv_pb_15N_30d;0;5;0,0;500;848,1251057433585;0,6962502114867171
93;44;;Xv_pb_15N_30d;3;5;0,6;500;400,0486917683039;-0,1999026164633922
94;45;;Xv_pb_15N_30d;1;5;0,2;500;568,6509838088213;0,13730196761764252
95;46;;Xv_pb_15N_30d;1;5;0,2;500;482,0666932987158;-0,03586661340256842
96;47;;Xv_pb_15N_30d;4;5;0,8;500;346,5382689428344;-0,3069234621143312
97;48;;Xv_pb_15N_30d;4;5;0,8;500;403,5451199495195;-0,19290976010096098
98;49;;Xv_pb_15N_30d;3;5;0,6;500;419,9351809029524;-0,16012963819409515
99;50;;Xv_pb_15N_30d;5;5;1,0;500;335,12225262332606;-0,32975549475334787
100;1;;rf_pb_25P_30d;2;5;0,4;500;508,915945632848;0,017831891265695957
101;2;;rf_pb_25P_30d;1;5;0,2;500;516,2580730869696;0,032516146173939206
102;3;;rf_pb_25P_30d;1;5;0,2;500;613,1626287041225;0,22632525740824508
103;4;;rf_pb_25P_30d;0;5;0,0;500;439,632154897257;-0,12073569020548598
104;5;;rf_pb_25P_30d;0;5;0,0;500;470,90135839179;-0,05819728321642003
105;6;;rf_pb_25P_30d;1;5;0,2;500;567,8605638797417;0,13572112775948336
106;7;;rf_pb_25P_30d;2;5;0,4;500;529,9724514186108;0,05994490283722166
107;8;;rf_pb_25P_30d;0;5;0,0;500;436,3929999022421;-0,12721400019551585
108;9;;rf_pb_25P_30d;0;5;0,0;500;465,2015472995055;-0,06959690540098905
109;10;;rf_pb_25P_30d;0;5;0,0;500;461,0484426743707;-0,07790311465125865
110;11;;rf_pb_25P_30d;0;5;0,0;500;468,1915114289296;-0,06361697714214086
111;12;;rf_pb_25P_30d;1;5;0,2;500;504,6629159428102;0,009325831885620346
112;13;;rf_pb_25P_30d;1;5;0,2;500;577,6091841463473;0,15521836829269456
113;14;;rf_pb_25P_30d;2;5;0,4;500;631,6649550377922;0,2633299100755844
114;15;;rf_pb_25P_30d;1;5;0,2;500;597,8280189397792;0,19565603787955843
115;16;;rf_pb_25P_30d;0;5;0,0;500;348,64544506733574;-0,3027091098653285
116;17;;rf_pb_25P_30d;2;5;0,4;500;577,5051641482278;0,15501032829645556
117;18;;rf_pb_25P_30d;1;5;0,2;500;523,5981193769537;0,04719623875390744
118;19;;rf_pb_25P_30d;0;5;0,0;500;442,9124089933132;-0,11417518201337361
119;20;;rf_pb_25P_30d;0;5;0,0;500;541,1269724437185;0,082253944887437
120;21;;rf_pb_25P_30d;0;5;0,0;500;499,5560376079367;-0,0008879247841266534
121;22;;rf_pb_25P_30d;0;5;0,0;500;475,5757136927894;-0,04884857261442119
122;23;;rf_pb_25P_30d;0;5;0,0;500;415,45993001256426;-0,16908013997487148
123;24;;rf_pb_25P_30d;3;5;0,6;500;676,3788012575229;0,35275760251504584
124;25;;rf_pb_25P_30d;0;5;0,0;500;440,83034732399744;-0,11833930535200511
125;26;;rf_pb_25P_30d;0;5;0,0;500;428,94005086623656;-0,14211989826752688
126;27;;rf_pb_25P_30d;0;5;0,0;500;363,90940707203123;-0,27218118585593754
127;28;;rf_pb_25P_30d;1;5;0,2;500;489,229198464236;-0,021541603071528016
128;29;;rf_pb_25P_30d;3;5;0,6;500;747,5338845413607;0,4950677690827215
129;30;;rf_pb_25P_30d;0;5;0,0;500;466,7210032119725;-0,06655799357605496
130;31;;rf_pb_25P_30d;0;5;0,0;500;532,8799288712562;0,06575985774251239
131;32;;rf_pb_25P_30d;2;5;0,4;500;517,1959733137588;0,034391946627517656
132;33;;rf_pb_25P_30d;3;5;0,6;500;628,248308042673;0,25649661608534596
133;34;;rf_pb_25P_30d;0;5;0,0;500;489,39913016383065;-0,021201739672338703
134;35;;rf_pb_25P_30d;1;5;0,2;500;481,873265308652;-0,03625346938269604
135;36;;rf_pb_25P_30d;2;5;0,4;500;535,9662927144896;0,07193258542897911
136;37;;rf_pb_25P_30d;1;5;0,2;500;417,58573528668995;-0,1648285294266201
137;38;;rf_pb_25P_30d;1;5;0,2;500;542,1681510771373;0,08433630215427457
138;39;;rf_pb_25P_30d;2;5;0,4;500;588,9707688613818;0,17794153772276355
139;40;;rf_pb_25P_30d;1;5;0,2;500;476,37073235587116;-0,04725853528825769
140;41;;rf_pb_25P_30d;2;5;0,4;500;518,2182448397492;0,03643648967949844
141;42;;rf_pb_25P_30d;2;5;0,4;500;559,9207202971938;0,11984144059438767
142;43;;rf_pb_25P_30d;0;5;0,0;500;335,4845890644502;-0,32903082187109967
143;44;;rf_pb_25P_30d;0;5;0,0;500;458,7962955049495;-0,08240740899010097
144;45;;rf_pb_25P_30d;0;5;0,0;500;482,8740128151051;-0,034251974369789766
145;46;;rf_pb_25P_30d;0;5;0,0;500;448,0785251497729;-0,10384294970045425
146;47;;rf_pb_25P_30d;3;5;0,6;500;723,2587623490231;0,4465175246980461
147;48;;rf_pb_25P_30d;1;5;0,2;500;509,3669950032548;0,018733990006509542
148;49;;rf_pb_25P_30d;0;5;0,0;500;498,2036593411808;-0,0035926813176383804
149;50;;rf_pb_25P_30d;0;5;0,0;500;356,22973591987056;-0,2875405281602589
150;1;;rf_pb_10P_15d;1;5;0,2;500;523,1256932014788;0,04625138640295768
151;2;;rf_pb_10P_15d;1;5;0,2;500;488,19738092274577;-0,02360523815450847
152;3;;rf_pb_10P_15d;0;5;0,0;500;422,68576962224483;-0,15462846075551034
153;4;;rf_pb_10P_15d;1;5;0,2;500;479,34950746731516;-0,04130098506536967
154;5;;rf_pb_10P_15d;1;5;0,2;500;469,86313074080795;-0,06027373851838411
155;6;;rf_pb_10P_15d;1;5;0,2;500;482,24698890924515;-0,03550602218150971
156;7;;rf_pb_10P_15d;1;5;0,2;500;578,7874193694408;0,15757483873888167
157;8;;rf_pb_10P_15d;1;5;0,2;500;506,1460970486523;0,01229219409730456
158;9;;rf_pb_10P_15d;3;5;0,6;500;605,3569862963878;0,2107139725927757
159;10;;rf_pb_10P_15d;1;5;0,2;500;471,748663044156;-0,05650267391168802
160;11;;rf_pb_10P_15d;0;5;0,0;500;448,4753687779263;-0,10304926244414742
161;12;;rf_pb_10P_15d;2;5;0,4;500;525,7552628932921;0,05151052578658414
162;13;;rf_pb_10P_15d;1;5;0,2;500;475,0438582883191;-0,049912283423361826
163;14;;rf_pb_10P_15d;2;5;0,4;500;503,127216282212;0,006254432564423951
164;15;;rf_pb_10P_15d;0;5;0,0;500;408,4473177299651;-0,1831053645400698
165;16;;rf_pb_10P_15d;0;5;0,0;500;473,6405914831479;-0,05271881703370423
166;17;;rf_pb_10P_15d;0;5;0,0;500;482,61646334630683;-0,03476707330738634
167;18;;rf_pb_10P_15d;1;5;0,2;500;475,1520049244133;-0,049695990151173416
168;19;;rf_pb_10P_15d;1;5;0,2;500;609,6502168751077;0,21930043375021546
169;20;;rf_pb_10P_15d;0;5;0,0;500;467,3481717327274;-0,06530365653454522
170;21;;rf_pb_10P_15d;1;5;0,2;500;483,18053507506806;-0,03363892984986387
171;22;;rf_pb_10P_15d;1;5;0,2;500;457,0358779578907;-0,08592824408421859
172;23;;rf_pb_10P_15d;0;5;0,0;500;473,63049578377695;-0,0527390084324461
173;24;;rf_pb_10P_15d;1;5;0,2;500;483,54561135079666;-0,032908777298406675
174;25;;rf_pb_10P_15d;1;5;0,2;500;518,7589725583691;0,03751794511673825
175;26;;rf_pb_10P_15d;4;5;0,8;500;675,386623342119;0,3507732466842381
176;27;;rf_pb_10P_15d;1;5;0,2;500;434,6046641888978;-0,1307906716222044
177;28;;rf_pb_10P_15d;0;5;0,0;500;475,0370393456456;-0,04992592130870878
178;29;;rf_pb_10P_15d;1;5;0,2;500;463,4825158603039;-0,07303496827939215
179;30;;rf_pb_10P_15d;0;5;0,0;500;518,2258262836536;0,03645165256730729
180;31;;rf_pb_10P_15d;1;5;0,2;500;512,1322730239074;0,024264546047814747
181;32;;rf_pb_10P_15d;2;5;0,4;500;531,6041587968341;0,0632083175936682
182;33;;rf_pb_10P_15d;2;5;0,4;500;459,5955333005503;-0,0808089333988994
183;34;;rf_pb_10P_15d;2;5;0,4;500;576,7488750159674;0,15349775003193486
184;35;;rf_pb_10P_15d;1;5;0,2;500;511,7923367313667;0,02358467346273335
185;36;;rf_pb_10P_15d;1;5;0,2;500;495,9763404948806;-0,008047319010238765
186;37;;rf_pb_10P_15d;0;5;0,0;500;423,9137242110002;-0,15217255157799958
187;38;;rf_pb_10P_15d;1;5;0,2;500;513,7375119183387;0,027475023836677336
188;39;;rf_pb_10P_15d;1;5;0,2;500;448,2712669675519;-0,10345746606489616
189;40;;rf_pb_10P_15d;1;5;0,2;500;469,6038044452388;-0,06079239110952244
190;41;;rf_pb_10P_15d;1;5;0,2;500;509,23903352041094;0,018478067040821885
191;42;;rf_pb_10P_15d;2;5;0,4;500;520,599071367213;0,04119814273442603
192;43;;rf_pb_10P_15d;2;5;0,4;500;563,5167711864125;0,12703354237282496
193;44;;rf_pb_10P_15d;1;5;0,2;500;489,62160993469297;-0,02075678013061406
194;45;;rf_pb_10P_15d;3;5;0,6;500;557,9899470186225;0,115979894037245
195;46;;rf_pb_10P_15d;0;5;0,0;500;426,4998887960334;-0,14700022240793317
196;47;;rf_pb_10P_15d;0;5;0,0;500;448,6738540567237;-0,10265229188655257
197;48;;rf_pb_10P_15d;2;5;0,4;500;523,9546689743456;0,04790933794869125
198;49;;rf_pb_10P_15d;1;5;0,2;500;492,90676960995677;-0,014186460780086464
199;50;;rf_pb_10P_15d;0;5;0,0;500;396,7040586421938;-0,20659188271561243
200;1;;Xv_pb_10N_15d;0;5;0,0;500;534,7456874710151;0,06949137494203024
201;2;;Xv_pb_10N_15d;3;5;0,6;500;460,96772920652944;-0,07806454158694112
202;3;;Xv_pb_10N_15d;2;5;0,4;500;461,2715066858292;-0,0774569866283416
203;4;;Xv_pb_10N_15d;2;5;0,4;500;446,54530715247233;-0,10690938569505533
204;5;;Xv_pb_10N_15d;0;5;0,0;500;810,8582235393335;0,621716447078667
205;6;;Xv_pb_10N_15d;1;5;0,2;500;471,05930918781763;-0,057881381624364736
206;7;;Xv_pb_10N_15d;2;5;0,4;500;649,6850177646803;0,29937003552936065
207;8;;Xv_pb_10N_15d;0;5;0,0;500;629,4971343066703;0,25899426861334063
208;9;;Xv_pb_10N_15d;3;5;0,6;500;493,56633153643037;-0,012867336927139263
209;10;;Xv_pb_10N_15d;1;5;0,2;500;539,5557709213272;0,07911154184265433
210;11;;Xv_pb_10N_15d;3;5;0,6;500;604,6895187806216;0,20937903756124318
211;12;;Xv_pb_10N_15d;0;5;0,0;500;523,8500594153134;0,047700118830626706
212;13;;Xv_pb_10N_15d;2;5;0,4;500;462,71434191690423;-0,07457131616619153
213;14;;Xv_pb_10N_15d;1;5;0,2;500;582,8474303936378;0,1656948607872755
214;15;;Xv_pb_10N_15d;2;5;0,4;500;481,79833864377593;-0,03640332271244813
215;16;;Xv_pb_10N_15d;2;5;0,4;500;511,2201203552221;0,022440240710444186
216;17;;Xv_pb_10N_15d;2;5;0,4;500;439,1983627511282;-0,12160327449774365
217;18;;Xv_pb_10N_15d;0;5;0,0;500;525,1691013644443;0,05033820272888852
218;19;;Xv_pb_10N_15d;0;5;0,0;500;665,1591880098592;0,3303183760197185
219;20;;Xv_pb_10N_15d;1;5;0,2;500;505,3870820966108;0,010774164193221622
220;21;;Xv_pb_10N_15d;3;5;0,6;500;442,02550288221084;-0,1159489942355783
221;22;;Xv_pb_10N_15d;3;5;0,6;500;434,67263176749753;-0,13065473646500492
222;23;;Xv_pb_10N_15d;0;5;0,0;500;591,9131613076992;0,18382632261539833
223;24;;Xv_pb_10N_15d;3;5;0,6;500;418,1853543125645;-0,16362929137487095
224;25;;Xv_pb_10N_15d;3;5;0,6;500;434,9127140400867;-0,13017457191982656
225;26;;Xv_pb_10N_15d;1;5;0,2;500;485,0315465350835;-0,029936906929832956
226;27;;Xv_pb_10N_15d;2;5;0,4;500;514,8424808149895;0,029684961629978943
227;28;;Xv_pb_10N_15d;1;5;0,2;500;470,91207942833336;-0,05817584114333329
228;29;;Xv_pb_10N_15d;2;5;0,4;500;505,25758138154407;0,010515162763088143
229;30;;Xv_pb_10N_15d;2;5;0,4;500;424,6598897565843;-0,15068022048683144
230;31;;Xv_pb_10N_15d;1;5;0,2;500;514,1184460113996;0,028236892022799113
231;32;;Xv_pb_10N_15d;2;5;0,4;500;504,0069554617246;0,008013910923449203
232;33;;Xv_pb_10N_15d;2;5;0,4;500;466,253053829294;-0,067493892341412
233;34;;Xv_pb_10N_15d;3;5;0,6;500;471,7339495223231;-0,056532100955353826
234;35;;Xv_pb_10N_15d;3;5;0,6;500;444,4196003400957;-0,11116079931980857
235;36;;Xv_pb_10N_15d;1;5;0,2;500;608,573466231192;0,21714693246238403
236;37;;Xv_pb_10N_15d;2;5;0,4;500;500,72879158416214;0,0014575831683242768
237;38;;Xv_pb_10N_15d;2;5;0,4;500;512,5625965707602;0,025125193141520414
238;39;;Xv_pb_10N_15d;1;5;0,2;500;518,7732323524714;0,037546464704942766
239;40;;Xv_pb_10N_15d;2;5;0,4;500;518,3394373670062;0,03667887473401243
240;41;;Xv_pb_10N_15d;0;5;0,0;500;634,7848685375202;0,2695697370750404
241;42;;Xv_pb_10N_15d;2;5;0,4;500;462,6121923400185;-0,07477561531996298
242;43;;Xv_pb_10N_15d;3;5;0,6;500;410,22532410146016;-0,17954935179707968
243;44;;Xv_pb_10N_15d;1;5;0,2;500;520,9464577863853;0,04189291557277056
244;45;;Xv_pb_10N_15d;2;5;0,4;500;504,2634133758824;0,008526826751764815
245;46;;Xv_pb_10N_15d;4;5;0,8;500;454,9751237350381;-0,09004975252992381
246;47;;Xv_pb_10N_15d;2;5;0,4;500;460,38290660178154;-0,07923418679643691
247;48;;Xv_pb_10N_15d;1;5;0,2;500;526,4655773642806;0,052931154728561296
248;49;;Xv_pb_10N_15d;2;5;0,4;500;450,73259101102275;-0,0985348179779545
249;50;;Xv_pb_10N_15d;1;5;0,2;500;497,89141716916924;-0,004217165661661511
250;1;;Xv_pb_10N_30d;2;5;0,4;500;480,7376426718701;-0,03852471465625979
251;2;;Xv_pb_10N_30d;2;5;0,4;500;480,2214051707076;-0,03955718965858478
252;3;;Xv_pb_10N_30d;1;5;0,2;500;562,8866583584485;0,12577331671689695
253;4;;Xv_pb_10N_30d;2;5;0,4;500;457,07677837337417;-0,08584644325325166
254;5;;Xv_pb_10N_30d;1;5;0,2;500;608,5838615818811;0,2171677231637623
255;6;;Xv_pb_10N_30d;2;5;0,4;500;449,02857178051534;-0,10194285643896933
256;7;;Xv_pb_10N_30d;2;5;0,4;500;501,4424224943141;0,0028848449886281742
257;8;;Xv_pb_10N_30d;2;5;0,4;500;660,2136703595864;0,3204273407191729
258;9;;Xv_pb_10N_30d;1;5;0,2;500;755,62902562876;0,51125805125752
259;10;;Xv_pb_10N_30d;3;5;0,6;500;717,9005316325835;0,43580106326516693
260;11;;Xv_pb_10N_30d;0;5;0,0;500;569,6916729298365;0,139383345859673
261;12;;Xv_pb_10N_30d;3;5;0,6;500;471,27737504820334;-0,05744524990359332
262;13;;Xv_pb_10N_30d;2;5;0,4;500;511,8179057338847;0,02363581146776937
263;14;;Xv_pb_10N_30d;1;5;0,2;500;479,4304423024133;-0,04113911539517335
264;15;;Xv_pb_10N_30d;1;5;0,2;500;534,8405358954836;0,06968107179096727
265;16;;Xv_pb_10N_30d;1;5;0,2;500;521,6884178891224;0,04337683577824487
266;17;;Xv_pb_10N_30d;2;5;0,4;500;474,2139486986223;-0,051572102602755424
267;18;;Xv_pb_10N_30d;3;5;0,6;500;466,02215773326986;-0,06795568453346026
268;19;;Xv_pb_10N_30d;3;5;0,6;500;545,5462097648597;0,09109241952971933
269;20;;Xv_pb_10N_30d;1;5;0,2;500;572,3249764666691;0,14464995293333824
270;21;;Xv_pb_10N_30d;2;5;0,4;500;449,90550602749187;-0,10018898794501627
271;22;;Xv_pb_10N_30d;3;5;0,6;500;485,52011579702486;-0,028959768405950284
272;23;;Xv_pb_10N_30d;0;5;0,0;500;712,7930012704513;0,4255860025409027
273;24;;Xv_pb_10N_30d;3;5;0,6;500;519,118839323539;0,03823767864707793
274;25;;Xv_pb_10N_30d;3;5;0,6;500;431,7404252847285;-0,13651914943054305
275;26;;Xv_pb_10N_30d;4;5;0,8;500;492,67772499314;-0,01464455001372005
276;27;;Xv_pb_10N_30d;1;5;0,2;500;505,75681775233033;0,01151363550466067
277;28;;Xv_pb_10N_30d;1;5;0,2;500;506,4020478086269;0,012804095617253779
278;29;;Xv_pb_10N_30d;1;5;0,2;500;580,517607684288;0,161035215368576
279;30;;Xv_pb_10N_30d;2;5;0,4;500;529,833878050913;0,059667756101825946
280;31;;Xv_pb_10N_30d;3;5;0,6;500;463,43623275238656;-0,07312753449522688
281;32;;Xv_pb_10N_30d;2;5;0,4;500;439,3734840031085;-0,121253031993783
282;33;;Xv_pb_10N_30d;1;5;0,2;500;531,646154573461;0,06329230914692198
283;34;;Xv_pb_10N_30d;2;5;0,4;500;617,3928014579078;0,23478560291581563
284;35;;Xv_pb_10N_30d;2;5;0,4;500;409,6096374237214;-0,18078072515255725
285;36;;Xv_pb_10N_30d;1;5;0,2;500;471,7652160383653;-0,05646956792326944
286;37;;Xv_pb_10N_30d;2;5;0,4;500;646,5425177031237;0,2930850354062475
287;38;;Xv_pb_10N_30d;1;5;0,2;500;546,1914348596299;0,09238286971925981
288;39;;Xv_pb_10N_30d;2;5;0,4;500;581,9041521334743;0,16380830426694865
289;40;;Xv_pb_10N_30d;3;5;0,6;500;472,394680533471;-0,05521063893305802
290;41;;Xv_pb_10N_30d;1;5;0,2;500;505,80047909344944;0,011600958186898878
291;42;;Xv_pb_10N_30d;2;5;0,4;500;546,3256352357589;0,09265127047151782
292;43;;Xv_pb_10N_30d;1;5;0,2;500;524,055953617949;0,04811190723589789
293;44;;Xv_pb_10N_30d;3;5;0,6;500;508,9485682853099;0,01789713657061975
294;45;;Xv_pb_10N_30d;2;5;0,4;500;471,5205175091354;-0,0569589649817292
295;46;;Xv_pb_10N_30d;1;5;0,2;500;594,0578027301246;0,1881156054602493
296;47;;Xv_pb_10N_30d;0;5;0,0;500;531,286166703738;0,06257233340747598
297;48;;Xv_pb_10N_30d;2;5;0,4;500;469,88542907104875;-0,060229141857902506
298;49;;Xv_pb_10N_30d;2;5;0,4;500;434,8633348421353;-0,13027333031572938
299;50;;Xv_pb_10N_30d;2;5;0,4;500;425,4429505776457;-0,14911409884470855
300;1;;rf_pb_15N_30d;3;5;0,6;500;381,707035656983;-0,23658592868603398
301;2;;rf_pb_15N_30d;3;5;0,6;500;401,51022600273484;-0,19697954799453032
302;3;;rf_pb_15N_30d;2;5;0,4;500;447,0112115346968;-0,10597757693060635
303;4;;rf_pb_15N_30d;3;5;0,6;500;505,9369601115755;0,011873920223151004
304;5;;rf_pb_15N_30d;1;5;0,2;500;709,3602939388485;0,41872058787769695
305;6;;rf_pb_15N_30d;1;5;0,2;500;480,100326959259;-0,03979934608148199
306;7;;rf_pb_15N_30d;4;5;0,8;500;384,9058967235434;-0,23018820655291325
307;8;;rf_pb_15N_30d;1;5;0,2;500;497,07233831466345;-0,005855323370673091
308;9;;rf_pb_15N_30d;4;5;0,8;500;386,66534490255606;-0,2266693101948879
309;10;;rf_pb_15N_30d;1;5;0,2;500;587,0988401668259;0,17419768033365177
310;11;;rf_pb_15N_30d;2;5;0,4;500;526,8290746939274;0,05365814938785479
311;12;;rf_pb_15N_30d;2;5;0,4;500;459,57512493711175;-0,0808497501257765
312;13;;rf_pb_15N_30d;0;5;0,0;500;635,880466631841;0,2717609332636821
313;14;;rf_pb_15N_30d;0;5;0,0;500;517,6706741517985;0,03534134830359699
314;15;;rf_pb_15N_30d;0;5;0,0;500;637,9940341886867;0,27598806837737333
315;16;;rf_pb_15N_30d;1;5;0,2;500;467,2544371792719;-0,06549112564145616
316;17;;rf_pb_15N_30d;2;5;0,4;500;494,1298686128885;-0,01174026277422297
317;18;;rf_pb_15N_30d;1;5;0,2;500;575,9630710934306;0,15192614218686118
318;19;;rf_pb_15N_30d;3;5;0,6;500;554,1352679560362;0,10827053591207232
319;20;;rf_pb_15N_30d;0;5;0,0;500;688,8099617277802;0,3776199234555604
320;21;;rf_pb_15N_30d;3;5;0,6;500;432,1475167751907;-0,1357049664496186
321;22;;rf_pb_15N_30d;3;5;0,6;500;451,8698286346699;-0,09626034273066023
322;23;;rf_pb_15N_30d;2;5;0,4;500;503,7915425181852;0,007583085036370448
323;24;;rf_pb_15N_30d;2;5;0,4;500;523,9826140283408;0,047965228056681554
324;25;;rf_pb_15N_30d;1;5;0,2;500;495,1837363208067;-0,009632527358386597
325;26;;rf_pb_15N_30d;3;5;0,6;500;414,30383027870687;-0,17139233944258625
326;27;;rf_pb_15N_30d;1;5;0,2;500;540,5939603601166;0,08118792072023324
327;28;;rf_pb_15N_30d;2;5;0,4;500;473,2606976154074;-0,05347860476918515
328;29;;rf_pb_15N_30d;3;5;0,6;500;405,2621510629022;-0,18947569787419558
329;30;;rf_pb_15N_30d;1;5;0,2;500;630,3583749037803;0,26071674980756054
330;31;;rf_pb_15N_30d;2;5;0,4;500;447,6781782623291;-0,10464364347534183
331;32;;rf_pb_15N_30d;1;5;0,2;500;522,6343317440719;0,04526866348814383
332;33;;rf_pb_15N_30d;0;5;0,0;500;455,0623781814627;-0,08987524363707462
333;34;;rf_pb_15N_30d;5;5;1,0;500;320,9621469561263;-0,35807570608774747
334;35;;rf_pb_15N_30d;2;5;0,4;500;453,0425315336898;-0,09391493693262043
335;36;;rf_pb_15N_30d;2;5;0,4;500;471,5854028107419;-0,05682919437851615
336;37;;rf_pb_15N_30d;2;5;0,4;500;518,1604241196596;0,036320848239319276
337;38;;rf_pb_15N_30d;1;5;0,2;500;560,581903715007;0,12116380743001401
338;39;;rf_pb_15N_30d;2;5;0,4;500;536,8706516750879;0,07374130335017572
339;40;;rf_pb_15N_30d;2;5;0,4;500;496,2337945768901;-0,007532410846219818
340;41;;rf_pb_15N_30d;3;5;0,6;500;424,5061414919174;-0,15098771701616523
341;42;;rf_pb_15N_30d;2;5;0,4;500;621,3078802826348;0,2426157605652695
342;43;;rf_pb_15N_30d;2;5;0,4;500;459,59329240110867;-0,08081341519778266
343;44;;rf_pb_15N_30d;1;5;0,2;500;781,9326124851351;0,5638652249702703
344;45;;rf_pb_15N_30d;4;5;0,8;500;462,06621553745174;-0,07586756892509652
345;46;;rf_pb_15N_30d;2;5;0,4;500;434,41780611940277;-0,13116438776119446
346;47;;rf_pb_15N_30d;1;5;0,2;500;526,8075543159603;0,05361510863192052
347;48;;rf_pb_15N_30d;3;5;0,6;500;433,90909455240444;-0,13218181089519113
348;49;;rf_pb_15N_30d;2;5;0,4;500;525,3250393018498;0,050650078603699515
349;50;;rf_pb_15N_30d;2;5;0,4;500;470,8817449063924;-0,05823651018721523
350;1;;rf_pb_25N_30d;3;5;0,6;500;401,68612546304513;-0,19662774907390973
351;2;;rf_pb_25N_30d;2;5;0,4;500;445,9431832011642;-0,10811363359767165
352;3;;rf_pb_25N_30d;0;5;0,0;500;604,5843788547398;0,20916875770947968
353;4;;rf_pb_25N_30d;1;5;0,2;500;426,30020612250735;-0,1473995877549853
354;5;;rf_pb_25N_30d;1;5;0,2;500;455,39097178498855;-0,0892180564300229
355;6;;rf_pb_25N_30d;1;5;0,2;500;598,0413324413628;0,19608266488272558
356;7;;rf_pb_25N_30d;0;5;0,0;500;646,4620082368288;0,2929240164736575
357;8;;rf_pb_25N_30d;0;5;0,0;500;479,8683224431927;-0,04026335511361458
358;9;;rf_pb_25N_30d;3;5;0,6;500;387,07102420201534;-0,22585795159596933
359;10;;rf_pb_25N_30d;0;5;0,0;500;490,30353023152173;-0,019392939536956533
360;11;;rf_pb_25N_30d;2;5;0,4;500;513,0505619527721;0,026101123905544227
361;12;;rf_pb_25N_30d;2;5;0,4;500;462,8675904072429;-0,07426481918551417
362;13;;rf_pb_25N_30d;1;5;0,2;500;441,58639418639825;-0,1168272116272035
363;14;;rf_pb_25N_30d;0;5;0,0;500;752,7755051347148;0,5055510102694295
364;15;;rf_pb_25N_30d;1;5;0,2;500;443,6247677202754;-0,11275046455944926
365;16;;rf_pb_25N_30d;2;5;0,4;500;462,7782912902751;-0,07444341741944982
366;17;;rf_pb_25N_30d;1;5;0,2;500;465,84760686182835;-0,06830478627634329
367;18;;rf_pb_25N_30d;2;5;0,4;500;434,48466625482126;-0,13103066749035747
368;19;;rf_pb_25N_30d;2;5;0,4;500;435,1601808948419;-0,12967963821031617
369;20;;rf_pb_25N_30d;0;5;0,0;500;603,1301904555164;0,20626038091103283
370;21;;rf_pb_25N_30d;2;5;0,4;500;449,61695680507415;-0,1007660863898517
371;22;;rf_pb_25N_30d;0;5;0,0;500;455,0456652804234;-0,08990866943915318
372;23;;rf_pb_25N_30d;2;5;0,4;500;407,5237446698971;-0,1849525106602058
373;24;;rf_pb_25N_30d;1;5;0,2;500;533,4537975715596;0,06690759514311913
374;25;;rf_pb_25N_30d;2;5;0,4;500;467,5536829939911;-0,06489263401201777
375;26;;rf_pb_25N_30d;0;5;0,0;500;562,1503711470457;0,12430074229409138
376;27;;rf_pb_25N_30d;1;5;0,2;500;538,1336247916688;0,07626724958333761
377;28;;rf_pb_25N_30d;2;5;0,4;500;468,35464071218075;-0,06329071857563849
378;29;;rf_pb_25N_30d;0;5;0,0;500;535,694509868916;0,07138901973783209
379;30;;rf_pb_25N_30d;0;5;0,0;500;527,6844953218744;0,0553689906437487
380;31;;rf_pb_25N_30d;1;5;0,2;500;565,8937355281711;0,13178747105634214
381;32;;rf_pb_25N_30d;1;5;0,2;500;440,5703414231268;-0,11885931715374635
382;33;;rf_pb_25N_30d;2;5;0,4;500;489,590157950627;-0,02081968409874605
383;34;;rf_pb_25N_30d;0;5;0,0;500;580,8679954908231;0,16173599098164618
384;35;;rf_pb_25N_30d;3;5;0,6;500;392,0592793522909;-0,2158814412954182
385;36;;rf_pb_25N_30d;0;5;0,0;500;469,10653428136874;-0,06178693143726252
386;37;;rf_pb_25N_30d;2;5;0,4;500;420,7113617636693;-0,15857727647266143
387;38;;rf_pb_25N_30d;0;5;0,0;500;790,8126600740294;0,5816253201480588
388;39;;rf_pb_25N_30d;1;5;0,2;500;505,6274428699943;0,011254885739988594
389;40;;rf_pb_25N_30d;1;5;0,2;500;420,0488384840495;-0,159902323031901
390;41;;rf_pb_25N_30d;0;5;0,0;500;489,89065164809784;-0,02021869670380431
391;42;;rf_pb_25N_30d;0;5;0,0;500;658,3783436545829;0,31675668730916573
392;43;;rf_pb_25N_30d;0;5;0,0;500;510,97502555372074;0,02195005110744148
393;44;;rf_pb_25N_30d;2;5;0,4;500;426,73016919535524;-0,14653966160928952
394;45;;rf_pb_25N_30d;1;5;0,2;500;417,9755729748208;-0,16404885405035838
395;46;;rf_pb_25N_30d;0;5;0,0;500;608,6021204806223;0,21720424096124452
396;47;;rf_pb_25N_30d;2;5;0,4;500;418,26633305476093;-0,16346733389047813
397;48;;rf_pb_25N_30d;0;5;0,0;500;434,8019723828231;-0,13039605523435374
398;49;;rf_pb_25N_30d;1;5;0,2;500;436,95504373674544;-0,1260899125265091
399;50;;rf_pb_25N_30d;0;5;0,0;500;594,4944161870601;0,1889888323741202
400;1;;rf_pb_15P_30d;0;5;0,0;500;478,943509962225;-0,04211298007555001
401;2;;rf_pb_15P_30d;2;5;0,4;500;584,3133428669634;0,1686266857339267
402;3;;rf_pb_15P_30d;0;5;0,0;500;442,5303617283659;-0,11493927654326819
403;4;;rf_pb_15P_30d;1;5;0,2;500;473,13572649297186;-0,05372854701405629
404;5;;rf_pb_15P_30d;2;5;0,4;500;540,8108051309616;0,08162161026192326
405;6;;rf_pb_15P_30d;1;5;0,2;500;490,8165444590685;-0,01836691108186301
406;7;;rf_pb_15P_30d;0;5;0,0;500;423,25555573534587;-0,15348888852930828
407;8;;rf_pb_15P_30d;0;5;0,0;500;430,9598740580594;-0,13808025188388115
408;9;;rf_pb_15P_30d;1;5;0,2;500;461,7770309277659;-0,07644593814446819
409;10;;rf_pb_15P_30d;1;5;0,2;500;471,8878004133883;-0,056224399173223444
410;11;;rf_pb_15P_30d;1;5;0,2;500;461,4206398848345;-0,07715872023033103
411;12;;rf_pb_15P_30d;1;5;0,2;500;564,8269914343293;0,12965398286865865
412;13;;rf_pb_15P_30d;0;5;0,0;500;393,6786684128132;-0,21264266317437364
413;14;;rf_pb_15P_30d;0;5;0,0;500;437,98460519036644;-0,12403078961926713
414;15;;rf_pb_15P_30d;2;5;0,4;500;512,9192195613563;0,025838439122712543
415;16;;rf_pb_15P_30d;1;5;0,2;500;417,678021441376;-0,16464395711724797
416;17;;rf_pb_15P_30d;0;5;0,0;500;408,3359435044565;-0,18332811299108698
417;18;;rf_pb_15P_30d;2;5;0,4;500;531,4845180491436;0,06296903609828723
418;19;;rf_pb_15P_30d;0;5;0,0;500;386,238222791114;-0,22752355441777194
419;20;;rf_pb_15P_30d;2;5;0,4;500;540,4091162421828;0,08081823248436558
420;21;;rf_pb_15P_30d;1;5;0,2;500;486,46123936688707;-0,027077521266225858
421;22;;rf_pb_15P_30d;1;5;0,2;500;714,2958676345917;0,42859173526918337
422;23;;rf_pb_15P_30d;1;5;0,2;500;511,9592676264487;0,023918535252897413
423;24;;rf_pb_15P_30d;0;5;0,0;500;504,44230014179215;0,008884600283584291
424;25;;rf_pb_15P_30d;0;5;0,0;500;377,41846777177693;-0,24516306445644614
425;26;;rf_pb_15P_30d;0;5;0,0;500;382,15703588762807;-0,23568592822474385
426;27;;rf_pb_15P_30d;1;5;0,2;500;482,9465194462878;-0,03410696110742435
427;28;;rf_pb_15P_30d;1;5;0,2;500;443,576773894033;-0,11284645221193398
428;29;;rf_pb_15P_30d;2;5;0,4;500;527,8550424297383;0,055710084859476636
429;30;;rf_pb_15P_30d;0;5;0,0;500;462,52678009788895;-0,07494643980422211
430;31;;rf_pb_15P_30d;2;5;0,4;500;563,2242098562992;0,1264484197125985
431;32;;rf_pb_15P_30d;0;5;0,0;500;369,7731248101479;-0,26045375037970414
432;33;;rf_pb_15P_30d;3;5;0,6;500;576,5431515665695;0,15308630313313892
433;34;;rf_pb_15P_30d;1;5;0,2;500;614,1684072864832;0,22833681457296642
434;35;;rf_pb_15P_30d;4;5;0,8;500;827,3970431087654;0,6547940862175308
435;36;;rf_pb_15P_30d;1;5;0,2;500;507,1099149779023;0,014219829955804585
436;37;;rf_pb_15P_30d;0;5;0,0;500;418,33181772175163;-0,16333636455649672
437;38;;rf_pb_15P_30d;1;5;0,2;500;494,68050493626276;-0,010638990127474471
438;39;;rf_pb_15P_30d;1;5;0,2;500;479,23071478996377;-0,04153857042007246
439;40;;rf_pb_15P_30d;1;5;0,2;500;544,7588852391841;0,08951777047836822
440;41;;rf_pb_15P_30d;1;5;0,2;500;465,4124141291662;-0,06917517174166755
441;42;;rf_pb_15P_30d;0;5;0,0;500;490,65153217552535;-0,018696935648949305
442;43;;rf_pb_15P_30d;3;5;0,6;500;716,556576649042;0,4331131532980839
443;44;;rf_pb_15P_30d;1;5;0,2;500;466,96708142925377;-0,06606583714149247
444;45;;rf_pb_15P_30d;1;5;0,2;500;471,07725657439573;-0,057845486851208536
445;46;;rf_pb_15P_30d;1;5;0,2;500;473,2962682382236;-0,053407463523552794
446;47;;rf_pb_15P_30d;1;5;0,2;500;428,04464128102404;-0,14391071743795192
447;48;;rf_pb_15P_30d;2;5;0,4;500;542,0725419553488;0,08414508391069762
448;49;;rf_pb_15P_30d;2;5;0,4;500;561,0144290851129;0,1220288581702257
449;50;;rf_pb_15P_30d;2;5;0,4;500;536,611495692377;0,07322299138475409
450;1;;rf_pb_10N_15d;1;5;0,2;500;503,08235168581336;0,006164703371626729
451;2;;rf_pb_10N_15d;2;5;0,4;500;478,5411762854204;-0,04291764742915916
452;3;;rf_pb_10N_15d;1;5;0,2;500;486,4570285992947;-0,027085942801410624
453;4;;rf_pb_10N_15d;2;5;0,4;500;499,45945661408734;-0,0010810867718253122
454;5;;rf_pb_10N_15d;0;5;0,0;500;536,9696992180023;0,0739393984360047
455;6;;rf_pb_10N_15d;1;5;0,2;500;727,1237927988146;0,4542475855976293
456;7;;rf_pb_10N_15d;4;5;0,8;500;416,823421789695;-0,16635315642061005
457;8;;rf_pb_10N_15d;2;5;0,4;500;472,884774735183;-0,054230450529634024
458;9;;rf_pb_10N_15d;0;5;0,0;500;575,8692753610012;0,1517385507220024
459;10;;rf_pb_10N_15d;3;5;0,6;500;440,5489327979143;-0,11890213440417143
460;11;;rf_pb_10N_15d;2;5;0,4;500;482,87296730194674;-0,03425406539610651
461;12;;rf_pb_10N_15d;1;5;0,2;500;479,18304071341913;-0,04163391857316174
462;13;;rf_pb_10N_15d;2;5;0,4;500;493,71849896031557;-0,012563002079368857
463;14;;rf_pb_10N_15d;4;5;0,8;500;417,7502190243491;-0,16449956195130175
464;15;;rf_pb_10N_15d;3;5;0,6;500;440,5952528775322;-0,11880949424493564
465;16;;rf_pb_10N_15d;3;5;0,6;500;447,8350626995846;-0,10432987460083075
466;17;;rf_pb_10N_15d;1;5;0,2;500;554,6931359740007;0,10938627194800142
467;18;;rf_pb_10N_15d;1;5;0,2;500;534,71939189615;0,06943878379230001
468;19;;rf_pb_10N_15d;2;5;0,4;500;490,9081316320584;-0,018183736735883145
469;20;;rf_pb_10N_15d;1;5;0,2;500;485,5131913738252;-0,02897361725234964
470;21;;rf_pb_10N_15d;0;5;0,0;500;514,5102536572451;0,02902050731449026
471;22;;rf_pb_10N_15d;0;5;0,0;500;558,1323667986996;0,1162647335973993
472;23;;rf_pb_10N_15d;2;5;0,4;500;486,6248476393278;-0,02675030472134438
473;24;;rf_pb_10N_15d;2;5;0,4;500;463,82869130749145;-0,0723426173850171
474;25;;rf_pb_10N_15d;2;5;0,4;500;453,7847586999021;-0,09243048260019578
475;26;;rf_pb_10N_15d;2;5;0,4;500;483,3466914598623;-0,03330661708027537
476;27;;rf_pb_10N_15d;0;5;0,0;500;488,7804912654991;-0,022439017469001784
477;28;;rf_pb_10N_15d;1;5;0,2;500;519,9466071552779;0,03989321431055578
478;29;;rf_pb_10N_15d;2;5;0,4;500;475,18759293668904;-0,04962481412662191
479;30;;rf_pb_10N_15d;1;5;0,2;500;510,2660882259074;0,02053217645181485
480;31;;rf_pb_10N_15d;1;5;0,2;500;489,43609944169145;-0,021127801116617093
481;32;;rf_pb_10N_15d;0;5;0,0;500;522,600890335367;0,04520178067073402
482;33;;rf_pb_10N_15d;2;5;0,4;500;475,2764785911413;-0,049447042817717377
483;34;;rf_pb_10N_15d;3;5;0,6;500;457,53118026483895;-0,0849376394703221
484;35;;rf_pb_10N_15d;1;5;0,2;500;544,5753754305568;0,0891507508611137
485;36;;rf_pb_10N_15d;1;5;0,2;500;500,1612061263835;0,0003224122527669806
486;37;;rf_pb_10N_15d;0;5;0,0;500;488,7114209731669;-0,022577158053666155
487;38;;rf_pb_10N_15d;2;5;0,4;500;481,35013355291136;-0,03729973289417728
488;39;;rf_pb_10N_15d;1;5;0,2;500;527,9234720423341;0,055846944084668164
489;40;;rf_pb_10N_15d;2;5;0,4;500;493,92067692548255;-0,012158646149034894
490;41;;rf_pb_10N_15d;3;5;0,6;500;462,665048063664;-0,07466990387267197
491;42;;rf_pb_10N_15d;2;5;0,4;500;459,7751278290102;-0,08044974434197957
492;43;;rf_pb_10N_15d;2;5;0,4;500;451,82845247291345;-0,09634309505417309
493;44;;rf_pb_10N_15d;1;5;0,2;500;496,19038587064074;-0,007619228258718522
494;45;;rf_pb_10N_15d;4;5;0,8;500;439,50110331086466;-0,12099779337827067
495;46;;rf_pb_10N_15d;3;5;0,6;500;467,6985674871397;-0,06460286502572057
496;47;;rf_pb_10N_15d;2;5;0,4;500;449,03172503253427;-0,10193654993493147
497;48;;rf_pb_10N_15d;1;5;0,2;500;561,9270525811469;0,12385410516229377
498;49;;rf_pb_10N_15d;0;5;0,0;500;558,5310159108149;0,11706203182162972
499;50;;rf_pb_10N_15d;1;5;0,2;500;481,731511132866;-0,03653697773426802
500;1;;rf_pb_15N_15d;1;5;0,2;500;532,224309176151;0,06444861835230199
501;2;;rf_pb_15N_15d;1;5;0,2;500;475,6597818123513;-0,048680436375297405
502;3;;rf_pb_15N_15d;2;5;0,4;500;463,77661861411593;-0,07244676277176813
503;4;;rf_pb_15N_15d;2;5;0,4;500;434,75888750507164;-0,1304822249898567
504;5;;rf_pb_15N_15d;0;5;0,0;500;554,6999731591447;0,10939994631828949
505;6;;rf_pb_15N_15d;1;5;0,2;500;537,3240879086927;0,07464817581738543
506;7;;rf_pb_15N_15d;1;5;0,2;500;604,9373439199301;0,20987468783986013
507;8;;rf_pb_15N_15d;3;5;0,6;500;409,53309910809526;-0,1809338017838095
508;9;;rf_pb_15N_15d;1;5;0,2;500;481,9684303033057;-0,03606313939338861
509;10;;rf_pb_15N_15d;0;5;0,0;500;512,5802429188848;0,025160485837769555
510;11;;rf_pb_15N_15d;3;5;0,6;500;485,0373624193088;-0,029925275161382388
511;12;;rf_pb_15N_15d;3;5;0,6;500;437,5566279557771;-0,12488674408844577
512;13;;rf_pb_15N_15d;2;5;0,4;500;503,93300595337644;0,007866011906752873
513;14;;rf_pb_15N_15d;0;5;0,0;500;629,1937643237145;0,25838752864742903
514;15;;rf_pb_15N_15d;3;5;0,6;500;531,7180465589951;0,06343609311799014
515;16;;rf_pb_15N_15d;1;5;0,2;500;475,54419939219235;-0,04891160121561529
516;17;;rf_pb_15N_15d;1;5;0,2;500;556,6825173722024;0,11336503474440474
517;18;;rf_pb_15N_15d;1;5;0,2;500;511,85329517013446;0,023706590340268917
518;19;;rf_pb_15N_15d;1;5;0,2;500;508,32475565135445;0,016649511302708902
519;20;;rf_pb_15N_15d;0;5;0,0;500;569,2903276565576;0,13858065531311514
520;21;;rf_pb_15N_15d;1;5;0,2;500;486,3270984057575;-0,02734580318848498
521;22;;rf_pb_15N_15d;0;5;0,0;500;465,9783302283473;-0,06804333954330537
522;23;;rf_pb_15N_15d;1;5;0,2;500;525,8384925045291;0,05167698500905817
523;24;;rf_pb_15N_15d;0;5;0,0;500;548,0414788087397;0,09608295761747945
524;25;;rf_pb_15N_15d;2;5;0,4;500;415,96820218908124;-0,1680635956218375
525;26;;rf_pb_15N_15d;1;5;0,2;500;459,9728686380968;-0,08005426272380635
526;27;;rf_pb_15N_15d;2;5;0,4;500;461,2447805711734;-0,07751043885765319
527;28;;rf_pb_15N_15d;1;5;0,2;500;458,65329149595686;-0,08269341700808627
528;29;;rf_pb_15N_15d;2;5;0,4;500;437,96456720002385;-0,1240708655999523
529;30;;rf_pb_15N_15d;1;5;0,2;500;501,334864943502;0,002669729887003996
530;31;;rf_pb_15N_15d;1;5;0,2;500;497,6472557769927;-0,004705488446014556
531;32;;rf_pb_15N_15d;2;5;0,4;500;471,25469816344537;-0,057490603673109264
532;33;;rf_pb_15N_15d;1;5;0,2;500;551,9099113342846;0,10381982266856926
533;34;;rf_pb_15N_15d;0;5;0,0;500;506,6638522542729;0,013327704508545821
534;35;;rf_pb_15N_15d;0;5;0,0;500;567,4950699638184;0,13499013992763684
535;36;;rf_pb_15N_15d;1;5;0,2;500;520,1712031987142;0,040342406397428476
536;37;;rf_pb_15N_15d;2;5;0,4;500;471,6228904651371;-0,05675421906972576
537;38;;rf_pb_15N_15d;2;5;0,4;500;455,6415386090075;-0,08871692278198498
538;39;;rf_pb_15N_15d;3;5;0,6;500;412,38577173208427;-0,17522845653583147
539;40;;rf_pb_15N_15d;1;5;0,2;500;528,9973061468274;0,05799461229365488
540;41;;rf_pb_15N_15d;4;5;0,8;500;413,4843092515451;-0,17303138149690983
541;42;;rf_pb_15N_15d;1;5;0,2;500;456,8385839970773;-0,08632283200584538
542;43;;rf_pb_15N_15d;1;5;0,2;500;448,17429802869015;-0,10365140394261971
543;44;;rf_pb_15N_15d;3;5;0,6;500;431,93502398387875;-0,1361299520322425
544;45;;rf_pb_15N_15d;2;5;0,4;500;449,4307090003555;-0,10113858199928905
545;46;;rf_pb_15N_15d;0;5;0,0;500;491,1832628509735;-0,017633474298052988
546;47;;rf_pb_15N_15d;2;5;0,4;500;464,9163895237834;-0,07016722095243325
547;48;;rf_pb_15N_15d;0;5;0,0;500;540,8280283286492;0,08165605665729846
548;49;;rf_pb_15N_15d;2;5;0,4;500;508,0612326727392;0,01612246534547842
549;50;;rf_pb_15N_15d;2;5;0,4;500;474,71224901128255;-0,0505755019774349
550;1;;rf_pb_10N_30d;3;5;0,6;500;449,4126399509245;-0,10117472009815105
551;2;;rf_pb_10N_30d;3;5;0,6;500;520,9600031013093;0,041920006202618654
552;3;;rf_pb_10N_30d;2;5;0,4;500;518,1669585681036;0,03633391713620722
553;4;;rf_pb_10N_30d;2;5;0,4;500;517,6959055231753;0,03539181104635054
554;5;;rf_pb_10N_30d;2;5;0,4;500;463,83032152362154;-0,07233935695275694
555;6;;rf_pb_10N_30d;2;5;0,4;500;524,0958729993134;0,048191745998626856
556;7;;rf_pb_10N_30d;2;5;0,4;500;502,0987442432455;0,004197488486491011
557;8;;rf_pb_10N_30d;1;5;0,2;500;656,8602885697454;0,31372057713949086
558;9;;rf_pb_10N_30d;3;5;0,6;500;469,3086461175175;-0,06138270776496495
559;10;;rf_pb_10N_30d;1;5;0,2;500;539,9033183350823;0,0798066366701646
560;11;;rf_pb_10N_30d;2;5;0,4;500;531,5074264447593;0,06301485288951858
561;12;;rf_pb_10N_30d;3;5;0,6;500;412,8563012997173;-0,1742873974005654
562;13;;rf_pb_10N_30d;4;5;0,8;500;462,9744554465024;-0,07405108910699516
563;14;;rf_pb_10N_30d;4;5;0,8;500;432,3919095663811;-0,13521618086723777
564;15;;rf_pb_10N_30d;4;5;0,8;500;407,48819677390867;-0,18502360645218266
565;16;;rf_pb_10N_30d;0;5;0,0;500;553,1641292637263;0,10632825852745259
566;17;;rf_pb_10N_30d;4;5;0,8;500;419,74594288873027;-0,16050811422253947
567;18;;rf_pb_10N_30d;3;5;0,6;500;441,96861554987476;-0,1160627689002505
568;19;;rf_pb_10N_30d;4;5;0,8;500;433,6829576661048;-0,13263408466779036
569;20;;rf_pb_10N_30d;2;5;0,4;500;544,2414112823541;0,08848282256470816
570;21;;rf_pb_10N_30d;3;5;0,6;500;495,4332767747576;-0,009133446450484826
571;22;;rf_pb_10N_30d;4;5;0,8;500;401,920244891037;-0,19615951021792602
572;23;;rf_pb_10N_30d;2;5;0,4;500;459,22861433028464;-0,08154277133943072
573;24;;rf_pb_10N_30d;1;5;0,2;500;515,6429109325455;0,03128582186509107
574;25;;rf_pb_10N_30d;1;5;0,2;500;622,7597901747494;0,24551958034949872
575;26;;rf_pb_10N_30d;1;5;0,2;500;521,7623560160486;0,04352471203209712
576;27;;rf_pb_10N_30d;1;5;0,2;500;504,1510605098309;0,008302121019661855
577;28;;rf_pb_10N_30d;2;5;0,4;500;511,118406112455;0,022236812224909953
578;29;;rf_pb_10N_30d;1;5;0,2;500;606,2073086307792;0,2124146172615583
579;30;;rf_pb_10N_30d;2;5;0,4;500;557,443019915543;0,11488603983108601
580;31;;rf_pb_10N_30d;2;5;0,4;500;504,7418128651327;0,00948362573026543
581;32;;rf_pb_10N_30d;4;5;0,8;500;430,8414387829879;-0,13831712243402422
582;33;;rf_pb_10N_30d;3;5;0,6;500;488,9285019332141;-0,022142996133571843
583;34;;rf_pb_10N_30d;1;5;0,2;500;593,0452594182944;0,1860905188365889
584;35;;rf_pb_10N_30d;4;5;0,8;500;409,6477456577131;-0,18070450868457386
585;36;;rf_pb_10N_30d;3;5;0,6;500;451,5095425155126;-0,09698091496897485
586;37;;rf_pb_10N_30d;3;5;0,6;500;440,7100160802273;-0,11857996783954536
587;38;;rf_pb_10N_30d;2;5;0,4;500;417,38010443730354;-0,16523979112539292
588;39;;rf_pb_10N_30d;2;5;0,4;500;583,807289842867;0,16761457968573404
589;40;;rf_pb_10N_30d;2;5;0,4;500;454,19650594221173;-0,09160698811557653
590;41;;rf_pb_10N_30d;2;5;0,4;500;500,1849249781834;0,0003698499563668065
591;42;;rf_pb_10N_30d;1;5;0,2;500;579,34596837429;0,15869193674858
592;43;;rf_pb_10N_30d;1;5;0,2;500;675,6094514561117;0,35121890291222346
593;44;;rf_pb_10N_30d;2;5;0,4;500;449,6560127664162;-0,10068797446716758
594;45;;rf_pb_10N_30d;1;5;0,2;500;511,8553595472007;0,023710719094401384
595;46;;rf_pb_10N_30d;2;5;0,4;500;518,2446879779525;0,036489375955904964
596;47;;rf_pb_10N_30d;3;5;0,6;500;424,6747052511945;-0,150650589497611
597;48;;rf_pb_10N_30d;1;5;0,2;500;590,6975802324945;0,18139516046498896
598;49;;rf_pb_10N_30d;4;5;0,8;500;405,79851392806444;-0,1884029721438711
599;50;;rf_pb_10N_30d;4;5;0,8;500;414,37237192149087;-0,17125525615701825
600;1;;rf_pb_15P_15d;1;5;0,2;500;510,2693008587755;0,020538601717551046
601;2;;rf_pb_15P_15d;1;5;0,2;500;485,5415527757795;-0,028916894448440984
602;3;;rf_pb_15P_15d;3;5;0,6;500;560,8182670934764;0,12163653418695276
603;4;;rf_pb_15P_15d;1;5;0,2;500;485,11640576477873;-0,029767188470442532
604;5;;rf_pb_15P_15d;1;5;0,2;500;546,6703456921156;0,09334069138423115
605;6;;rf_pb_15P_15d;0;5;0,0;500;475,87241426500685;-0,04825517146998629
606;7;;rf_pb_15P_15d;1;5;0,2;500;501,8896173301332;0,0037792346602664112
607;8;;rf_pb_15P_15d;2;5;0,4;500;602,2937035104246;0,20458740702084924
608;9;;rf_pb_15P_15d;0;5;0,0;500;418,749110310244;-0,16250177937951196
609;10;;rf_pb_15P_15d;1;5;0,2;500;563,3498577314731;0,1266997154629462
610;11;;rf_pb_15P_15d;2;5;0,4;500;571,5269996228756;0,14305399924575113
611;12;;rf_pb_15P_15d;1;5;0,2;500;491,8212757024927;-0,016357448595014604
612;13;;rf_pb_15P_15d;2;5;0,4;500;527,355758071472;0,05471151614294399
613;14;;rf_pb_15P_15d;0;5;0,0;500;398,0421296251744;-0,20391574074965116
614;15;;rf_pb_15P_15d;2;5;0,4;500;502,1397781227043;0,004279556245408571
615;16;;rf_pb_15P_15d;2;5;0,4;500;625,401120791446;0,25080224158289205
616;17;;rf_pb_15P_15d;1;5;0,2;500;490,75417607908855;-0,018491647841822896
617;18;;rf_pb_15P_15d;0;5;0,0;500;417,47725318909545;-0,1650454936218091
618;19;;rf_pb_15P_15d;2;5;0,4;500;536,5557074552181;0,07311141491043623
619;20;;rf_pb_15P_15d;0;5;0,0;500;474,14137387709553;-0,051717252245808934
620;21;;rf_pb_15P_15d;1;5;0,2;500;600,0427399125476;0,20008547982509525
621;22;;rf_pb_15P_15d;0;5;0,0;500;503,7407764211641;0,007481552842328256
622;23;;rf_pb_15P_15d;1;5;0,2;500;417,80997822313896;-0,1643800435537221
623;24;;rf_pb_15P_15d;1;5;0,2;500;489,78780590251483;-0,020424388194970333
624;25;;rf_pb_15P_15d;1;5;0,2;500;490,4067859620236;-0,01918642807595279
625;26;;rf_pb_15P_15d;0;5;0,0;500;482,3994176568368;-0,035201164686326364
626;27;;rf_pb_15P_15d;2;5;0,4;500;667,4606948323526;0,3349213896647052
627;28;;rf_pb_15P_15d;1;5;0,2;500;500,23468344716883;0,00046936689433766787
628;29;;rf_pb_15P_15d;1;5;0,2;500;419,2660224310684;-0,16146795513786322
629;30;;rf_pb_15P_15d;2;5;0,4;500;520,7318303468289;0,04146366069365786
630;31;;rf_pb_15P_15d;2;5;0,4;500;664,0325347361584;0,32806506947231673
631;32;;rf_pb_15P_15d;1;5;0,2;500;470,7580290634;-0,058483941873200024
632;33;;rf_pb_15P_15d;2;5;0,4;500;509,17098786841507;0,018341975736830135
633;34;;rf_pb_15P_15d;0;5;0,0;500;403,7375325747271;-0,19252493485054584
634;35;;rf_pb_15P_15d;0;5;0,0;500;457,28101369441725;-0,0854379726111655
635;36;;rf_pb_15P_15d;0;5;0,0;500;453,45193075803905;-0,0930961384839219
636;37;;rf_pb_15P_15d;0;5;0,0;500;478,1488467390312;-0,043702306521937545
637;38;;rf_pb_15P_15d;0;5;0,0;500;463,98210776207526;-0,07203578447584948
638;39;;rf_pb_15P_15d;4;5;0,8;500;793,9534046524711;0,5879068093049423
639;40;;rf_pb_15P_15d;1;5;0,2;500;526,5818409832704;0,053163681966540706
640;41;;rf_pb_15P_15d;2;5;0,4;500;492,28377012784534;-0,015432459744309313
641;42;;rf_pb_15P_15d;3;5;0,6;500;618,8503579515497;0,2377007159030993
642;43;;rf_pb_15P_15d;0;5;0,0;500;463,2377540492117;-0,07352449190157666
643;44;;rf_pb_15P_15d;0;5;0,0;500;507,3441013594811;0,014688202718962201
644;45;;rf_pb_15P_15d;1;5;0,2;500;494,5717293729186;-0,010856541254162834
645;46;;rf_pb_15P_15d;1;5;0,2;500;509,94975319244674;0,019899506384893472
646;47;;rf_pb_15P_15d;4;5;0,8;500;954,6905750714545;0,9093811501429091
647;48;;rf_pb_15P_15d;1;5;0,2;500;460,1303304567387;-0,07973933908652259
648;49;;rf_pb_15P_15d;1;5;0,2;500;542,4627609456412;0,08492552189128241
649;50;;rf_pb_15P_15d;1;5;0,2;500;518,860274627488;0,037720549254976046
650;1;;Xv_pb_20N_30d;0;5;0,0;500;554,6052982973281;0,10921059659465618
651;2;;Xv_pb_20N_30d;1;5;0,2;500;550,4644893235817;0,10092897864716338
652;3;;Xv_pb_20N_30d;1;5;0,2;500;446,81071620773673;-0,10637856758452653
653;4;;Xv_pb_20N_30d;1;5;0,2;500;487,0889013247793;-0,025822197350441455
654;5;;Xv_pb_20N_30d;2;5;0,4;500;567,2604670194853;0,1345209340389706
655;6;;Xv_pb_20N_30d;1;5;0,2;500;514,4876978215171;0,02897539564303429
656;7;;Xv_pb_20N_30d;0;5;0,0;500;695,5215098261324;0,3910430196522648
657;8;;Xv_pb_20N_30d;3;5;0,6;500;562,1092901224501;0,12421858024490029
658;9;;Xv_pb_20N_30d;1;5;0,2;500;587,7856260445318;0,1755712520890636
659;10;;Xv_pb_20N_30d;1;5;0,2;500;514,7356900540374;0,029471380108074756
660;11;;Xv_pb_20N_30d;2;5;0,4;500;402,55632967195993;-0,19488734065608015
661;12;;Xv_pb_20N_30d;1;5;0,2;500;479,1234636769334;-0,041753072646133205
662;13;;Xv_pb_20N_30d;3;5;0,6;500;405,869737333998;-0,18826052533200402
663;14;;Xv_pb_20N_30d;2;5;0,4;500;461,4918036814349;-0,07701639263713025
664;15;;Xv_pb_20N_30d;3;5;0,6;500;496,70025714145703;-0,0065994857170859405
665;16;;Xv_pb_20N_30d;2;5;0,4;500;419,6721745997894;-0,1606556508004212
666;17;;Xv_pb_20N_30d;1;5;0,2;500;469,56418435447233;-0,060871631291055335
667;18;;Xv_pb_20N_30d;1;5;0,2;500;598,8370014859353;0,19767400297187054
668;19;;Xv_pb_20N_30d;1;5;0,2;500;448,16447021407004;-0,10367105957185993
669;20;;Xv_pb_20N_30d;1;5;0,2;500;441,862915324842;-0,11627416935031601
670;21;;Xv_pb_20N_30d;0;5;0,0;500;509,4946919208634;0,01898938384172675
671;22;;Xv_pb_20N_30d;2;5;0,4;500;484,14368835899154;-0,03171262328201692
672;23;;Xv_pb_20N_30d;0;5;0,0;500;462,9492081562656;-0,07410158368746875
673;24;;Xv_pb_20N_30d;0;5;0,0;500;524,0546055758055;0,04810921115161091
674;25;;Xv_pb_20N_30d;2;5;0,4;500;437,8913275519735;-0,12421734489605296
675;26;;Xv_pb_20N_30d;1;5;0,2;500;630,3253604601434;0,26065072092028685
676;27;;Xv_pb_20N_30d;1;5;0,2;500;487,1759306249154;-0,02564813875016921
677;28;;Xv_pb_20N_30d;0;5;0,0;500;553,2017768039752;0,10640355360795047
678;29;;Xv_pb_20N_30d;2;5;0,4;500;413,96740973453984;-0,17206518053092032
679;30;;Xv_pb_20N_30d;1;5;0,2;500;567,1384044228574;0,13427680884571486
680;31;;Xv_pb_20N_30d;2;5;0,4;500;385,1506557183967;-0,22969868856320658
681;32;;Xv_pb_20N_30d;3;5;0,6;500;368,97024687613464;-0,2620595062477307
682;33;;Xv_pb_20N_30d;0;5;0,0;500;661,0151104675872;0,32203022093517436
683;34;;Xv_pb_20N_30d;0;5;0,0;500;573,1790929017286;0,14635818580345722
684;35;;Xv_pb_20N_30d;0;5;0,0;500;465,3989304696726;-0,06920213906065475
685;36;;Xv_pb_20N_30d;3;5;0,6;500;396,73792450343285;-0,2065241509931343
686;37;;Xv_pb_20N_30d;0;5;0,0;500;671,1683752159574;0,34233675043191486
687;38;;Xv_pb_20N_30d;0;5;0,0;500;560,7934522355267;0,12158690447105346
688;39;;Xv_pb_20N_30d;0;5;0,0;500;522,2025803168087;0,04440516063361747
689;40;;Xv_pb_20N_30d;1;5;0,2;500;538,4592801117901;0,07691856022358025
690;41;;Xv_pb_20N_30d;0;5;0,0;500;518,5252667367275;0,03705053347345506
691;42;;Xv_pb_20N_30d;2;5;0,4;500;473,5770033255769;-0,05284599334884615
692;43;;Xv_pb_20N_30d;0;5;0,0;500;519,7146815780723;0,039429363156144516
693;44;;Xv_pb_20N_30d;2;5;0,4;500;481,6617848758533;-0,0366764302482934
694;45;;Xv_pb_20N_30d;0;5;0,0;500;588,454047872717;0,17690809574543392
695;46;;Xv_pb_20N_30d;2;5;0,4;500;497,6380126000227;-0,00472397479995459
696;47;;Xv_pb_20N_30d;1;5;0,2;500;475,5493418544307;-0,04890131629113864
697;48;;Xv_pb_20N_30d;0;5;0,0;500;639,7047364944398;0,2794094729888795
698;49;;Xv_pb_20N_30d;0;5;0,0;500;660,7079149537292;0,3214158299074584
699;50;;Xv_pb_20N_30d;1;5;0,2;500;447,8949024009821;-0,10421019519803576
700;1;;rf_pb_10P_30d;2;5;0,4;500;435,55119488064815;-0,1288976102387037
701;2;;rf_pb_10P_30d;3;5;0,6;500;554,7416548487046;0,10948330969740915
702;3;;rf_pb_10P_30d;1;5;0,2;500;452,327317181124;-0,09534536563775202
703;4;;rf_pb_10P_30d;1;5;0,2;500;506,11937412916166;0,012238748258323313
704;5;;rf_pb_10P_30d;2;5;0,4;500;456,88607057662296;-0,08622785884675409
705;6;;rf_pb_10P_30d;1;5;0,2;500;514,0462154670732;0,028092430934146477
706;7;;rf_pb_10P_30d;1;5;0,2;500;463,1007619829255;-0,07379847603414896
707;8;;rf_pb_10P_30d;1;5;0,2;500;427,1921780324102;-0,14561564393517962
708;9;;rf_pb_10P_30d;2;5;0,4;500;722,1133344402768;0,4442266688805537
709;10;;rf_pb_10P_30d;2;5;0,4;500;495,878260108923;-0,008243479782154055
710;11;;rf_pb_10P_30d;4;5;0,8;500;589,568223905254;0,1791364478105079
711;12;;rf_pb_10P_30d;1;5;0,2;500;455,4396428163631;-0,08912071436727376
712;13;;rf_pb_10P_30d;1;5;0,2;500;482,8282475463767;-0,034343504907246594
713;14;;rf_pb_10P_30d;2;5;0,4;500;576,8514099072712;0,1537028198145424
714;15;;rf_pb_10P_30d;2;5;0,4;500;556,7497990136612;0,11349959802732246
715;16;;rf_pb_10P_30d;0;5;0,0;500;474,1240079332285;-0,05175198413354303
716;17;;rf_pb_10P_30d;2;5;0,4;500;554,1294199251892;0,1082588398503783
717;18;;rf_pb_10P_30d;4;5;0,8;500;637,6894131174415;0,275378826234883
718;19;;rf_pb_10P_30d;3;5;0,6;500;625,6693744290275;0,25133874885805496
719;20;;rf_pb_10P_30d;2;5;0,4;500;592,1923840611116;0,18438476812222324
720;21;;rf_pb_10P_30d;1;5;0,2;500;459,72393248872555;-0,08055213502254889
721;22;;rf_pb_10P_30d;1;5;0,2;500;475,78122713612595;-0,0484375457277481
722;23;;rf_pb_10P_30d;1;5;0,2;500;506,0829134579947;0,012165826915989442
723;24;;rf_pb_10P_30d;1;5;0,2;500;447,3707541039913;-0,10525849179201736
724;25;;rf_pb_10P_30d;2;5;0,4;500;574,9319011926995;0,14986380238539893
725;26;;rf_pb_10P_30d;0;5;0,0;500;398,04277885814236;-0,2039144422837153
726;27;;rf_pb_10P_30d;2;5;0,4;500;549,7345018481075;0,09946900369621495
727;28;;rf_pb_10P_30d;1;5;0,2;500;434,22224913106623;-0,13155550173786754
728;29;;rf_pb_10P_30d;2;5;0,4;500;501,08229569150797;0,0021645913830159315
729;30;;rf_pb_10P_30d;1;5;0,2;500;511,50917191402937;0,023018343828058733
730;31;;rf_pb_10P_30d;0;5;0,0;500;395,2604664431465;-0,20947906711370695
731;32;;rf_pb_10P_30d;0;5;0,0;500;386,82498460845557;-0,22635003078308888
732;33;;rf_pb_10P_30d;2;5;0,4;500;500,2524401550943;0,0005048803101885824
733;34;;rf_pb_10P_30d;0;5;0,0;500;424,34405375488416;-0,1513118924902317
734;35;;rf_pb_10P_30d;0;5;0,0;500;487,51060547780094;-0,024978789044398125
735;36;;rf_pb_10P_30d;1;5;0,2;500;496,2479824146174;-0,007504035170765178
736;37;;rf_pb_10P_30d;1;5;0,2;500;483,0303274235076;-0,03393934515298486
737;38;;rf_pb_10P_30d;1;5;0,2;500;510,1795092781494;0,02035901855629879
738;39;;rf_pb_10P_30d;3;5;0,6;500;556,0893224256404;0,11217864485128075
739;40;;rf_pb_10P_30d;0;5;0,0;500;463,1416512325461;-0,07371669753490778
740;41;;rf_pb_10P_30d;2;5;0,4;500;579,3740964303399;0,15874819286067987
741;42;;rf_pb_10P_30d;4;5;0,8;500;683,3756217687978;0,36675124353759564
742;43;;rf_pb_10P_30d;0;5;0,0;500;503,8265053265391;0,007653010653078241
743;44;;rf_pb_10P_30d;0;5;0,0;500;384,40171882832885;-0,2311965623433423
744;45;;rf_pb_10P_30d;0;5;0,0;500;396,09730192902356;-0,20780539614195287
745;46;;rf_pb_10P_30d;2;5;0,4;500;706,0303437976285;0,41206068759525694
746;47;;rf_pb_10P_30d;1;5;0,2;500;515,6140197306488;0,031228039461297614
747;48;;rf_pb_10P_30d;2;5;0,4;500;495,562330385647;-0,008875339228706026
748;49;;rf_pb_10P_30d;2;5;0,4;500;548,7512918073148;0,09750258361462966
749;50;;rf_pb_10P_30d;0;5;0,0;500;481,0137108072095;-0,03797257838558096
750;1;;lr_pb_10N_30d;0;5;0,0;500;789,3428418011899;0,5786856836023798
751;2;;lr_pb_10N_30d;2;5;0,4;500;623,8782766206156;0,24775655324123114
752;3;;lr_pb_10N_30d;2;5;0,4;500;426,3579139819683;-0,14728417203606342
753;4;;lr_pb_10N_30d;0;5;0,0;500;589,5311967018547;0,17906239340370939
754;5;;lr_pb_10N_30d;2;5;0,4;500;484,22907604415536;-0,03154184791168928
755;6;;lr_pb_10N_30d;2;5;0,4;500;428,02788699617787;-0,14394422600764425
756;7;;lr_pb_10N_30d;2;5;0,4;500;467,9470595104551;-0,06410588097908976
757;8;;lr_pb_10N_30d;1;5;0,2;500;552,111148326491;0,10422229665298209
758;9;;lr_pb_10N_30d;1;5;0,2;500;586,3906838809388;0,1727813677618776
759;10;;lr_pb_10N_30d;4;5;0,8;500;447,1859483973834;-0,10562810320523318
760;11;;lr_pb_10N_30d;1;5;0,2;500;609,7330021794764;0,2194660043589529
761;12;;lr_pb_10N_30d;1;5;0,2;500;522,9076154959135;0,04581523099182709
762;13;;lr_pb_10N_30d;3;5;0,6;500;482,9791626782711;-0,03404167464345778
763;14;;lr_pb_10N_30d;3;5;0,6;500;448,6036186252716;-0,10279276274945676
764;15;;lr_pb_10N_30d;1;5;0,2;500;647,4260615162873;0,2948521230325746
765;16;;lr_pb_10N_30d;1;5;0,2;500;528,4733592799828;0,056946718559965574
766;17;;lr_pb_10N_30d;3;5;0,6;500;431,8688982751615;-0,13626220344967704
767;18;;lr_pb_10N_30d;0;5;0,0;500;645,2493787171259;0,29049875743425174
768;19;;lr_pb_10N_30d;4;5;0,8;500;492,81233782393383;-0,014375324352132339
769;20;;lr_pb_10N_30d;2;5;0,4;500;579,0649486648895;0,15812989732977895
770;21;;lr_pb_10N_30d;4;5;0,8;500;418,36647308407237;-0,16326705383185527
771;22;;lr_pb_10N_30d;1;5;0,2;500;655,8119747351259;0,3116239494702518
772;23;;lr_pb_10N_30d;1;5;0,2;500;669,1123744186243;0,3382247488372486
773;24;;lr_pb_10N_30d;2;5;0,4;500;462,0570671639748;-0,07588586567205038
774;25;;lr_pb_10N_30d;3;5;0,6;500;410,66646693997075;-0,1786670661200585
775;26;;lr_pb_10N_30d;3;5;0,6;500;439,64936631349735;-0,1207012673730053
776;27;;lr_pb_10N_30d;3;5;0,6;500;433,6560010404054;-0,13268799791918923
777;28;;lr_pb_10N_30d;3;5;0,6;500;448,0093953199423;-0,10398120936011537
778;29;;lr_pb_10N_30d;2;5;0,4;500;538,5006259993304;0,07700125199866079
779;30;;lr_pb_10N_30d;3;5;0,6;500;472,6776573135025;-0,054644685372995015
780;31;;lr_pb_10N_30d;2;5;0,4;500;665,3619737174583;0,3307239474349167
781;32;;lr_pb_10N_30d;0;5;0,0;500;596,5911993839314;0,1931823987678629
782;33;;lr_pb_10N_30d;2;5;0,4;500;707,5818820264286;0,4151637640528572
783;34;;lr_pb_10N_30d;3;5;0,6;500;576,477136842616;0,152954273685232
784;35;;lr_pb_10N_30d;2;5;0,4;500;509,10774286273613;0,018215485725472262
785;36;;lr_pb_10N_30d;4;5;0,8;500;411,3828049871193;-0,1772343900257614
786;37;;lr_pb_10N_30d;0;5;0,0;500;698,0134389194253;0,3960268778388506
787;38;;lr_pb_10N_30d;1;5;0,2;500;529,4442129708924;0,05888842594178482
788;39;;lr_pb_10N_30d;3;5;0,6;500;531,0606969471019;0,06212139389420372
789;40;;lr_pb_10N_30d;4;5;0,8;500;431,64089416041355;-0,1367182116791729
790;41;;lr_pb_10N_30d;1;5;0,2;500;630,8563543821682;0,2617127087643364
791;42;;lr_pb_10N_30d;0;5;0,0;500;659,1551762606958;0,31831035252139167
792;43;;lr_pb_10N_30d;2;5;0,4;500;486,0007610294107;-0,027998477941178636
793;44;;lr_pb_10N_30d;1;5;0,2;500;524,5039059056542;0,04900781181130833
794;45;;lr_pb_10N_30d;1;5;0,2;500;709,9578890763815;0,4199157781527631
795;46;;lr_pb_10N_30d;2;5;0,4;500;441,06452564352884;-0,11787094871294232
796;47;;lr_pb_10N_30d;2;5;0,4;500;444,16732070367993;-0,11166535859264014
797;48;;lr_pb_10N_30d;2;5;0,4;500;630,9665266025495;0,26193305320509896
798;49;;lr_pb_10N_30d;3;5;0,6;500;483,3878824604483;-0,03322423507910344
799;50;;lr_pb_10N_30d;0;5;0,0;500;550,2176053669328;0,10043521073386569
800;1;;rf_pb_20P_30d;1;5;0,2;500;471,6534665477131;-0,05669306690457381
801;2;;rf_pb_20P_30d;1;5;0,2;500;502,602932977561;0,005205865955122022
802;3;;rf_pb_20P_30d;0;5;0,0;500;382,2067356341269;-0,23558652873174618
803;4;;rf_pb_20P_30d;2;5;0,4;500;543,420508814113;0,08684101762822592
804;5;;rf_pb_20P_30d;0;5;0,0;500;416,05919139602474;-0,1678816172079505
805;6;;rf_pb_20P_30d;0;5;0,0;500;405,8784216605297;-0,18824315667894065
806;7;;rf_pb_20P_30d;0;5;0,0;500;477,2793558445106;-0,04544128831097885
807;8;;rf_pb_20P_30d;1;5;0,2;500;572,3219860393585;0,14464397207871707
808;9;;rf_pb_20P_30d;2;5;0,4;500;556,1980660024374;0,11239613200487475
809;10;;rf_pb_20P_30d;2;5;0,4;500;465,0914980568206;-0,06981700388635875
810;11;;rf_pb_20P_30d;0;5;0,0;500;417,39328467022506;-0,16521343065954988
811;12;;rf_pb_20P_30d;2;5;0,4;500;561,9665880586708;0,12393317611734164
812;13;;rf_pb_20P_30d;0;5;0,0;500;445,4819802255901;-0,10903603954881975
813;14;;rf_pb_20P_30d;1;5;0,2;500;554,9383750403662;0,10987675008073233
814;15;;rf_pb_20P_30d;0;5;0,0;500;438,6860323065592;-0,12262793538688163
815;16;;rf_pb_20P_30d;1;5;0,2;500;480,51615243108006;-0,03896769513783988
816;17;;rf_pb_20P_30d;1;5;0,2;500;423,95685645496417;-0,15208628709007166
817;18;;rf_pb_20P_30d;3;5;0,6;500;607,6525250133707;0,21530505002674136
818;19;;rf_pb_20P_30d;2;5;0,4;500;486,68330588993695;-0,02663338822012611
819;20;;rf_pb_20P_30d;0;5;0,0;500;428,6199501925462;-0,14276009961490763
820;21;;rf_pb_20P_30d;0;5;0,0;500;394,3183379378694;-0,21136332412426123
821;22;;rf_pb_20P_30d;1;5;0,2;500;448,0401745498054;-0,10391965090038922
822;23;;rf_pb_20P_30d;0;5;0,0;500;400,95658082871535;-0,19808683834256932
823;24;;rf_pb_20P_30d;0;5;0,0;500;406,17005395793024;-0,18765989208413952
824;25;;rf_pb_20P_30d;0;5;0,0;500;380,38567151472523;-0,23922865697054954
825;26;;rf_pb_20P_30d;0;5;0,0;500;422,6702625900812;-0,15465947481983755
826;27;;rf_pb_20P_30d;0;5;0,0;500;397,78343855519284;-0,20443312288961432
827;28;;rf_pb_20P_30d;1;5;0,2;500;515,237701442912;0,030475402885823996
828;29;;rf_pb_20P_30d;2;5;0,4;500;507,26763886072024;0,01453527772144048
829;30;;rf_pb_20P_30d;0;5;0,0;500;472,87285242988435;-0,05425429514023131
830;31;;rf_pb_20P_30d;0;5;0,0;500;471,18418785228005;-0,05763162429543991
831;32;;rf_pb_20P_30d;1;5;0,2;500;365,8773509081261;-0,26824529818374776
832;33;;rf_pb_20P_30d;0;5;0,0;500;432,0440863823638;-0,13591182723527243
833;34;;rf_pb_20P_30d;0;5;0,0;500;406,6365251474465;-0,186726949705107
834;35;;rf_pb_20P_30d;0;5;0,0;500;473,2979484769952;-0,05340410304600959
835;36;;rf_pb_20P_30d;2;5;0,4;500;479,3359140247242;-0,041328171950551565
836;37;;rf_pb_20P_30d;0;5;0,0;500;401,9885384270675;-0,19602292314586497
837;38;;rf_pb_20P_30d;0;5;0,0;500;406,2856939862205;-0,18742861202755898
838;39;;rf_pb_20P_30d;2;5;0,4;500;514,2301503510323;0,028460300702064616
839;40;;rf_pb_20P_30d;2;5;0,4;500;556,7217837999608;0,11344356759992161
840;41;;rf_pb_20P_30d;1;5;0,2;500;454,21176773188995;-0,0915764645362201
841;42;;rf_pb_20P_30d;1;5;0,2;500;488,8037179983366;-0,02239256400332681
842;43;;rf_pb_20P_30d;1;5;0,2;500;493,4595645348804;-0,013080870930239144
843;44;;rf_pb_20P_30d;1;5;0,2;500;492,1515251253837;-0,015696949749232546
844;45;;rf_pb_20P_30d;1;5;0,2;500;444,87454815924633;-0,11025090368150733
845;46;;rf_pb_20P_30d;2;5;0,4;500;659,2655612978466;0,3185311225956932
846;47;;rf_pb_20P_30d;0;5;0,0;500;427,09294269090753;-0,14581411461818494
847;48;;rf_pb_20P_30d;0;5;0,0;500;420,25379442662955;-0,1594924111467409
848;49;;rf_pb_20P_30d;1;5;0,2;500;504,18424489008385;0,008368489780167692
849;50;;rf_pb_20P_30d;1;5;0,2;500;482,1451469786054;-0,03570970604278921
850;1;;Xv_pb_10P_30d;1;5;0,2;500;458,66267115089823;-0,08267465769820354
851;2;;Xv_pb_10P_30d;0;5;0,0;500;457,9502016752117;-0,0840995966495766
852;3;;Xv_pb_10P_30d;2;5;0,4;500;511,96785656784135;0,023935713135682705
853;4;;Xv_pb_10P_30d;2;5;0,4;500;417,5185767902851;-0,16496284641942977
854;5;;Xv_pb_10P_30d;3;5;0,6;500;730,6076239767962;0,4612152479535923
855;6;;Xv_pb_10P_30d;0;5;0,0;500;393,4712757596848;-0,21305744848063046
856;7;;Xv_pb_10P_30d;2;5;0,4;500;587,7114282509937;0,17542285650198733
857;8;;Xv_pb_10P_30d;2;5;0,4;500;729,8162374598206;0,45963247491964127
858;9;;Xv_pb_10P_30d;2;5;0,4;500;628,0286290647102;0,2560572581294205
859;10;;Xv_pb_10P_30d;2;5;0,4;500;687,3400550317489;0,3746801100634978
860;11;;Xv_pb_10P_30d;0;5;0,0;500;426,40572030413074;-0,14718855939173853
861;12;;Xv_pb_10P_30d;0;5;0,0;500;409,55977724501975;-0,18088044550996052
862;13;;Xv_pb_10P_30d;0;5;0,0;500;422,0163875005118;-0,15596722499897636
863;14;;Xv_pb_10P_30d;2;5;0,4;500;564,8812707241736;0,12976254144834728
864;15;;Xv_pb_10P_30d;3;5;0,6;500;610,2931915930747;0,22058638318614932
865;16;;Xv_pb_10P_30d;2;5;0,4;500;519,6601787808979;0,039320357561795846
866;17;;Xv_pb_10P_30d;0;5;0,0;500;372,59836408218877;-0,25480327183562246
867;18;;Xv_pb_10P_30d;1;5;0,2;500;463,2201759190466;-0,07355964816190681
868;19;;Xv_pb_10P_30d;0;5;0,0;500;434,86423410268424;-0,13027153179463152
869;20;;Xv_pb_10P_30d;4;5;0,8;500;722,3234828830725;0,44464696576614504
870;21;;Xv_pb_10P_30d;1;5;0,2;500;537,3714959867805;0,07474299197356095
871;22;;Xv_pb_10P_30d;1;5;0,2;500;465,8188047666748;-0,06836239046665037
872;23;;Xv_pb_10P_30d;3;5;0,6;500;550,3559970375791;0,10071199407515814
873;24;;Xv_pb_10P_30d;3;5;0,6;500;653,9434467324252;0,3078868934648503
874;25;;Xv_pb_10P_30d;0;5;0,0;500;393,3538343895799;-0,2132923312208402
875;26;;Xv_pb_10P_30d;0;5;0,0;500;491,3436157065437;-0,017312768586912625
876;27;;Xv_pb_10P_30d;2;5;0,4;500;566,0997557672815;0,13219951153456305
877;28;;Xv_pb_10P_30d;2;5;0,4;500;567,7387157719985;0,135477431543997
878;29;;Xv_pb_10P_30d;1;5;0,2;500;459,49579920651337;-0,08100840158697327
879;30;;Xv_pb_10P_30d;1;5;0,2;500;474,7633423870385;-0,050473315225922986
880;31;;Xv_pb_10P_30d;4;5;0,8;500;718,0852815290966;0,43617056305819324
881;32;;Xv_pb_10P_30d;1;5;0,2;500;496,74827797933176;-0,006503444041336479
882;33;;Xv_pb_10P_30d;1;5;0,2;500;480,92568780181034;-0,03814862439637932
883;34;;Xv_pb_10P_30d;1;5;0,2;500;482,87783326290236;-0,03424433347419529
884;35;;Xv_pb_10P_30d;2;5;0,4;500;475,1685641854157;-0,04966287162916865
885;36;;Xv_pb_10P_30d;2;5;0,4;500;538,7968434595934;0,07759368691918689
886;37;;Xv_pb_10P_30d;1;5;0,2;500;484,6875719194153;-0,030624856161169417
887;38;;Xv_pb_10P_30d;0;5;0,0;500;375,73128658829023;-0,24853742682341953
888;39;;Xv_pb_10P_30d;0;5;0,0;500;439,61988454046855;-0,1207602309190629
889;40;;Xv_pb_10P_30d;1;5;0,2;500;505,0972304001684;0,010194460800336856
890;41;;Xv_pb_10P_30d;3;5;0,6;500;558,9338328322093;0,11786766566441861
891;42;;Xv_pb_10P_30d;3;5;0,6;500;739,7633976899992;0,4795267953799985
892;43;;Xv_pb_10P_30d;2;5;0,4;500;613,0729955754996;0,22614599115099918
893;44;;Xv_pb_10P_30d;2;5;0,4;500;524,7523287864158;0,04950465757283155
894;45;;Xv_pb_10P_30d;0;5;0,0;500;433,93041653955834;-0,13213916692088332
895;46;;Xv_pb_10P_30d;2;5;0,4;500;523,50933624941;0,047018672498820024
896;47;;Xv_pb_10P_30d;3;5;0,6;500;594,6052532520579;0,18921050650411575
897;48;;Xv_pb_10P_30d;2;5;0,4;500;617,3618458950275;0,234723691790055
898;49;;Xv_pb_10P_30d;2;5;0,4;500;546,779130352393;0,09355826070478611
899;50;;Xv_pb_10P_30d;0;5;0,0;500;376,9531260614968;-0,2460937478770064
900;1;;rf_pb_10N_7d;2;5;0,4;500;485,3701450037255;-0,029259709992549007
901;2;;rf_pb_10N_7d;1;5;0,2;500;532,9164075039416;0,06583281500788325
902;3;;rf_pb_10N_7d;2;5;0,4;500;496,6939239853642;-0,006612152029271556
903;4;;rf_pb_10N_7d;0;5;0,0;500;505,3975646572681;0,010795129314536212
904;5;;rf_pb_10N_7d;1;5;0,2;500;487,30139762144074;-0,025397204757118517
905;6;;rf_pb_10N_7d;2;5;0,4;500;486,769317409358;-0,02646136518128401
906;7;;rf_pb_10N_7d;0;5;0,0;500;513,4710418361265;0,02694208367225292
907;8;;rf_pb_10N_7d;1;5;0,2;500;479,2473218179323;-0,04150535636413542
908;9;;rf_pb_10N_7d;1;5;0,2;500;496,71163348704505;-0,006576733025909902
909;10;;rf_pb_10N_7d;1;5;0,2;500;503,08093496724126;0,006161869934482525
910;11;;rf_pb_10N_7d;3;5;0,6;500;458,5199584074515;-0,08296008318509701
911;12;;rf_pb_10N_7d;3;5;0,6;500;443,79879614578994;-0,11240240770842012
912;13;;rf_pb_10N_7d;1;5;0,2;500;471,15087471341957;-0,057698250573160866
913;14;;rf_pb_10N_7d;2;5;0,4;500;479,3968885680514;-0,04120622286389721
914;15;;rf_pb_10N_7d;1;5;0,2;500;496,86514593496463;-0,0062697081300707395
915;16;;rf_pb_10N_7d;1;5;0,2;500;518,0844040868716;0,036168808173743176
916;17;;rf_pb_10N_7d;0;5;0,0;500;485,58486351009174;-0,028830272979816527
917;18;;rf_pb_10N_7d;0;5;0,0;500;502,04835664946745;0,004096713298934901
918;19;;rf_pb_10N_7d;0;5;0,0;500;511,1960816093991;0,022392163218798146
919;20;;rf_pb_10N_7d;2;5;0,4;500;476,33322159889644;-0,04733355680220711
920;21;;rf_pb_10N_7d;2;5;0,4;500;481,0280756381068;-0,037943848723786346
921;22;;rf_pb_10N_7d;1;5;0,2;500;486,1074704319566;-0,02778505913608683
922;23;;rf_pb_10N_7d;0;5;0,0;500;486,59720021058513;-0,026805599578829744
923;24;;rf_pb_10N_7d;1;5;0,2;500;480,88044039745364;-0,03823911920509272
924;25;;rf_pb_10N_7d;1;5;0,2;500;532,7361698657667;0,06547233973153334
925;26;;rf_pb_10N_7d;1;5;0,2;500;453,50278989511173;-0,09299442020977654
926;27;;rf_pb_10N_7d;2;5;0,4;500;458,5497144263065;-0,08290057114738704
927;28;;rf_pb_10N_7d;1;5;0,2;500;513,4923572166223;0,02698471443324456
928;29;;rf_pb_10N_7d;1;5;0,2;500;494,9403006118945;-0,010119398776211028
929;30;;rf_pb_10N_7d;2;5;0,4;500;498,1760948532536;-0,003647810293492853
930;31;;rf_pb_10N_7d;3;5;0,6;500;461,676767080515;-0,07664646583897002
931;32;;rf_pb_10N_7d;1;5;0,2;500;482,97580664759107;-0,03404838670481786
932;33;;rf_pb_10N_7d;1;5;0,2;500;503,79483866888;0,007589677337760009
933;34;;rf_pb_10N_7d;0;5;0,0;500;544,3071739256849;0,08861434785136976
934;35;;rf_pb_10N_7d;1;5;0,2;500;457,49407116214394;-0,08501185767571212
935;36;;rf_pb_10N_7d;0;5;0,0;500;524,0944447749632;0,04818888954992644
936;37;;rf_pb_10N_7d;2;5;0,4;500;483,40297841024034;-0,03319404317951933
937;38;;rf_pb_10N_7d;0;5;0,0;500;489,66770542992487;-0,02066458914015027
938;39;;rf_pb_10N_7d;2;5;0,4;500;460,82055533636037;-0,07835888932727926
939;40;;rf_pb_10N_7d;2;5;0,4;500;491,8209246127655;-0,01635815077446898
940;41;;rf_pb_10N_7d;3;5;0,6;500;465,3249336736113;-0,06935013265277734
941;42;;rf_pb_10N_7d;1;5;0,2;500;479,59715909221944;-0,040805681815561115
942;43;;rf_pb_10N_7d;3;5;0,6;500;468,2379782792382;-0,06352404344152364
943;44;;rf_pb_10N_7d;1;5;0,2;500;488,650557071064;-0,02269888585787203
944;45;;rf_pb_10N_7d;3;5;0,6;500;462,3070940010576;-0,07538581199788484
945;46;;rf_pb_10N_7d;1;5;0,2;500;510,1858517104094;0,02037170342081879
946;47;;rf_pb_10N_7d;2;5;0,4;500;524,8839220270735;0,04976784405414696
947;48;;rf_pb_10N_7d;1;5;0,2;500;478,57088522317827;-0,04285822955364347
948;49;;rf_pb_10N_7d;1;5;0,2;500;484,84410630053713;-0,03031178739892573
949;50;;rf_pb_10N_7d;1;5;0,2;500;491,1724792794265;-0,017655041441146976
