,Symbol,Date,Close,lr_pb_10N_15d,lr_pb_10N_30d,lr_pb_10N_7d,lr_pb_10P_15d,lr_pb_10P_30d,lr_pb_10P_7d,lr_pb_15N_15d,lr_pb_15N_30d,lr_pb_15N_7d,lr_pb_15P_15d,lr_pb_15P_30d,lr_pb_15P_7d,lr_pb_20N_15d,lr_pb_20N_30d,lr_pb_20N_7d,lr_pb_20P_15d,lr_pb_20P_30d,lr_pb_20P_7d,lr_pb_25N_15d,lr_pb_25N_30d,lr_pb_25N_7d,lr_pb_25P_15d,lr_pb_25P_30d,lr_pb_25P_7d,rf_pb_10N_15d,rf_pb_10N_30d,rf_pb_10N_7d,rf_pb_10P_15d,rf_pb_10P_30d,rf_pb_10P_7d,rf_pb_15N_15d,rf_pb_15N_30d,rf_pb_15N_7d,rf_pb_15P_15d,rf_pb_15P_30d,rf_pb_15P_7d,rf_pb_20N_15d,rf_pb_20N_30d,rf_pb_20N_7d,rf_pb_20P_15d,rf_pb_20P_30d,rf_pb_20P_7d,rf_pb_25N_15d,rf_pb_25N_30d,rf_pb_25N_7d,rf_pb_25P_15d,rf_pb_25P_30d,rf_pb_25P_7d,Xv_pb_10N_15d,Xv_pb_10N_30d,Xv_pb_10N_7d,Xv_pb_10P_15d,Xv_pb_10P_30d,Xv_pb_10P_7d,Xv_pb_15N_15d,Xv_pb_15N_30d,Xv_pb_15N_7d,Xv_pb_15P_15d,Xv_pb_15P_30d,Xv_pb_15P_7d,Xv_pb_20N_15d,Xv_pb_20N_30d,Xv_pb_20N_7d,Xv_pb_20P_15d,Xv_pb_20P_30d,Xv_pb_20P_7d,Xv_pb_25N_15d,Xv_pb_25N_30d,Xv_pb_25N_7d,Xv_pb_25P_15d,Xv_pb_25P_30d,Xv_pb_25P_7d,score_P_30d,score_P_15d,score_P_7d,score_N_30d,score_N_15d,score_N_7d
6328,SOL-USD,2024-06-01,163.24990844726562,0.6742122884484499,0.47329724763760167,0.5310083804676753,0.5120470805661247,0.6285197225633044,0.771817561849255,0.6208350418123507,0.737471650211813,0.7083804313419582,0.32753539072241206,0.5429440212145924,0.45743785449801844,0.6535823902254536,0.482551678606605,0.7497067671808506,0.5318409479751914,0.6030880155431384,0.4273013993970524,0.6514441926223413,0.7629260605039576,0.6942914528455582,0.38525129720312806,0.5741898061636423,0.2727569060805367,0.37,0.35,0.38,0.56,0.77,0.69,0.25,0.23,0.6,0.68,0.74,0.61,0.42,0.33,0.56,0.64,0.68,0.76,0.54,0.49,0.65,0.73,0.76,0.57,0.36134624,0.19659975,0.53919053,0.32178482,0.4277986,0.99565744,0.8295452,0.016939955,0.8606994,0.93607616,0.9211764,0.8809348,0.6210122,0.8115462,0.88220644,0.92108333,0.6319002,0.9916857,0.9877314,0.86635,0.97647846,0.9107808,0.5242931,0.6752976,0.6597340539091707,0.6395766227609221,0.6883324299566225,0.45564542566724753,0.5731992659724792,0.6727839128046534
4751,ETH-USD,2024-06-01,3780.89599609375,0.5781150881586973,0.3786825148073084,0.23294965457047487,0.46484884374901536,0.8876223399526271,0.700130000214211,0.5198308365922879,0.3926011359296831,0.5529499919514018,0.3147568023535356,0.8370829876698548,0.5198061253114704,0.8350369040520421,0.47513991437713005,0.18277948067309893,0.3865226139049652,0.8523425844489055,0.389461363201851,0.6888452842905001,0.6518479039260271,0.4567071513619448,0.5472478073107223,0.825334015647107,0.23745938800855818,0.36,0.33,0.37,0.59,0.71,0.72,0.24,0.27,0.49,0.69,0.72,0.62,0.43,0.32,0.48,0.66,0.62,0.74,0.57,0.47,0.64,0.73,0.74,0.6,0.27333564,0.12774181,0.43638048,0.37865558,0.4114747,0.99506146,0.7489154,0.014590289,0.79816556,0.9514955,0.9428895,0.83670217,0.65127516,0.79516417,0.7543533,0.92108333,0.75142413,0.9916857,0.9884015,0.8264723,0.97440207,0.93388987,0.5773468,0.71778977,0.7234580081674764,0.6513643786597547,0.6865208818828348,0.4110630613705576,0.5656130709076128,0.5373077878761551
2344,BTC-USD,2024-06-01,67751.6015625,0.41055161310310706,0.4105963888825057,0.34332855859127287,0.3157225218057331,0.28569063290827074,0.19669286381928455,0.37478057301744955,0.3796964289360764,0.2379591531754906,0.21152151250155893,0.3502778739409241,0.0972689328151848,0.1685704774512531,0.5689392499771687,0.2586495213805937,0.241713852648091,0.28943631684007454,0.02405715448827585,0.1736752030154223,0.22784022357380437,0.016474691703314885,0.06041786872390239,0.5625659327581974,0.031126170376696006,0.37,0.34,0.36,0.6,0.77,0.67,0.25,0.23,0.53,0.66,0.84,0.63,0.44,0.34,0.49,0.67,0.7,0.75,0.53,0.45,0.58,0.71,0.79,0.63,0.19800413,0.05876121,0.22151099,0.80940855,0.42706844,0.9925028,0.907117,0.019562857,0.92566115,0.95296794,0.9532999,0.88833547,0.6186331,0.91723245,0.74034524,0.95111567,0.91524726,0.9967456,0.8619227,0.8411274,0.898802,0.95297235,0.8462439,0.79984033,0.6832593512722545,0.6339294070989386,0.5920822482456869,0.3951527968469647,0.45573649284379686,0.4786544712463007
6329,SOL-USD,2024-06-02,164.9234619140625,0.6957001198932228,0.4256868610675515,0.5295514899190144,0.589533117182142,0.61160126661874,0.7673287574172329,0.6609970571065907,0.7486305008878046,0.7140246621476226,0.4330177869369165,0.5368468096303302,0.5240262702254515,0.7205672477065593,0.4897692730240458,0.7989069992464322,0.5507076586008098,0.6017720049996377,0.4381873729366065,0.7723456107832014,0.6528510634383904,0.6254484837011621,0.40354320373967173,0.628903728790761,0.43449591812136124,0.35,0.36,0.37,0.6,0.74,0.66,0.28,0.24,0.59,0.71,0.73,0.62,0.45,0.34,0.52,0.67,0.67,0.75,0.61,0.47,0.64,0.74,0.73,0.56,0.36134624,0.19659975,0.51375973,0.32178482,0.40662307,0.99535394,0.8403052,0.017052293,0.871887,0.9376393,0.9393163,0.8072968,0.61299115,0.8115462,0.88681394,0.90944284,0.69723856,0.9883675,0.989287,0.86635,0.97647846,0.9146011,0.5242931,0.65472376,0.6595881561534586,0.6636344691318851,0.6930005125706469,0.447829736335952,0.6004957979847618,0.6648080966922756
4752,ETH-USD,2024-06-02,3766.38916015625,0.41926209051635516,0.3066940877948311,0.10481520012789382,0.36298914958953615,0.8046656044773827,0.7348467242968685,0.37365178703125684,0.47586640894580323,0.3911765779763609,0.3820090189657308,0.7433975862926997,0.6877176841103736,0.666859333055333,0.39368936173510316,0.17435439727479551,0.5175409727794075,0.621847243041461,0.5942569764069019,0.6313133683928833,0.6864802623791059,0.3402401245448527,0.803922831333209,0.6806831656610499,0.5804030729990036,0.36,0.32,0.37,0.59,0.72,0.72,0.23,0.28,0.5,0.69,0.73,0.63,0.42,0.31,0.48,0.65,0.62,0.74,0.57,0.47,0.64,0.74,0.74,0.6,0.27333564,0.12774181,0.43638048,0.37865558,0.4114747,0.99506146,0.82426965,0.014590289,0.79816556,0.9514955,0.9428895,0.83670217,0.65127516,0.79516417,0.7543533,0.92108333,0.75142413,0.9916857,0.9884015,0.8264723,0.97440207,0.93388987,0.5773468,0.71778977,0.6928223387299877,0.6755011051615567,0.7412152480863512,0.40730913676986985,0.5348386542583495,0.5061516350983435
2345,BTC-USD,2024-06-02,68804.78125,0.2378119375947754,0.30682050803537914,0.16645797387102318,0.42138435110950584,0.43407332846421454,0.27711667369701204,0.2467669462954842,0.3018738965871999,0.16822550141035722,0.29373318442010266,0.5493722177085909,0.13296705193556557,0.1342189483452634,0.4968034490974162,0.15377914382491817,0.3227734904517676,0.399999015610965,0.026610378175985144,0.13151265371788867,0.1897794976718324,0.012537545447481679,0.10257708063422888,0.7061950300810234,0.0407667791613649,0.37,0.34,0.36,0.6,0.77,0.67,0.25,0.23,0.53,0.66,0.84,0.63,0.44,0.34,0.49,0.67,0.7,0.75,0.53,0.45,0.58,0.71,0.79,0.63,0.19800413,0.05876121,0.22151099,0.80940855,0.42706844,0.9925028,0.907117,0.019562857,0.92566115,0.95296794,0.9532999,0.88833547,0.6186331,0.91723245,0.74034524,0.95111567,0.91524726,0.9967456,0.8619227,0.8411274,0.898802,0.95297235,0.8462439,0.79984033,0.718819348533762,0.6541205155045509,0.601024960401161,0.37781305290112144,0.4311364803323985,0.45137001343614647
6330,SOL-USD,2024-06-03,171.8019256591797,0.6958343218782446,0.4255113834201299,0.529677885799172,0.5893997476793823,0.6116954535753885,0.7673454832990086,0.6610860565750772,0.7485579951374263,0.7141196886464034,0.43274174421860173,0.5367940854554476,0.5239860488924861,0.7206116968659338,0.4896999414322353,0.7988735312254691,0.5505468155502172,0.601690450145467,0.4381182023825224,0.7724455919212208,0.6529746737910237,0.62549071122213,0.4034320465478905,0.6285965301419606,0.4343155551795744,0.35,0.36,0.37,0.6,0.74,0.66,0.28,0.24,0.59,0.71,0.73,0.62,0.45,0.34,0.52,0.67,0.67,0.75,0.61,0.47,0.64,0.74,0.73,0.56,0.36134624,0.19659975,0.51375973,0.32178482,0.40662307,0.99535394,0.8403052,0.017052293,0.871887,0.9376393,0.9393163,0.8072968,0.61299115,0.8115462,0.88681394,0.90944284,0.69723856,0.9883675,0.989287,0.86635,0.97647846,0.9146011,0.5242931,0.65472376,0.659568141105774,0.6635897883374262,0.6929807933370646,0.4478184998129582,0.6005198403795966,0.6648267144266369
4753,ETH-USD,2024-06-03,3812.515869140625,0.36398594575883586,0.36023967675618174,0.09023954302247601,0.4062214589499889,0.7832517335920188,0.7319935957780299,0.33509024900919904,0.5101570712803932,0.3515824809249948,0.475306229500795,0.7535523799712409,0.7034098963691019,0.642506572490364,0.40632233278031615,0.1786520894364805,0.5741162529828923,0.6444051392944622,0.6219417700391198,0.5837024524775591,0.6427473485355898,0.32392838213590275,0.8309247469813719,0.7644491878891656,0.6445653886920135,0.36,0.32,0.37,0.59,0.72,0.72,0.23,0.28,0.5,0.69,0.76,0.63,0.42,0.31,0.48,0.66,0.63,0.74,0.57,0.47,0.64,0.74,0.77,0.6,0.27380627,0.12774181,0.42663977,0.37865558,0.4114747,0.99277675,0.82426965,0.014590289,0.79816556,0.9478984,0.9428895,0.8260637,0.65127516,0.79516417,0.7543533,0.92108333,0.6319002,0.9916857,0.9884015,0.84350014,0.97440207,0.93388987,0.5773468,0.7099637,0.6937175719092135,0.690531467655871,0.746999860148265,0.41205752066763757,0.5239923344646175,0.4999931324249408
2346,BTC-USD,2024-06-03,70567.765625,0.18535368207927538,0.271522274092717,0.1497606472514743,0.45023900581435367,0.47217069592682204,0.3048621567480553,0.19145014482918207,0.24195951313767894,0.1589285755997081,0.3404987535593103,0.5829377365368489,0.15029275580860754,0.10641265054162881,0.3687772100064786,0.08041047043686227,0.32558688545889375,0.44025772545334846,0.05510221088103701,0.06825938421875151,0.20395909684907154,0.01437658745521947,0.09199328713563001,0.7176461414698574,0.04958070049834172,0.36,0.32,0.36,0.6,0.78,0.69,0.22,0.22,0.53,0.67,0.85,0.63,0.42,0.33,0.53,0.67,0.69,0.75,0.49,0.44,0.61,0.72,0.81,0.63,0.18744038,0.05876121,0.20768845,0.8124085,0.4890598,0.9925028,0.90368134,0.016744561,0.92566115,0.95296794,0.9532999,0.914918,0.6415322,0.90312654,0.6289202,0.94469756,0.8895007,0.9965919,0.85208344,0.8411274,0.898802,0.9507763,0.8462439,0.79984033,0.7324850109708978,0.6598240812311053,0.6110035671658862,0.35919416949073124,0.408704332759208,0.4396409298531645
6331,SOL-USD,2024-06-04,173.48291015625,0.5530583324000516,0.5976162573275885,0.40783795889937974,0.7100568984560627,0.5175225717543956,0.7507426912520895,0.5703181626081614,0.8121965727405042,0.614049907405907,0.6940629007502732,0.587337346906392,0.5627465110459743,0.6755772852380887,0.5566817175024953,0.8293705675873315,0.6969736617605755,0.6775108466691863,0.5058842739301359,0.6617140225843872,0.525840969261932,0.5837536562501726,0.5141085624874422,0.8583665180806132,0.6099844845559808,0.38,0.33,0.36,0.59,0.76,0.66,0.28,0.22,0.59,0.71,0.81,0.62,0.46,0.34,0.52,0.66,0.71,0.77,0.6,0.45,0.65,0.73,0.79,0.59,0.37664604,0.16333586,0.4946167,0.35611656,0.37306526,0.9956884,0.92405313,0.017052293,0.89874053,0.92502046,0.9265944,0.88656867,0.7002479,0.9146322,0.88681394,0.90944284,0.76640433,0.9887997,0.96403295,0.9049307,0.97853607,0.9193246,0.8128218,0.6460113,0.7235460590434301,0.7051102613278841,0.7228744697268971,0.46122295667739793,0.5925516049529845,0.646738909496205
4754,ETH-USD,2024-06-04,3864.260986328125,0.28838763586596944,0.49098858368582926,0.06339403702468605,0.4982870180220788,0.730129054828015,0.7180051924428904,0.29818143343201514,0.5897314357484649,0.2953328125934508,0.6586577771557229,0.7807322391249475,0.7192235026675285,0.6411588892632422,0.4801851975708691,0.21654587560121322,0.6699577976429584,0.7000429134598221,0.6631870153305934,0.5077211921847062,0.5775640892822599,0.30688115570210756,0.8663285045454641,0.889989600654491,0.7377222143635197,0.38,0.3,0.37,0.57,0.75,0.72,0.23,0.25,0.5,0.68,0.84,0.63,0.43,0.31,0.5,0.66,0.65,0.77,0.54,0.44,0.65,0.73,0.79,0.63,0.27004254,0.10461146,0.39795646,0.41533932,0.41676465,0.9896108,0.9363088,0.014590289,0.83759344,0.9473857,0.930523,0.9052966,0.7258017,0.9061752,0.7672431,0.92108333,0.70977944,0.9919956,0.9236173,0.8745953,0.97663707,0.92811865,0.8433137,0.7099637,0.7491447272523231,0.7160908061965567,0.7689229561645943,0.428097085683786,0.5226972953818225,0.4993317315712507
2347,BTC-USD,2024-06-04,71082.8203125,0.42279992246395615,0.1999743592652798,0.49385767792124535,0.38091957693782946,0.7002363546879674,0.2737126780524751,0.3379135241849593,0.12816175036906854,0.33925021887938395,0.10368321611366746,0.6182746854779616,0.07317217234964396,0.21554762684624723,0.3247125916369231,0.05792443569698211,0.1308741632377597,0.6221076275071126,0.01963198217320611,0.12830436260238412,0.23458041864172446,0.025190807390695152,0.019563213228450275,0.5626272143925525,0.006795299559625756,0.33,0.36,0.34,0.61,0.75,0.71,0.22,0.24,0.52,0.69,0.73,0.61,0.42,0.33,0.51,0.67,0.66,0.72,0.52,0.46,0.6,0.72,0.75,0.6,0.17763612,0.072575465,0.22057337,0.84026825,0.4836131,0.99593073,0.65560097,0.016744561,0.9051937,0.95666164,0.95654196,0.85215443,0.59321535,0.7893468,0.6122415,0.94469756,0.80451727,0.9964593,0.9636324,0.783343,0.88996035,0.9526673,0.58279014,0.8059042,0.6937256505282224,0.6279069477644704,0.5878016952324254,0.341064788715956,0.42728022484482997,0.4733347094983888
6332,SOL-USD,2024-06-05,170.01622009277344,0.5564729115622402,0.5938468267187729,0.4105124288253139,0.7075766287348876,0.5196810783402349,0.7511247621443494,0.5724392620936926,0.8109118627334301,0.616452204381697,0.6888321251631592,0.586216256713804,0.561881120831736,0.6766314371345895,0.5551882483585618,0.8287268229686853,0.6939717820200799,0.6758874502837441,0.5043527514714209,0.6644843310807895,0.5288054781069772,0.5847084083358425,0.5115926717206327,0.8548417982021435,0.6061698304855379,0.36,0.33,0.36,0.59,0.76,0.66,0.28,0.22,0.59,0.71,0.81,0.62,0.46,0.34,0.52,0.66,0.72,0.77,0.6,0.45,0.65,0.74,0.79,0.59,0.37664604,0.16333586,0.4946167,0.35611656,0.37306526,0.9956884,0.8878712,0.017052293,0.89874053,0.92502046,0.9265944,0.88656867,0.7147679,0.8844524,0.88681394,0.90944284,0.76640433,0.9887997,0.96403295,0.9049307,0.97853607,0.9193246,0.8128218,0.6460113,0.7242666589191138,0.7051608686116914,0.7224533366884912,0.4582016429110154,0.5893032266221797,0.647173763605149
4755,ETH-USD,2024-06-05,3811.60595703125,0.3088439373661585,0.5003932523582263,0.06168842759181645,0.4955852226592685,0.7275993558202215,0.7165887522240317,0.3215073457804013,0.6023283543265284,0.30962111499625505,0.6524540510095683,0.7818787241900252,0.7116073869048354,0.6749820992914316,0.5077912295999877,0.23369629972423678,0.6601098572623867,0.7038111929272814,0.6589812673682917,0.5299674199438819,0.6031800851620691,0.31710121913424744,0.8606728146144431,0.8899134797983036,0.7229786953545922,0.38,0.3,0.37,0.57,0.75,0.72,0.23,0.25,0.5,0.68,0.84,0.63,0.43,0.31,0.5,0.66,0.65,0.77,0.55,0.44,0.65,0.73,0.79,0.63,0.27004254,0.10461146,0.39795646,0.41533932,0.41676465,0.9896108,0.9363088,0.014590289,0.83759344,0.9473857,0.930523,0.9052966,0.7258017,0.9061752,0.7672431,0.92108333,0.70977944,0.9919956,0.9236173,0.8745953,0.97663707,0.92811865,0.8433137,0.7099637,0.7492816758023872,0.7144769288029316,0.7669267632873522,0.4326213840873233,0.5303775565618166,0.5022122796250135
2348,BTC-USD,2024-06-05,70757.1640625,0.3919701008906512,0.17931990555189153,0.45548167982329163,0.39924587206705725,0.7800227997106647,0.2992052430205301,0.3004483996930165,0.1181409430584845,0.2961596126742379,0.12691318074107616,0.6959415115609268,0.09233349559016454,0.19135830500761916,0.30260555167446934,0.042993349713239835,0.1597803072730599,0.671338835808675,0.02292899496188884,0.10655021392727106,0.20389607134377385,0.020221163365976052,0.02964290564510797,0.6150229822965206,0.007418466473446342,0.33,0.36,0.34,0.61,0.75,0.71,0.22,0.24,0.52,0.69,0.73,0.61,0.42,0.33,0.51,0.67,0.66,0.72,0.52,0.46,0.6,0.72,0.75,0.6,0.17763612,0.072575465,0.22057337,0.84026825,0.4836131,0.99593073,0.65560097,0.016744561,0.9051937,0.95666164,0.95654196,0.85215443,0.59321535,0.7893468,0.6122415,0.94469756,0.80451727,0.9964593,0.9636324,0.783343,0.88996035,0.9526673,0.58279014,0.8059042,0.7090602010692615,0.633179063525528,0.5911808002872727,0.3359909095229251,0.41967063811893524,0.4653429588882484
6333,SOL-USD,2024-06-06,162.50704956054688,0.578479864995069,0.5885916570581353,0.4490466231336934,0.5999521374926876,0.5668401503364292,0.7609516947465595,0.5586660038409023,0.7828705064075927,0.6424442557372723,0.5022893723329508,0.5767836008770624,0.48345990254257987,0.6205282501875182,0.5274552283805426,0.7741703778647205,0.6338315003882676,0.6544890740928674,0.4723221753972625,0.5638803216248758,0.6932572488664586,0.6689566570999294,0.4580741534272321,0.7598082837329271,0.37634945639012374,0.37,0.33,0.38,0.56,0.8,0.7,0.25,0.21,0.61,0.68,0.8,0.61,0.42,0.33,0.57,0.65,0.72,0.76,0.55,0.47,0.66,0.74,0.81,0.58,0.40530947,0.16333586,0.52011347,0.28088626,0.46807125,0.9936466,0.8695363,0.016939955,0.85823417,0.9176412,0.9128242,0.8892223,0.7749785,0.8115462,0.88220644,0.92108333,0.7703073,0.991869,0.9877314,0.9049307,0.97647846,0.8660008,0.7853033,0.6668402,0.7300936793000836,0.6606206186169123,0.7018355420775346,0.45816068310711955,0.5774329470970241,0.6612837554812359
4756,ETH-USD,2024-06-06,3678.629150390625,0.3544734345960146,0.5687269167295181,0.05919839109742095,0.4330956208843998,0.6525873462525466,0.6699684282028006,0.3717206787482898,0.6661560680214456,0.3000115121614481,0.573888714731869,0.7307931228735713,0.686187511877795,0.7297208708754117,0.6315548285419175,0.3529752843776663,0.6348226351277733,0.6286225414623586,0.4779868806043736,0.7141821129085947,0.5961453720755708,0.28653494726029577,0.8764295862605614,0.8719848191014293,0.6949468768143963,0.38,0.32,0.36,0.57,0.74,0.7,0.26,0.26,0.5,0.67,0.83,0.62,0.46,0.32,0.45,0.66,0.66,0.76,0.58,0.45,0.63,0.72,0.77,0.63,0.38316515,0.12120021,0.4177652,0.35611656,0.3575249,0.9896108,0.9386598,0.017052293,0.83759344,0.9473857,0.930523,0.876115,0.7058173,0.9146322,0.7752015,0.90944284,0.76640433,0.9887997,0.92909414,0.8745953,0.97663707,0.9312526,0.8433137,0.7099637,0.7330965294046823,0.6967964939234012,0.7401071484873889,0.45473143421678425,0.5698207197266405,0.5027973494041751
2349,BTC-USD,2024-06-06,69342.5859375,0.4737929732609699,0.2616975244817929,0.4309754253871356,0.328497548279316,0.723295583198836,0.23920691361138963,0.36636997583269154,0.15406665076242237,0.254617263601647,0.10738262687276158,0.6387904677588441,0.09951578465424106,0.2206054713788299,0.428275217883001,0.05972714692767778,0.15385562847076167,0.5708637339845685,0.014057275902430708,0.19342314397680654,0.19450123313135084,0.015012418239233794,0.04802362848452696,0.5516139693195217,0.005959408021956378,0.34,0.38,0.34,0.61,0.74,0.68,0.25,0.25,0.52,0.68,0.73,0.61,0.44,0.34,0.48,0.68,0.66,0.72,0.57,0.47,0.57,0.71,0.73,0.6,0.187775,0.072575465,0.23499908,0.8376247,0.46190506,0.99593073,0.68107253,0.019562857,0.9051937,0.95666164,0.95654196,0.81003386,0.56930184,0.8166569,0.72649676,0.95111567,0.84665143,0.99661887,0.96634454,0.8311066,0.88996035,0.954783,0.58279014,0.8059042,0.6916709239525115,0.6279688815985267,0.5803443759401192,0.3620384895117251,0.4484407880675001,0.4666720262464496
6334,SOL-USD,2024-06-07,157.96890258789062,0.6800048676359319,0.4658258439117974,0.5362850613127411,0.506291159419625,0.6323803826671264,0.7725063521436469,0.624734581618987,0.7343426656047467,0.7123820532651779,0.31727051309127496,0.5407441604469989,0.45576579758540087,0.6556682835311781,0.4796572070678157,0.7480696882669461,0.5250717210470416,0.599678813901808,0.42443035940817025,0.6568212336337206,0.7670242353439994,0.695888035446648,0.3806905885467658,0.560691192513114,0.26671424645756403,0.37,0.35,0.38,0.56,0.77,0.69,0.25,0.23,0.6,0.68,0.72,0.61,0.42,0.33,0.56,0.64,0.68,0.76,0.54,0.49,0.65,0.73,0.76,0.57,0.36134624,0.19659975,0.53919053,0.32178482,0.4277986,0.99565744,0.8295452,0.016939955,0.8606994,0.93607616,0.9211764,0.8809348,0.6210122,0.8115462,0.88220644,0.92108333,0.6319002,0.9916857,0.9877314,0.86635,0.97647846,0.9107808,0.5242931,0.6752976,0.656948358241978,0.6377847687710501,0.6876178035725595,0.4550953320850419,0.574321359186025,0.6735368438796242
4757,ETH-USD,2024-06-07,3680.949951171875,0.3885296263409511,0.5702498870285886,0.055688721438517455,0.43958771224808,0.6758906573139416,0.6754213795809859,0.41096239706594256,0.6780791981509823,0.31824340818513236,0.5789714536012308,0.7542269705818392,0.6827100884321117,0.7704786053396921,0.6698935218403217,0.38161391348217544,0.6325750193625197,0.6543285159656801,0.47596438238490607,0.7317506849764066,0.6259535796765197,0.29366758358255524,0.8766873566215,0.8798448126723827,0.6680206953786401,0.38,0.33,0.36,0.57,0.74,0.7,0.26,0.26,0.5,0.67,0.83,0.62,0.46,0.32,0.45,0.66,0.66,0.76,0.58,0.45,0.63,0.72,0.77,0.63,0.38316515,0.12120021,0.4177652,0.35611656,0.3575249,0.9896108,0.9386598,0.017052293,0.83759344,0.9473857,0.930523,0.876115,0.7058173,0.9146322,0.7752015,0.90944284,0.76640433,0.9887997,0.92909414,0.8745953,0.97663707,0.9312526,0.8433137,0.7099637,0.7378660263034609,0.6974002266339305,0.7381532344197947,0.46060461260295726,0.5787057177073518,0.5064239606592481
2350,BTC-USD,2024-06-07,69305.7734375,0.24871694644743467,0.31463215329566185,0.13773382949390556,0.34932464242496725,0.5119566730950388,0.26355918851395943,0.22806881550470648,0.26998953213685517,0.12424888117077174,0.2832589415782962,0.5821342479792425,0.18829616823742604,0.12019059704291742,0.47154391477010665,0.08329175421382087,0.32796125266603254,0.36777860955397584,0.036226270535987676,0.1235893256555583,0.18833220663048678,0.009029021699641164,0.1804350408359746,0.6453124672230467,0.03827402814095611,0.34,0.35,0.35,0.61,0.77,0.67,0.25,0.24,0.53,0.68,0.81,0.63,0.45,0.34,0.49,0.67,0.71,0.73,0.57,0.45,0.58,0.72,0.79,0.61,0.24697542,0.05876121,0.22151099,0.80940855,0.42706844,0.99522394,0.80529165,0.019562857,0.9034275,0.94380695,0.96102834,0.88833547,0.6871748,0.8166569,0.72649676,0.95111567,0.9151534,0.9967456,0.96634454,0.87843335,0.898802,0.9334908,0.8225664,0.79984033,0.7165693610834027,0.655707355783073,0.6009667639638983,0.3709747800343649,0.44147269757618735,0.43631854504304335
6335,SOL-USD,2024-06-08,162.08360290527344,0.6800048676359318,0.4658258439117974,0.5362850613127411,0.5062911594196251,0.6323803826671264,0.7725063521436469,0.624734581618987,0.7343426656047467,0.7123820532651779,0.317270513091275,0.540744160446999,0.45576579758540087,0.655668283531178,0.4796572070678157,0.7480696882669461,0.5250717210470417,0.5996788139018081,0.42443035940817025,0.6568212336337206,0.7670242353439993,0.695888035446648,0.3806905885467658,0.560691192513114,0.26671424645756403,0.37,0.35,0.38,0.56,0.77,0.69,0.25,0.23,0.6,0.68,0.72,0.61,0.42,0.33,0.56,0.64,0.68,0.76,0.54,0.49,0.65,0.73,0.76,0.57,0.36134624,0.19659975,0.53919053,0.32178482,0.4277986,0.99565744,0.8295452,0.016939955,0.8606994,0.93607616,0.9211764,0.8809348,0.6210122,0.8115462,0.88220644,0.92108333,0.6319002,0.9916857,0.9877314,0.86635,0.97647846,0.9107808,0.5242931,0.6752976,0.656948358241978,0.6377847687710502,0.6876178035725595,0.4550953320850419,0.574321359186025,0.6735368438796242
4758,ETH-USD,2024-06-08,3705.90380859375,0.43799419657559996,0.4952080448678534,0.06880836867312305,0.38444888973718516,0.7081561821207015,0.6857421246940318,0.43352555402481163,0.6397541140121311,0.3526077122316403,0.46657523112057275,0.731960226454289,0.6734257147579312,0.7711919767724005,0.6273289025212535,0.3467495574837242,0.5734742133339757,0.6150705510442098,0.452066710752733,0.7680585264336156,0.6655309992985354,0.30383532811573655,0.8581064079156852,0.8069822056007191,0.6103694685009312,0.36,0.34,0.36,0.58,0.73,0.7,0.26,0.28,0.5,0.68,0.8,0.63,0.46,0.32,0.44,0.66,0.65,0.73,0.62,0.45,0.63,0.72,0.77,0.61,0.4119968,0.12120021,0.4177652,0.28088626,0.3905557,0.99277675,0.87814265,0.017052293,0.7948573,0.9478984,0.93523884,0.7784426,0.78060097,0.8115462,0.76261604,0.90944284,0.793359,0.9886232,0.989287,0.889413,0.97440207,0.89546627,0.803673,0.7099637,0.7294974234397775,0.6732188916658507,0.720506822133308,0.4484591748301696,0.596712945047769,0.5026751263412442
2351,BTC-USD,2024-06-08,69647.9921875,0.19642440339829356,0.3235392996187135,0.10553846159415088,0.4035190927665276,0.5187515182534602,0.2803247464851174,0.19535115514735663,0.2712732445541457,0.10808997789248546,0.34980441622330194,0.6294147330669557,0.19993102538860938,0.110509078816823,0.46984939779582546,0.07897763327735192,0.3736079517789954,0.40749609539616893,0.038183188403166465,0.10641259603254258,0.16730743783153695,0.008466455722168167,0.20520977579332972,0.7287065163977992,0.04618369012464196,0.37,0.34,0.36,0.6,0.77,0.67,0.25,0.23,0.53,0.66,0.84,0.63,0.44,0.34,0.49,0.67,0.7,0.75,0.53,0.45,0.58,0.71,0.79,0.63,0.19800413,0.05876121,0.22151099,0.80940855,0.42706844,0.9925028,0.907117,0.019562857,0.92566115,0.95296794,0.9532999,0.88833547,0.6186331,0.91723245,0.74034524,0.95111567,0.91524726,0.9967456,0.8619227,0.8411274,0.898802,0.95297235,0.8462439,0.79984033,0.7303887801212541,0.6670131391263034,0.6070791079888869,0.3741946586077588,0.4217568642164868,0.43620124614934896
6336,SOL-USD,2024-06-09,158.9280242919922,0.6800048676359318,0.4658258439117974,0.5362850613127411,0.5062911594196251,0.6323803826671264,0.7725063521436469,0.624734581618987,0.7343426656047467,0.7123820532651779,0.317270513091275,0.540744160446999,0.45576579758540087,0.655668283531178,0.4796572070678157,0.7480696882669461,0.5250717210470417,0.5996788139018081,0.42443035940817025,0.6568212336337206,0.7670242353439993,0.695888035446648,0.3806905885467658,0.560691192513114,0.26671424645756403,0.37,0.35,0.38,0.56,0.77,0.69,0.25,0.23,0.6,0.68,0.72,0.61,0.42,0.33,0.56,0.64,0.68,0.76,0.54,0.49,0.65,0.73,0.76,0.57,0.36134624,0.19659975,0.53919053,0.32178482,0.4277986,0.99565744,0.8295452,0.016939955,0.8606994,0.93607616,0.9211764,0.8809348,0.6210122,0.8115462,0.88220644,0.92108333,0.6319002,0.9916857,0.9877314,0.86635,0.97647846,0.9107808,0.5242931,0.6752976,0.656948358241978,0.6377847687710502,0.6876178035725595,0.4550953320850419,0.574321359186025,0.6735368438796242
4759,ETH-USD,2024-06-09,3666.717529296875,0.5091674931740622,0.49004594642641136,0.10196724836485065,0.31995600053887113,0.6653023953123164,0.6577312956265764,0.4748886870864723,0.6429567815647005,0.4012802009424944,0.3672577456999592,0.651754441961747,0.636518108588793,0.7809939759701885,0.6169563098724926,0.37735087217157276,0.5061014634477699,0.5482010639653638,0.4220480921281662,0.8030760256408056,0.6959107726995635,0.33210280821907273,0.8135594896166108,0.7202028798240773,0.5752285120876606,0.36,0.35,0.36,0.58,0.71,0.69,0.26,0.29,0.5,0.68,0.75,0.63,0.46,0.32,0.44,0.67,0.61,0.73,0.62,0.45,0.62,0.72,0.74,0.61,0.44141448,0.14739475,0.44681653,0.28088626,0.3905557,0.99277675,0.8403052,0.017052293,0.79816556,0.9478984,0.93523884,0.7784426,0.62863815,0.8115462,0.76261604,0.90944284,0.69723856,0.9883675,0.989287,0.8800327,0.97440207,0.931182,0.55226254,0.7099637,0.6666834064213503,0.6593797037825028,0.7103223761182469,0.4531798062863007,0.5923265385061052,0.5154641609892077
2352,BTC-USD,2024-06-09,69512.28125,0.19766664530021316,0.34367024426207743,0.10081131345257309,0.3894506214603299,0.4899497845515425,0.2684439335380343,0.1972371950928835,0.2732256872715976,0.10480495736098436,0.3401689464639731,0.6090712654315512,0.20068077851787988,0.11182878006584471,0.475585954549965,0.07608988484387397,0.36090348741133754,0.38366429236965904,0.039063783292357955,0.11011012164233924,0.1738076033176774,0.008508901481806665,0.2063477489677641,0.7123535455695793,0.04564229137062493,0.37,0.34,0.36,0.6,0.77,0.67,0.25,0.23,0.53,0.66,0.84,0.63,0.44,0.34,0.49,0.67,0.7,0.75,0.53,0.45,0.58,0.71,0.79,0.63,0.19800413,0.05876121,0.22151099,0.80940855,0.42706844,0.9925028,0.907117,0.019562857,0.92566115,0.95296794,0.9532999,0.88833547,0.6186331,0.91723245,0.74034524,0.95111567,0.91524726,0.9967456,0.8619227,0.8411274,0.898802,0.95297235,0.8462439,0.79984033,0.7250985344796748,0.6647372620438109,0.6063270010280757,0.3763057394575171,0.42229505475397305,0.4353582057385835
6337,SOL-USD,2024-06-10,149.42898559570312,0.6776772754335125,0.4192663910422613,0.5658387132981554,0.5927165345657165,0.5796352724344283,0.6847345356921745,0.6200456637529046,0.7031472368771704,0.731219685077938,0.44159030634011925,0.5064400519725014,0.4232449565020385,0.7570600018618411,0.4986729510367622,0.7656449968295168,0.4689027609366138,0.6118545265242786,0.41628519294977956,0.7246618350620427,0.7139705781377843,0.671144514543349,0.30625989775720885,0.5561172545190457,0.3608743746338942,0.34,0.35,0.37,0.65,0.82,0.7,0.25,0.23,0.59,0.71,0.74,0.59,0.42,0.3,0.54,0.65,0.67,0.78,0.59,0.43,0.66,0.8,0.75,0.58,0.36134624,0.19659975,0.49325544,0.32178482,0.4277986,0.98645973,0.83787346,0.014590289,0.871887,0.9357165,0.9511186,0.7075228,0.6360298,0.80860394,0.83669525,0.92108333,0.6319002,0.9910573,0.9884015,0.84074193,0.97647846,0.9107808,0.5242931,0.6265323,0.6598737857329198,0.6613733743868284,0.6675457376370661,0.4369350307370758,0.5896893333118309,0.6671992388434209
4760,ETH-USD,2024-06-10,3498.33056640625,0.505776711365361,0.536229544869001,0.11096238934654616,0.20074280200406555,0.6708651962104614,0.7084944589763821,0.4670118273399662,0.6452452565331072,0.556990612636642,0.17838764539263488,0.6068810426782437,0.5836056534241026,0.7220340867132683,0.5938493885774033,0.3467878715097706,0.4195926200264293,0.5152715112374797,0.4371516680149404,0.7286034341764809,0.811017973550472,0.4902966424648461,0.8071350618183163,0.5327348063985425,0.39595717013282244,0.4,0.36,0.37,0.54,0.73,0.71,0.23,0.28,0.51,0.64,0.74,0.63,0.43,0.33,0.47,0.65,0.64,0.74,0.54,0.5,0.62,0.71,0.75,0.59,0.4892162,0.14739475,0.5129518,0.32178482,0.4114747,0.9953838,0.8295452,0.016939955,0.7821486,0.9465777,0.9159892,0.87898,0.6365271,0.8115462,0.7543533,0.92108333,0.6319002,0.9916857,0.9877314,0.86635,0.97440207,0.9280452,0.55226254,0.71778977,0.6504265257840318,0.6273063558211054,0.7091721191572612,0.46642433116444115,0.5770923794646408,0.5459732624238208
2353,BTC-USD,2024-06-10,67332.03125,0.16788895908141654,0.43090741957974915,0.0981418249093298,0.3133448114446532,0.48675773401696804,0.32627846363158464,0.17660826141054173,0.29173407499882476,0.15802261690160144,0.23070830689792193,0.5877428292221284,0.18325831881110888,0.06713481690095886,0.4425936960085809,0.06445411077981596,0.3403223089596438,0.37324275191139983,0.04924506923152134,0.0582361071244909,0.2393143095515417,0.014830904208796403,0.2399866823997398,0.5994761949240941,0.025917972725799935,0.4,0.34,0.37,0.55,0.78,0.7,0.22,0.22,0.55,0.62,0.83,0.65,0.42,0.34,0.53,0.66,0.73,0.75,0.46,0.47,0.57,0.7,0.81,0.62,0.27193385,0.05876121,0.27279288,0.80940855,0.4890598,0.9929911,0.9003247,0.019434309,0.91873163,0.9517693,0.93906885,0.94267815,0.6266085,0.91723245,0.6801265,0.94469756,0.8895007,0.9965919,0.8447743,0.8411274,0.898802,0.9507763,0.8462439,0.79984033,0.7234489067693213,0.642393248074045,0.6168760383079407,0.38575113162396,0.40928830597209953,0.44351175266429743
6338,SOL-USD,2024-06-11,155.1775665283203,0.7105077112775822,0.4312548395569667,0.5683838203641135,0.5355912348320454,0.6327022264216001,0.7134426613655779,0.6359279727925256,0.7111385240822647,0.6150733943827021,0.35280476315059994,0.5473812813733695,0.40372944473249445,0.6965052726036984,0.5155760875726964,0.736194523970902,0.5112887627095116,0.5979169097305285,0.3632598192964899,0.6745388569729801,0.7934392079431045,0.6495247893663362,0.2950924215155979,0.5773602709778456,0.22824643696804153,0.36,0.35,0.37,0.57,0.82,0.7,0.25,0.23,0.6,0.69,0.72,0.61,0.42,0.3,0.56,0.63,0.68,0.78,0.55,0.46,0.65,0.77,0.76,0.58,0.36134624,0.19659975,0.53919053,0.32178482,0.4277986,0.99565744,0.8295452,0.016939955,0.8606994,0.93607616,0.9211764,0.8809348,0.6210122,0.8115462,0.88220644,0.92108333,0.6319002,0.9916857,0.9877314,0.86635,0.97647846,0.9107808,0.5242931,0.6752976,0.663067739485286,0.6399173175127104,0.6763457163441888,0.44979647243082344,0.5811214956036987,0.6632118763914627
4761,ETH-USD,2024-06-11,3559.61767578125,0.5953424231753511,0.5774494860640333,0.16749472704013654,0.16361279161423847,0.6106200370011412,0.6658310355841615,0.5276659051164917,0.6779305667320854,0.6048846322822917,0.14609268189189484,0.5145059899985538,0.5461547338763514,0.7443397534699115,0.6183143731662317,0.41088131395424693,0.3748974186948209,0.4597939798718534,0.4227098335524697,0.757917377404769,0.8246973308825968,0.5186852559059473,0.7635801043074689,0.4572769403923969,0.371874935013268,0.4,0.36,0.37,0.54,0.73,0.71,0.23,0.28,0.51,0.64,0.74,0.63,0.43,0.34,0.47,0.65,0.64,0.74,0.54,0.5,0.62,0.71,0.74,0.59,0.4892162,0.14739475,0.5129518,0.32178482,0.4114747,0.9953838,0.8295452,0.016939955,0.7821486,0.9465777,0.9159892,0.87898,0.6365271,0.8115462,0.7543533,0.92108333,0.6319002,0.9916857,0.9877314,0.86635,0.97440207,0.9280452,0.55226254,0.71778977,0.6327206564563163,0.6169743106115861,0.7008256664352353,0.4740243271660881,0.5902770907335024,0.5606794524044418
2354,BTC-USD,2024-06-11,68241.1875,0.1968896898367521,0.41057004891250354,0.10065937765357277,0.4505115594653787,0.40615923908508905,0.3466272144021553,0.21462548300976833,0.27994361189696765,0.18074646051912246,0.3606826239350917,0.5618342121179819,0.2427421609459747,0.08008092537389119,0.3999356943350234,0.07564500544925483,0.39762564255364985,0.3532784137232874,0.0925600102751685,0.07895649745543258,0.20657886600633538,0.0163591943284007,0.24972235907263715,0.6251759849506833,0.06419494954902093,0.38,0.34,0.36,0.6,0.78,0.69,0.22,0.22,0.53,0.66,0.85,0.65,0.42,0.34,0.52,0.68,0.71,0.75,0.48,0.45,0.58,0.7,0.81,0.62,0.27193385,0.05876121,0.22876531,0.80940855,0.4890598,0.9925028,0.9055883,0.016744561,0.92566115,0.95296794,0.9532999,0.914918,0.6415322,0.91723245,0.6801265,0.94469756,0.8895007,0.9965919,0.85208344,0.8411274,0.898802,0.9507763,0.8462439,0.79984033,0.718712792990567,0.6744551030313886,0.6249723574490778,0.3770800876798194,0.4183875528417406,0.440255738429168
6339,SOL-USD,2024-06-12,147.31442260742188,0.6043484208102459,0.4560408943977291,0.516252564003601,0.5946389023024288,0.5814172713163877,0.7490943897416196,0.5572046165614893,0.7089209552343119,0.7628099716480409,0.4225621849440531,0.5114522726382634,0.5485476070251314,0.7008123833498118,0.470706046073428,0.7393853689110598,0.4849500520957365,0.606399258821865,0.4916779073406312,0.747142759704182,0.6935301746265692,0.6899078951742637,0.34439649984210635,0.5043900598742316,0.5092767270596964,0.32,0.34,0.37,0.65,0.81,0.7,0.23,0.24,0.59,0.7,0.74,0.6,0.42,0.29,0.54,0.65,0.68,0.78,0.6,0.42,0.71,0.8,0.74,0.58,0.36134624,0.19659975,0.49325544,0.32178482,0.4277986,0.98645973,0.83787346,0.014590289,0.871887,0.9357165,0.9511186,0.7075228,0.6360298,0.80860394,0.83669525,0.92108333,0.6319002,0.9910573,0.9884015,0.84074193,0.97647846,0.9107808,0.5242931,0.6265323,0.6560043682094565,0.6629231462595404,0.697804619576109,0.4346639172045747,0.5753812370334255,0.6695187473831963
4762,ETH-USD,2024-06-12,3469.28125,0.6618779374886957,0.5130054562582649,0.1979785418404533,0.17167501128408194,0.6595468811571996,0.5950426786259516,0.5817779871503876,0.6640974145910007,0.5552775337816341,0.17290718194054788,0.5477551513130902,0.43818708132442274,0.7862721898213745,0.6482086789052938,0.4187025581810159,0.3702158335487516,0.49678380886252893,0.36295995227455724,0.7186859560661727,0.8300041807520512,0.47701368857928356,0.7494374789864156,0.5019482805196328,0.246533590852216,0.4,0.35,0.39,0.54,0.74,0.7,0.24,0.28,0.51,0.65,0.74,0.63,0.43,0.34,0.45,0.65,0.62,0.74,0.54,0.5,0.59,0.69,0.73,0.59,0.4892162,0.11489124,0.6384072,0.32178482,0.38256046,0.99620926,0.8424187,0.016939955,0.7821486,0.96264327,0.9159892,0.8700381,0.7793554,0.8115462,0.7543533,0.92108333,0.60057473,0.99031746,0.9877314,0.8774151,0.97440207,0.9263998,0.6492223,0.71778977,0.6440323047943841,0.6183993495855238,0.6732822556028843,0.46833133727016374,0.6136645239080982,0.5659901466020343
2355,BTC-USD,2024-06-12,66756.3984375,0.2221771569189049,0.4289044470361975,0.12829685963707685,0.3873959502192623,0.4332297367698919,0.25818234531963447,0.24556280648085774,0.3070355348720638,0.14950082119254657,0.2961400318918789,0.55100937693167,0.10952054428382152,0.07333983498534345,0.47196402113467334,0.08298992144695976,0.32481325391520477,0.3589304683984775,0.04037920742650941,0.04712905519925303,0.2534176419777293,0.01493728668584901,0.18538295189973805,0.6036045321681321,0.012484179326195636,0.4,0.33,0.37,0.55,0.79,0.71,0.23,0.24,0.56,0.63,0.83,0.65,0.41,0.35,0.51,0.66,0.72,0.75,0.44,0.46,0.54,0.69,0.81,0.61,0.27193385,0.04477667,0.45307484,0.80940855,0.45894507,0.9929911,0.9084426,0.019434309,0.91873163,0.9663291,0.93906885,0.94267815,0.74291325,0.91723245,0.6801265,0.94469756,0.875788,0.9963973,0.8447743,0.8539286,0.898802,0.9496226,0.8919915,0.79984033,0.7176756200630057,0.6478275037679588,0.605456691537434,0.38991372864317697,0.4264590480950877,0.4598157122933907
6340,SOL-USD,2024-06-13,143.0944366455078,0.602686199619565,0.4431215560584123,0.5113242301352173,0.5583378508601076,0.5996192200170892,0.7425710807895127,0.5424138542638163,0.701581541512176,0.7552697420938843,0.397918005803998,0.520409823803018,0.5563073671219652,0.7180550097588903,0.4783981677248079,0.7284223320036765,0.478472591084438,0.6131929116021486,0.48209609699681244,0.7557365132177575,0.696354312052403,0.6813786461629626,0.3536935390100282,0.5108269061378831,0.5246852351757382,0.32,0.34,0.37,0.65,0.81,0.7,0.23,0.24,0.59,0.7,0.74,0.6,0.42,0.29,0.54,0.65,0.68,0.78,0.6,0.42,0.71,0.8,0.74,0.58,0.36134624,0.19659975,0.49325544,0.32178482,0.4277986,0.98645973,0.83787346,0.014590289,0.871887,0.9357165,0.9511186,0.7075228,0.6360298,0.80860394,0.83669525,0.92108333,0.6319002,0.9910573,0.9884015,0.84074193,0.97647846,0.9107808,0.5242931,0.6265323,0.6583996208424509,0.6592474136125884,0.6982909730972011,0.4341089100501843,0.5761176755734492,0.6671929928314893
4763,ETH-USD,2024-06-13,3480.27197265625,0.70209133270149,0.532238828073226,0.2033204649492986,0.16685594424057212,0.7067267182306655,0.5879494194489165,0.6089095383050208,0.6668377570646412,0.533334018639471,0.1929459843687056,0.5801795054543782,0.4841968392139408,0.7809455450829323,0.6592207693348312,0.38027400757402113,0.39271115437391896,0.5060114733938813,0.40964494293616976,0.6988109536473438,0.8241382476052733,0.439319349572934,0.8066175589763014,0.4953505579042354,0.22586736890296003,0.4,0.35,0.39,0.54,0.74,0.7,0.24,0.28,0.51,0.65,0.74,0.63,0.43,0.34,0.45,0.65,0.63,0.74,0.54,0.5,0.59,0.69,0.73,0.59,0.4886244,0.11489124,0.6384072,0.32178482,0.38256046,0.99620926,0.8424187,0.016939955,0.7821486,0.96264327,0.9159892,0.8700381,0.7793554,0.8115462,0.7543533,0.92108333,0.60057473,0.99031746,0.9877314,0.8774151,0.97440207,0.9263998,0.6720997,0.71778977,0.6520939019895001,0.6247687890087634,0.6778771269223388,0.46997251306595533,0.6162714446251809,0.5595063017756117
2356,BTC-USD,2024-06-13,66011.09375,0.2004735546816446,0.377535237163166,0.1248290250740403,0.43494676980998837,0.47407693650169513,0.29046825769333073,0.23330958339943417,0.29693995478972024,0.159522238337727,0.3130690413031002,0.5954511451411267,0.1037852217403883,0.07198440190486449,0.4562672345218464,0.09082047024124064,0.3441755735997335,0.40677344394814774,0.03664746136406117,0.04491896665243117,0.24282122932547556,0.015594664581063084,0.1704409305939794,0.6490518456704418,0.012958308445336736,0.4,0.33,0.37,0.55,0.79,0.71,0.23,0.24,0.56,0.63,0.83,0.65,0.41,0.35,0.51,0.66,0.72,0.75,0.44,0.46,0.54,0.69,0.81,0.61,0.27193385,0.04477667,0.45307484,0.80940855,0.45894507,0.9929911,0.9084426,0.019434309,0.91873163,0.9663291,0.93906885,0.94267815,0.74291325,0.91723245,0.6801265,0.94469756,0.875788,0.9963973,0.8447743,0.8539286,0.898802,0.9496226,0.8919915,0.79984033,0.7282215241492036,0.6521667524833961,0.6070766439409089,0.38456579017990505,0.42403982020335484,0.4609376464241856
6341,SOL-USD,2024-06-14,145.41221618652344,0.6000700387898293,0.4229859189831846,0.5035776423525057,0.500179707418321,0.6276509298432235,0.7321015245448512,0.5190355439842326,0.6898396278443079,0.7431005924372227,0.3602662628607709,0.534453650212166,0.568441412197555,0.743887554155769,0.49050195411410613,0.7106267874226374,0.46831180938675226,0.6237765918255074,0.4670721324044704,0.7688331570299581,0.7007612759416517,0.6677316045291133,0.36852322019213657,0.5209312511610559,0.5487865536051266,0.32,0.34,0.37,0.65,0.81,0.7,0.23,0.24,0.59,0.7,0.74,0.6,0.42,0.29,0.54,0.65,0.68,0.78,0.6,0.42,0.71,0.8,0.74,0.58,0.36134624,0.19659975,0.49325544,0.32178482,0.4277986,0.98645973,0.83787346,0.014590289,0.871887,0.9357165,0.9511186,0.7075228,0.6360298,0.80860394,0.83669525,0.92108333,0.6319002,0.9910573,0.9884015,0.84074193,0.97647846,0.9107808,0.5242931,0.6265323,0.6621214377924433,0.6534897343233084,0.699030218769352,0.43323505028804865,0.577146220072812,0.6634571509871275
4764,ETH-USD,2024-06-14,3565.549560546875,0.6234069001900473,0.4150251998497757,0.10346081139980658,0.22385118433804252,0.7855146412520432,0.6357740249435931,0.6121706887670263,0.5692946381732603,0.5252700271947133,0.203230248667103,0.744139522095575,0.4644050896804929,0.8242185149322879,0.7008626866043316,0.3876773434469898,0.3989390151488468,0.6267581489817049,0.3440788346878687,0.7043695240459477,0.8432960589849974,0.4597724244186018,0.7919311334446859,0.6184729347292853,0.19396898049945552,0.4,0.34,0.38,0.54,0.75,0.7,0.24,0.28,0.51,0.65,0.74,0.63,0.42,0.33,0.45,0.65,0.64,0.75,0.53,0.49,0.58,0.67,0.74,0.59,0.3785119,0.099068575,0.5141858,0.35285547,0.43698004,0.9953838,0.8424187,0.016939955,0.7821486,0.9666636,0.92729926,0.8700381,0.7793554,0.7658058,0.7543533,0.9397596,0.7015394,0.9944577,0.9877314,0.8774151,0.97440207,0.93236864,0.6720997,0.71778977,0.6994904206567021,0.631968914122943,0.6739674819005133,0.4525265589639706,0.6034028430008986,0.5394316558318145
2357,BTC-USD,2024-06-14,66191.0,0.23025726125326285,0.38785081623728895,0.15820284111551522,0.3975008561229536,0.383079003148232,0.2642093305936531,0.26807176064921917,0.3169307236633846,0.20126137282727707,0.245694921638258,0.5097643066962818,0.0772860322421725,0.09048458329472371,0.49073031445343834,0.1337785231556057,0.28578936141227124,0.369390893551057,0.02831841087828921,0.05820500831543856,0.2807861182774797,0.020265474030351522,0.10584503391248479,0.6054672326152446,0.012167915866376918,0.4,0.33,0.37,0.55,0.79,0.71,0.23,0.24,0.56,0.63,0.83,0.65,0.41,0.35,0.51,0.66,0.72,0.75,0.44,0.46,0.54,0.69,0.81,0.61,0.27193385,0.04477667,0.45307484,0.80940855,0.45894507,0.9929911,0.9084426,0.019434309,0.91873163,0.9663291,0.93906885,0.94267815,0.74291325,0.91723245,0.6801265,0.94469756,0.875788,0.9963973,0.8447743,0.8539286,0.898802,0.9496226,0.8919915,0.79984033,0.7129499911815924,0.6371677253352328,0.6027592790669892,0.39072670172649016,0.43044036880123715,0.4702732732660435
6342,SOL-USD,2024-06-15,151.12550354003906,0.6068788131671784,0.30412160962196044,0.6380733680038537,0.3500086021144513,0.7309543507793232,0.6522850831485975,0.5776109876697431,0.5462831131216062,0.6295159596053371,0.22410006625746315,0.6051962797343228,0.42062237527058094,0.6330199109046387,0.4657433519636994,0.6583865793464811,0.37631206449072435,0.585081465292841,0.23746628598887123,0.6756649865472018,0.6862881951691745,0.7823010719018234,0.27830602392126547,0.4920208782653683,0.34606647855475753,0.39,0.35,0.36,0.57,0.81,0.7,0.26,0.26,0.59,0.67,0.7,0.63,0.43,0.32,0.53,0.65,0.7,0.75,0.58,0.48,0.71,0.74,0.75,0.59,0.22216907,0.17170736,0.34746072,0.51556474,0.4836131,0.9965649,0.8295452,0.016939955,0.88381386,0.9555527,0.9432401,0.8846762,0.5776044,0.7658058,0.74486053,0.9397596,0.86527187,0.9952436,0.9887416,0.86635,0.97647846,0.93388987,0.5496665,0.67971295,0.6966427085223078,0.6302231671735877,0.6735284868044611,0.4234678588427823,0.5572530815616121,0.6470055061570494
4765,ETH-USD,2024-06-15,3620.5634765625,0.4839917030159614,0.2599785155689323,0.1106854617189352,0.3357179605978138,0.7986539846279515,0.6162133972136827,0.47253640258779145,0.3772420664570263,0.39522427358649737,0.2882390068106114,0.791783458855373,0.6312371255527264,0.682363929319848,0.6035003284709779,0.3631511474549623,0.5603040689777522,0.6803065880502851,0.40711306225099725,0.6785502206053209,0.6116019910563665,0.1922195834391059,0.8153015109016505,0.7262597800678763,0.42777373450414147,0.38,0.34,0.33,0.59,0.74,0.69,0.24,0.27,0.52,0.66,0.74,0.65,0.39,0.32,0.4,0.67,0.62,0.67,0.57,0.42,0.52,0.66,0.71,0.59,0.21333377,0.075624265,0.37192652,0.6653291,0.41568023,0.9946866,0.80313313,0.01571884,0.79816556,0.97456723,0.9441155,0.84579086,0.7225969,0.7105186,0.7874914,0.9306665,0.8286456,0.99470705,0.93337846,0.71302354,0.8184512,0.95072716,0.6720997,0.71778977,0.718295238536376,0.6934641676916335,0.6968986115327025,0.3810864007314324,0.54388127133757,0.47509217648519064
2358,BTC-USD,2024-06-15,66639.046875,0.4320985867078768,0.5253178866246274,0.18352458412315825,0.444210617263527,0.25156276839596015,0.21130938221391754,0.3178144849066564,0.510910504132328,0.1303380967206079,0.28556535635934205,0.3683837431247366,0.06735605168992062,0.2328097358121625,0.6734321636142928,0.19379649366435756,0.31267193600622434,0.3384842506972953,0.0332835674917072,0.1253263773002429,0.5560686645836618,0.008521556036174547,0.05010988179282554,0.6134191409756733,0.00917768617114345,0.37,0.31,0.36,0.57,0.82,0.72,0.22,0.22,0.6,0.68,0.83,0.64,0.34,0.25,0.52,0.63,0.67,0.78,0.45,0.39,0.52,0.75,0.81,0.62,0.24871267,0.039540336,0.5069428,0.8133894,0.40375158,0.99366236,0.90090555,0.01791799,0.9017921,0.9617723,0.90503603,0.96248245,0.77509815,0.9163503,0.84507173,0.92743397,0.68174356,0.993697,0.40963948,0.77882606,0.6030196,0.9506391,0.8547871,0.79658544,0.6630732785379728,0.6485602738699705,0.6034921136213354,0.41011272898538553,0.41304504153205834,0.46489003319570266
6343,SOL-USD,2024-06-16,143.3342742919922,0.5496726970821538,0.25754657861283375,0.647729367547338,0.3697440772024484,0.7101858834782123,0.5979504927632957,0.5381817538383138,0.4823020686207505,0.7263672027645125,0.26707031802067516,0.5883603116710007,0.44098535553258195,0.6887454246641215,0.44060505236027236,0.6759330358264953,0.33162270092837987,0.6111046317118309,0.2567256624233008,0.714009663851866,0.5591326422002358,0.7891630473035062,0.2860822133928564,0.48111625598383884,0.5161228544518349,0.37,0.35,0.35,0.65,0.81,0.71,0.24,0.26,0.58,0.68,0.73,0.6,0.43,0.33,0.51,0.67,0.69,0.75,0.6,0.44,0.72,0.77,0.74,0.59,0.22216907,0.17170736,0.2962921,0.5328711,0.4836131,0.98926884,0.8193562,0.014590289,0.893375,0.9552974,0.96511847,0.7149502,0.59321535,0.76235855,0.66635305,0.9397596,0.80451727,0.9948828,0.9893572,0.8003023,0.97647846,0.93388987,0.5496665,0.6524789,0.6925771429062019,0.6466024103275319,0.6655537061472142,0.3982441611832047,0.5562544977716581,0.6442179707594025
4766,ETH-USD,2024-06-16,3511.37890625,0.413841929036842,0.279912973160297,0.11866782093519666,0.27051605099801473,0.8156576110953568,0.6287461248405719,0.3753581298612108,0.3397087321650694,0.35896848091360145,0.20943293444507793,0.790701719401984,0.5872426004407294,0.5362782127089724,0.5356039846707668,0.2558372893217026,0.5599823092212208,0.669198318288207,0.4070726210740171,0.4971428444697084,0.6885287589267307,0.227183047945984,0.8185471204496964,0.6674973117241644,0.2958764043080967,0.4,0.33,0.33,0.54,0.75,0.7,0.21,0.27,0.52,0.63,0.73,0.63,0.36,0.31,0.43,0.64,0.63,0.7,0.51,0.44,0.52,0.66,0.75,0.59,0.21333377,0.075624265,0.40825212,0.6653291,0.43698004,0.9950334,0.79049283,0.015615149,0.7821486,0.97390395,0.92729926,0.9064241,0.7293494,0.7105186,0.7798446,0.9397596,0.7828331,0.9944577,0.9243254,0.71302354,0.8184512,0.9484319,0.6720997,0.71778977,0.7161473646463552,0.6745640298152091,0.6923299443547634,0.3810131033667722,0.4999739596037308,0.4716735127829571
2359,BTC-USD,2024-06-16,66490.296875,0.29678714338175277,0.31267933779099055,0.13432331951713603,0.6271154258847811,0.6310187607774991,0.36405913452525984,0.20588602547348034,0.42635891975559864,0.09711411087574982,0.4977970880944473,0.707251000891164,0.11373737115806819,0.1529034232311585,0.5668982845886658,0.11722370433422388,0.532433833963625,0.6120544233984049,0.041993580660866336,0.062234321882882054,0.38524945877656486,0.00499208064302259,0.12239460554073082,0.8236498211922813,0.012368084527969404,0.37,0.31,0.36,0.57,0.82,0.72,0.22,0.22,0.6,0.68,0.83,0.64,0.34,0.25,0.52,0.63,0.67,0.78,0.45,0.39,0.52,0.75,0.81,0.62,0.24871267,0.039540336,0.5069428,0.8133894,0.40375158,0.99366236,0.90090555,0.01791799,0.9017921,0.9617723,0.90503603,0.96248245,0.77509815,0.9163503,0.84507173,0.92743397,0.68174356,0.993697,0.40963948,0.77882606,0.6030196,0.9506391,0.8547871,0.79658544,0.7342912216925577,0.6933928425695335,0.618199872996323,0.37524765059964144,0.38715721295053773,0.4528140563886567
6344,SOL-USD,2024-06-17,137.50399780273438,0.45452537089493783,0.2526936885052535,0.5428737296490427,0.31282012373218226,0.7748303864291969,0.6632059608335458,0.4612732459379901,0.4795710027656969,0.7869148084978744,0.23869624059922714,0.6795509037415357,0.5380683093776457,0.6256794744050351,0.4949897853513151,0.6377954496132745,0.4205085847712431,0.6655983794627509,0.415437575776358,0.6647683780408099,0.6269719231436014,0.817496342129448,0.411370706141542,0.5250500809356449,0.5458245943144372,0.4,0.35,0.37,0.64,0.76,0.7,0.27,0.27,0.53,0.68,0.74,0.6,0.45,0.34,0.52,0.68,0.68,0.74,0.6,0.5,0.74,0.72,0.75,0.57,0.22216907,0.17170736,0.27032614,0.5328711,0.4836131,0.98926884,0.8193562,0.014590289,0.893375,0.9552974,0.96511847,0.7149502,0.59321535,0.76235855,0.66635305,0.9397596,0.80451727,0.9948828,0.9893572,0.8003023,0.97647846,0.93388987,0.5496665,0.6524789,0.7037499424598213,0.6509401047324044,0.6869086012228118,0.41294816267641254,0.5448099667887155,0.6376285798071066
2360,BTC-USD,2024-06-17,65140.74609375,0.5037478145260089,0.7216468706086023,0.23122959544914914,0.34417710796544415,0.10330564880265206,0.1506459849945465,0.3891328695524281,0.5809967276720774,0.2530798395194115,0.2676728280680964,0.15240037552026808,0.08620919068003159,0.28712789491773744,0.6018591295959986,0.21303064190704452,0.1704530217092233,0.18990899007849055,0.043030514721577415,0.18578059697865731,0.3465236810833996,0.010358096494598517,0.07963520917922927,0.34640283972056113,0.02160244474213002,0.34,0.28,0.36,0.62,0.81,0.73,0.2,0.21,0.6,0.71,0.85,0.58,0.31,0.26,0.5,0.65,0.66,0.76,0.45,0.3,0.49,0.75,0.81,0.61,0.24646756,0.039540336,0.57080466,0.8507548,0.40375158,0.9850736,0.88405746,0.013148504,0.9456753,0.94900066,0.9407147,0.83530366,0.776238,0.52135897,0.7886502,0.92743397,0.7707387,0.99187297,0.3827055,0.5845583,0.6030196,0.9529295,0.89557403,0.79088044,0.6328145318729541,0.6456255492383058,0.5825871367507014,0.34208661721368233,0.4186689859923184,0.48120560551713587
4767,ETH-USD,2024-06-17,3483.681396484375,0.4654409210606882,0.24525354755149406,0.17672109364473915,0.2788723470511629,0.790350907802693,0.5458511260771423,0.38863092185264947,0.2973967677356192,0.2539139973761579,0.2115810942443605,0.7378657299559487,0.5118475670020095,0.5787728270141634,0.4526264103406234,0.2471576314719257,0.4710229805237042,0.6283213975776288,0.2357550908353956,0.5327606758235475,0.584427163574143,0.1774920851238678,0.7414880664990084,0.6442588854649505,0.3114418747402989,0.37,0.29,0.33,0.52,0.76,0.7,0.18,0.26,0.54,0.65,0.73,0.6,0.31,0.28,0.42,0.63,0.62,0.72,0.48,0.37,0.49,0.69,0.78,0.6,0.15046225,0.041884527,0.43622115,0.72221625,0.43698004,0.9950334,0.7352649,0.01526958,0.8607126,0.9652398,0.92729926,0.9324281,0.70702785,0.2554765,0.7798446,0.9397596,0.84978855,0.992818,0.91158557,0.5493625,0.8184512,0.95081943,0.74913985,0.7527907,0.7243100123858048,0.6704967348918749,0.6749613267531653,0.2900026825521025,0.48267243284907185,0.47190312257608497
6345,SOL-USD,2024-06-18,135.60960388183594,0.4495849518828216,0.22617712947592558,0.5294803643956552,0.23174773684217534,0.8091497780759935,0.6414825858504516,0.42046637034779455,0.454809707336121,0.7670855724054202,0.19122572574097554,0.700884690667436,0.559492873424505,0.6778212127414199,0.5161581666822807,0.6011527456343219,0.4031254228931064,0.6829890377860507,0.38973076294989856,0.6922960828416921,0.6352560648556037,0.800566590145569,0.43889298674227667,0.5428196838281216,0.5876971549198043,0.4,0.35,0.37,0.64,0.76,0.7,0.27,0.27,0.53,0.68,0.74,0.6,0.45,0.34,0.52,0.68,0.68,0.74,0.6,0.5,0.74,0.72,0.75,0.57,0.22216907,0.17170736,0.27032614,0.5328711,0.4836131,0.98926884,0.8193562,0.014590289,0.893375,0.9552974,0.96511847,0.7149502,0.59321535,0.76235855,0.66635305,0.9397596,0.80451727,0.9948828,0.9893572,0.8003023,0.97647846,0.93388987,0.5496665,0.6524789,0.7091271717886882,0.6434909410415112,0.6879989047543957,0.4117731478052372,0.5474020207592596,0.6313213624567164
2361,BTC-USD,2024-06-18,64960.296875,0.6033152333406222,0.7416727470121898,0.3453217444995196,0.2953774685236385,0.08547261743301286,0.12926787625772118,0.4589495576768622,0.6191492106368979,0.30942416274430357,0.22229658916485973,0.11415825216664917,0.07078855305341128,0.32512257416908535,0.635897695278378,0.2896086870406379,0.14660206647603005,0.17002746342798394,0.03797876911269272,0.21276561943336147,0.3674146960127426,0.012065849501288197,0.057224602959540904,0.29707897102945796,0.019397544378572502,0.34,0.28,0.36,0.62,0.81,0.73,0.2,0.21,0.6,0.71,0.85,0.58,0.31,0.26,0.5,0.65,0.66,0.76,0.45,0.3,0.49,0.75,0.81,0.61,0.24646756,0.039540336,0.57080466,0.8507548,0.40375158,0.9850736,0.88405746,0.013148504,0.9456753,0.94900066,0.9407147,0.83530366,0.776238,0.52135897,0.7886502,0.92743397,0.7707387,0.99187297,0.3827055,0.5845583,0.6030196,0.9529295,0.89557403,0.79088044,0.62545340271121,0.6365194260512002,0.5795079941398749,0.34872477577906713,0.4340999239919753,0.5002917321880846
4768,ETH-USD,2024-06-18,3559.347412109375,0.501948359062157,0.23676100068139289,0.17932974513645636,0.2754163945665504,0.7880610300602625,0.5080271756555791,0.4471402475663733,0.27248360263748883,0.27134530931564316,0.1950490692630422,0.758382623783237,0.47412945242246685,0.6273357526725001,0.5157274258722659,0.2998932490325121,0.4435305980752863,0.6486243742063167,0.2067388797974964,0.5466573419924576,0.6036651194874499,0.19304765199081358,0.6996376293333583,0.6605354192683875,0.2711060234875702,0.36,0.29,0.33,0.54,0.76,0.71,0.18,0.26,0.53,0.65,0.73,0.6,0.31,0.27,0.42,0.64,0.62,0.72,0.45,0.36,0.46,0.69,0.78,0.6,0.15046225,0.041884527,0.31415373,0.81387025,0.43698004,0.9950334,0.7352649,0.01526958,0.8607126,0.9676806,0.92729926,0.9324281,0.70702785,0.2554765,0.7798446,0.9397596,0.84978855,0.992818,0.86190593,0.5493625,0.6483458,0.95081943,0.79093146,0.7527907,0.7315263293501544,0.6759420300355871,0.6656162872067044,0.2912471272031415,0.4851898998799972,0.4495867331096662
6346,SOL-USD,2024-06-19,133.47296142578125,0.3165219980714846,0.1499183066081584,0.5233255706811903,0.23995869088215846,0.8183912634824034,0.5800027674410346,0.33921138395213324,0.27773949843733237,0.704651822271759,0.19109713704638218,0.712097491607851,0.48329622784714216,0.4272756303060627,0.41499707037808675,0.468968083757207,0.41678001217018834,0.6524503987430738,0.29465118179163263,0.5708722462097747,0.46273694654623704,0.7203458959074361,0.5536910032076474,0.5564627449486943,0.6702483384498996,0.4,0.34,0.35,0.62,0.7,0.73,0.26,0.31,0.47,0.64,0.73,0.59,0.44,0.33,0.48,0.66,0.62,0.72,0.56,0.53,0.69,0.71,0.74,0.58,0.22515507,0.072575465,0.14212132,0.79937726,0.46689716,0.9881274,0.8193562,0.016744561,0.79816556,0.9552974,0.95502913,0.69020057,0.58005047,0.81377614,0.5753857,0.9381621,0.80451727,0.9961903,0.9636324,0.8003023,0.8811763,0.9526673,0.6098795,0.6923278,0.6990387954469115,0.669921368564895,0.6796218955189749,0.3809765344229883,0.49857857653279447,0.5605227987996496
2362,BTC-USD,2024-06-19,64828.65625,0.4972627143965478,0.8476279051832789,0.1287585972813861,0.3239763799842732,0.10036025633604866,0.37233630938181983,0.3548263239712534,0.7945936633367064,0.4409198280267403,0.22067567011604,0.11834732910514366,0.22011592350827697,0.3690428738663265,0.595671380151941,0.19526682056863084,0.17444437277965918,0.16412439171656407,0.10111363870694338,0.40201432786207647,0.5218959199454932,0.014870701361439014,0.12365368865436116,0.21231449443500466,0.05785846510453438,0.35,0.28,0.35,0.6,0.81,0.69,0.2,0.2,0.61,0.69,0.85,0.58,0.33,0.27,0.5,0.65,0.71,0.77,0.5,0.32,0.64,0.76,0.81,0.58,0.26915467,0.12682378,0.5221329,0.5576297,0.433144,0.98301446,0.92658836,0.011451488,0.9385607,0.92750996,0.9407147,0.8167694,0.6788911,0.52449,0.8461457,0.92108333,0.7933116,0.98885334,0.5867084,0.5603055,0.787877,0.9325729,0.8635136,0.6590537,0.6280188612952922,0.610599206863994,0.5955550409929626,0.38008919115447193,0.45870254164904845,0.5150068248330235
4769,ETH-USD,2024-06-19,3511.0869140625,0.3835935578531694,0.19266354840846805,0.22135188406601136,0.37081014583887295,0.7760236723490135,0.46829810986694903,0.3873776096478422,0.17653589208379167,0.22305209610706234,0.24762908572314407,0.7850242707108208,0.45387442656642263,0.40054707648970267,0.42038608649839526,0.28740279539463964,0.49932897557297234,0.6581024348652112,0.1901409245911892,0.3721600935228854,0.42712637610614534,0.1821622975192454,0.6741513842020687,0.7044748840279764,0.28757386541736857,0.35,0.29,0.33,0.54,0.76,0.71,0.18,0.26,0.52,0.65,0.73,0.62,0.31,0.27,0.42,0.63,0.62,0.71,0.44,0.37,0.46,0.69,0.78,0.59,0.15046225,0.041884527,0.37148008,0.921613,0.43698004,0.99548423,0.66883373,0.01526958,0.8607126,0.9676806,0.92729926,0.9401208,0.70702785,0.25309667,0.6645217,0.94469756,0.84978855,0.9951473,0.7461185,0.5493625,0.6483458,0.9666637,0.7736337,0.8325267,0.7338328686734872,0.6980580744556657,0.6689868468252053,0.2673219604910266,0.42752867761075725,0.4419768864510891
6347,SOL-USD,2024-06-20,134.5883026123047,0.289070307639017,0.13537096112121944,0.5394676442164344,0.24595178480473037,0.8226846693879358,0.5581506421185345,0.3213322011881052,0.23852153829117143,0.6850153681985252,0.19323238320426178,0.7297031933528654,0.4774148285482365,0.38151017385835817,0.40095113270509647,0.46476585464466413,0.42584592206765337,0.6631420701347785,0.2784750235246198,0.5278300787663247,0.4150245983256215,0.7136126518258539,0.5450229937933324,0.5794756590786718,0.6792015778556554,0.4,0.34,0.35,0.62,0.7,0.72,0.26,0.31,0.46,0.64,0.73,0.59,0.44,0.33,0.48,0.66,0.62,0.72,0.56,0.53,0.69,0.71,0.74,0.58,0.22515507,0.072575465,0.14212132,0.79937726,0.46689716,0.9881274,0.76734966,0.016744561,0.79816556,0.9552974,0.95502913,0.69020057,0.58005047,0.81377614,0.5753857,0.94469756,0.80451727,0.9961903,0.9636324,0.8003023,0.8811763,0.9526673,0.6098795,0.7860224,0.7023027506041009,0.6710435157960515,0.6840590839373147,0.37414981500508804,0.48476510392044647,0.5585526337155817
2363,BTC-USD,2024-06-20,64096.19921875,0.442607006417448,0.7826753558898452,0.12626887653689364,0.3775581942937367,0.12997959445349908,0.43422436070406323,0.32448952282053534,0.7780556452356352,0.4834973622511343,0.2225870209655026,0.15367373186018063,0.19447329299024557,0.38592787581999766,0.5786412065930461,0.23439667368920303,0.18809063802755235,0.22197502205122385,0.07889313274553737,0.40020736260423057,0.5073179288804296,0.016536293722752844,0.09684603266323635,0.276827849229949,0.06379904833940589,0.35,0.28,0.35,0.6,0.81,0.69,0.2,0.2,0.61,0.69,0.85,0.58,0.33,0.27,0.5,0.65,0.71,0.77,0.5,0.32,0.64,0.76,0.81,0.58,0.26915467,0.12682378,0.5221329,0.5576297,0.433144,0.98301446,0.92658836,0.011451488,0.9385607,0.92750996,0.9407147,0.8167694,0.6788911,0.52449,0.8461457,0.92108333,0.7933116,0.98885334,0.5867084,0.5603055,0.787877,0.9325729,0.8635136,0.6590537,0.6390411747037867,0.6131382814433439,0.5969128369991858,0.3732223957963355,0.4543848758277476,0.5210743593932741
4770,ETH-USD,2024-06-20,3516.07568359375,0.40909979412317415,0.2135769068399867,0.2721328476934462,0.4168488209304567,0.7724094284718662,0.4649110396250466,0.40989128168864825,0.1897237507737249,0.22752949345242696,0.27381940553650724,0.8184729543978484,0.5056114789007409,0.4682423052309446,0.4577614980371,0.3987133054418146,0.5244942101345286,0.7157226990508163,0.22118569925900491,0.34248660530150393,0.42839201397831556,0.24054663847641886,0.5302556778183056,0.7510490885953984,0.23865485075939508,0.34,0.31,0.36,0.56,0.79,0.72,0.2,0.24,0.59,0.68,0.74,0.61,0.31,0.28,0.45,0.64,0.66,0.71,0.43,0.37,0.46,0.71,0.79,0.59,0.12350606,0.041884527,0.4262941,0.921613,0.45353612,0.99548423,0.66883373,0.01526958,0.93718374,0.9676806,0.9432401,0.94550943,0.7181463,0.25309667,0.6645217,0.94469756,0.84978855,0.9951473,0.7461185,0.5493625,0.6678542,0.9666637,0.753316,0.8325267,0.7515072839011148,0.7021558504104954,0.6715237418304884,0.272609447757993,0.4323381357114754,0.4831015898554488
6348,SOL-USD,2024-06-21,133.6702423095703,0.28300503714791087,0.13222162388287692,0.5431423119072909,0.2473339804950435,0.8236535596710298,0.5531271685164604,0.3173206983959334,0.2301217510402833,0.680434847000442,0.19372236740032717,0.7336259669672538,0.476073002417127,0.37132049805117456,0.3977664352074298,0.46380722121173534,0.42792278830463804,0.665560079052191,0.27485960260790376,0.5179221328414808,0.40431988411701425,0.7120620039805842,0.5430401786063829,0.5846848211718555,0.681227427791936,0.4,0.34,0.35,0.62,0.7,0.72,0.25,0.31,0.46,0.64,0.73,0.59,0.44,0.33,0.48,0.66,0.62,0.72,0.56,0.53,0.69,0.71,0.74,0.58,0.22515507,0.072575465,0.18373968,0.8376247,0.46689716,0.9881274,0.76734966,0.016744561,0.79816556,0.9552974,0.95502913,0.69020057,0.58005047,0.81377614,0.5753857,0.94469756,0.80451727,0.9961903,0.9636324,0.8003023,0.8811763,0.9526673,0.6098795,0.7860224,0.7030375488936822,0.6746406855120742,0.6834973124032577,0.37264453834882516,0.4817928268039444,0.5621441597230001
2364,BTC-USD,2024-06-21,64252.578125,0.4500225450866215,0.7707205464144101,0.13517680528682072,0.388054288671117,0.15580582810606378,0.44795578958747156,0.32110944157679044,0.7767953548559557,0.4777833418052392,0.24251113388957593,0.17232223173287647,0.20813469785831223,0.3699480502036695,0.5691995088462849,0.22533092722257242,0.20651082359478903,0.24299822614456984,0.08356197806465586,0.37523798792072843,0.481978873984441,0.01521465713874475,0.11053079025408284,0.2949852323233766,0.06449134584131168,0.35,0.28,0.35,0.6,0.81,0.69,0.2,0.2,0.61,0.69,0.85,0.58,0.33,0.27,0.5,0.65,0.71,0.77,0.5,0.32,0.64,0.76,0.81,0.58,0.26915467,0.12682378,0.5221329,0.5576297,0.433144,0.98301446,0.92658836,0.011451488,0.9385607,0.92750996,0.9407147,0.8167694,0.6788911,0.52449,0.8461457,0.92108333,0.7933116,0.98885334,0.5867084,0.5603055,0.787877,0.9325729,0.8635136,0.6590537,0.6439892443807637,0.6172514745289688,0.5992003065008206,0.3702550648733918,0.4518429423313538,0.5206198540530256
4771,ETH-USD,2024-06-21,3494.8134765625,0.4613165649674718,0.24566518855487662,0.2717618864490279,0.49975608476526534,0.7352511235939131,0.47814778096051463,0.5020924969861699,0.21570454471788725,0.2714736116577859,0.3108292161713291,0.8097200592104454,0.46499514229290184,0.4925202329829398,0.49653518833921506,0.4836736720226711,0.516366432490056,0.7109756653232566,0.22713968458942074,0.3560152438386408,0.4705438864423945,0.2778416864872267,0.4769754340991427,0.740503362904084,0.1868293559443262,0.34,0.31,0.36,0.56,0.79,0.72,0.2,0.24,0.59,0.68,0.74,0.61,0.31,0.28,0.45,0.64,0.66,0.71,0.43,0.37,0.46,0.71,0.79,0.59,0.12350606,0.041884527,0.4262941,0.921613,0.45353612,0.99548423,0.66883373,0.01526958,0.93718374,0.9676806,0.9432401,0.94550943,0.7181463,0.25309667,0.6645217,0.94469756,0.84978855,0.9951473,0.7461185,0.5493625,0.6678542,0.9666637,0.753316,0.8325267,0.7478773675488397,0.7055940949262087,0.6663542360302185,0.2809678275518003,0.4444099211754288,0.4949020694151015
6349,SOL-USD,2024-06-22,128.59042358398438,0.363792139101751,0.13150901792591588,0.6649943836857651,0.2836695068749918,0.8429426277499822,0.5716348420774074,0.4874398816213071,0.2353051015280462,0.6976023556328721,0.2090249084187407,0.758618707987078,0.49049328601432945,0.4669934542580049,0.3986291540083607,0.6009763191235018,0.47795619663947114,0.7277340636335686,0.3036951797390497,0.6029539533356308,0.30585633099754295,0.7190039701225424,0.647564021478053,0.6835739226627553,0.7279285305736003,0.41,0.33,0.35,0.62,0.7,0.73,0.25,0.3,0.47,0.64,0.72,0.59,0.47,0.34,0.48,0.66,0.61,0.73,0.61,0.53,0.71,0.69,0.74,0.58,0.22515507,0.072575465,0.18373968,0.8376247,0.46689716,0.9881274,0.76734966,0.016744561,0.79816556,0.9552974,0.95502913,0.69020057,0.58005047,0.81377614,0.5753857,0.94469756,0.80451727,0.9961903,0.9636324,0.8003023,0.8811763,0.9526673,0.6098795,0.7860224,0.7131477758829268,0.6864118396883594,0.6931344427776298,0.36578760312748426,0.5190179679463784,0.5855903659929589
2365,BTC-USD,2024-06-22,63180.796875,0.3899880918571648,0.8146860488002263,0.09294065675487241,0.3038139878311216,0.09893556643007324,0.3604092085261011,0.2073560198431943,0.7833442977114324,0.4560999987905718,0.2037550082220656,0.11474012643178794,0.18654138212485077,0.29397759151328823,0.6073929569284858,0.14561474710517724,0.14333932768587412,0.15086414369832535,0.0752437117849819,0.3221849247968987,0.6182555207262419,0.015590564605564003,0.0647573674552112,0.15684093358868065,0.0494706023703568,0.34,0.26,0.35,0.6,0.81,0.7,0.22,0.2,0.62,0.69,0.86,0.57,0.31,0.29,0.46,0.66,0.7,0.76,0.46,0.33,0.63,0.77,0.82,0.58,0.11486496,0.13855591,0.48355964,0.5457714,0.433144,0.986038,0.73434114,0.004422489,0.9523747,0.92750996,0.9407147,0.8167694,0.35794106,0.52449,0.4575551,0.92108333,0.7933116,0.9839925,0.33456507,0.5603055,0.787877,0.9325729,0.8635136,0.7737571,0.6247046296693248,0.6029805993812223,0.5984198802050179,0.3855693443598006,0.3438631203648834,0.47143289076321404
4772,ETH-USD,2024-06-22,3418.61181640625,0.40348685963148406,0.2725019081584981,0.19176932170620137,0.5083693206095691,0.6714387492179137,0.44348413814673693,0.38847099401946594,0.22933654018085944,0.285485631031507,0.3235283688017242,0.7754216798718048,0.4180784502446628,0.40577525764268124,0.5386386442267231,0.40331050732308316,0.44641104760246525,0.6401506101870935,0.2078804321867003,0.2843728324799105,0.6014479321416956,0.2967874078874998,0.32567296124591505,0.6146819515419492,0.13182972355470302,0.34,0.29,0.36,0.56,0.79,0.72,0.23,0.24,0.6,0.68,0.76,0.6,0.3,0.3,0.41,0.65,0.67,0.7,0.4,0.38,0.44,0.72,0.8,0.59,0.047303718,0.04617466,0.26616642,0.9180783,0.45353612,0.99629647,0.34128824,0.005911021,0.9390156,0.9676806,0.9432401,0.94550943,0.40186328,0.25309667,0.22721724,0.94469756,0.84978855,0.9951473,0.5100069,0.5493625,0.6678542,0.9666637,0.7423225,0.92069465,0.7333607846176711,0.6936676541230673,0.6609349854822264,0.29455280876177836,0.3347678205536749,0.4295444083235388
6350,SOL-USD,2024-06-23,132.24139404296875,0.5057245136856644,0.2990827988477031,0.6963600819392312,0.183080144416428,0.7462098486837451,0.41745615920275686,0.5716623056020079,0.2804954581196804,0.6000351229027114,0.21405796053032308,0.6146300788347471,0.5964680308844063,0.4118597479928537,0.43629981942390494,0.45557890994246203,0.4376309420952686,0.5309684867778502,0.46894437371956804,0.5909290768948144,0.32155652134483126,0.6511173611680147,0.7961354555394052,0.4867404502176979,0.674498260793807,0.41,0.33,0.35,0.62,0.7,0.73,0.25,0.3,0.47,0.64,0.72,0.59,0.47,0.34,0.48,0.66,0.61,0.73,0.61,0.53,0.71,0.69,0.74,0.58,0.22515507,0.072575465,0.18373968,0.8376247,0.46689716,0.9881274,0.76734966,0.016744561,0.79816556,0.9552974,0.95502913,0.69020057,0.58005047,0.81377614,0.5753857,0.94469756,0.80451727,0.9961903,0.9636324,0.8003023,0.8811763,0.9526673,0.6098795,0.7860224,0.6757748461638924,0.6878311390668153,0.6979213121246302,0.3818885759457985,0.528686060781582,0.5657361972778139
2366,BTC-USD,2024-06-23,60277.4140625,0.3584907131336892,0.56737273646041,0.1689423804499525,0.506912485721621,0.3014711375888274,0.601004926465953,0.24619417246552472,0.7229370036859826,0.5281822399503817,0.36551748668734074,0.2667178685424716,0.24110818853158444,0.410544331747997,0.48209738376828865,0.23887882110018538,0.2411610549405054,0.233536110710303,0.06789437670171258,0.43234247848805746,0.5032629541773979,0.09481169758933239,0.11633399435805432,0.3144342686606991,0.20887150349954367,0.35,0.27,0.41,0.58,0.81,0.69,0.25,0.22,0.62,0.7,0.84,0.63,0.38,0.34,0.53,0.68,0.69,0.79,0.53,0.43,0.7,0.76,0.82,0.58,0.20957868,0.2137073,0.5582882,0.45847622,0.433144,0.99280375,0.66319484,0.0048023313,0.9523747,0.9112622,0.9344225,0.9376957,0.4281765,0.58711964,0.55217475,0.92159396,0.777222,0.9851099,0.7833144,0.77385277,0.97853607,0.9022271,0.8635136,0.7944806,0.6548557162010876,0.6240264610166848,0.6500365267119224,0.40209179032582715,0.4253825773365513,0.5429671482395058
4773,ETH-USD,2024-06-23,3350.25634765625,0.2803719551610235,0.25904116085491036,0.21244804862770822,0.640960134047478,0.597971730345727,0.4420532373873764,0.28920963667360017,0.20804670588680346,0.355319098777176,0.4887726151371187,0.7196927434331633,0.4702108990186292,0.29871374322646993,0.38799385794948527,0.3580850553479506,0.4652972816203463,0.6181360432359188,0.28540527444915326,0.24596882301984072,0.3862097384024719,0.28764636171207497,0.3771093965235502,0.577130023268285,0.2675198531914581,0.32,0.29,0.33,0.63,0.79,0.73,0.22,0.24,0.59,0.71,0.77,0.56,0.3,0.31,0.42,0.67,0.66,0.7,0.43,0.36,0.46,0.74,0.78,0.59,0.047303718,0.04617466,0.22288053,0.9180783,0.45353612,0.99024993,0.35492143,0.005083219,0.9443203,0.9674925,0.96511847,0.85014874,0.41741818,0.2494987,0.16745931,0.94469756,0.84978855,0.99517053,0.5242011,0.49819747,0.6678542,0.9666637,0.7423225,0.9112766,0.7223116013376197,0.7307053235301593,0.6677303891676639,0.2639783785371016,0.31395523371146433,0.4235879790024271
2367,BTC-USD,2024-06-24,61804.640625,0.6033735776765977,0.6647223763479374,0.275217764320945,0.2449773769982429,0.16717717152374353,0.28969428757494564,0.4365500718198364,0.8256648701313711,0.6598286244978191,0.20520073057677202,0.09442842462873756,0.03531560058120858,0.42486668684522616,0.5933208340270852,0.22507198442984655,0.0641841226721161,0.1405429848858936,0.015189819733224771,0.36290651426570014,0.5860673972463512,0.05490435582751688,0.047532039808283806,0.14066163735635093,0.021835532231065408,0.37,0.29,0.38,0.58,0.79,0.72,0.26,0.23,0.54,0.68,0.84,0.56,0.38,0.34,0.47,0.68,0.65,0.79,0.53,0.43,0.68,0.76,0.81,0.59,0.26007527,0.2137073,0.48095867,0.45847622,0.41676465,0.986038,0.7632572,0.0048023313,0.92099506,0.90860546,0.9241217,0.7429431,0.44452453,0.5824763,0.4575551,0.92108333,0.7933116,0.9839925,0.7833144,0.73592407,0.97663707,0.8990491,0.8762461,0.7737571,0.6145244791545348,0.5783870040667819,0.5750290884083059,0.42450483174641623,0.4679674930277683,0.5238040720142417
6351,SOL-USD,2024-06-24,136.5592041015625,0.2675371854183959,0.13225367285778206,0.26595836609897344,0.42198589732401826,0.8695705273749035,0.5974147990395907,0.41434205342483293,0.1559104175862677,0.28316153283524476,0.41820906825312554,0.8710536155578722,0.6620424247601806,0.363998624607323,0.31889633141803264,0.23360519632597937,0.6633311939222519,0.6926682722408586,0.513163640225585,0.47645802793037506,0.33869979201620304,0.5429424980083427,0.8803250908254111,0.8143867260444001,0.7274740660926999,0.41,0.34,0.36,0.59,0.72,0.73,0.26,0.29,0.46,0.66,0.72,0.64,0.49,0.34,0.48,0.66,0.61,0.73,0.61,0.56,0.67,0.67,0.75,0.58,0.22515507,0.072575465,0.18373968,0.8376247,0.46689716,0.99593073,0.76734966,0.016744561,0.79816556,0.95666164,0.9441155,0.8391049,0.58005047,0.8166569,0.6645217,0.94469756,0.80451727,0.9964593,0.9636324,0.8311066,0.8811763,0.9526673,0.6098795,0.8059042,0.728747312400934,0.7340688081801487,0.7417271756309811,0.3647937812375779,0.4951855942524316,0.4870222114467041
4774,ETH-USD,2024-06-24,3395.029052734375,0.28930695394524736,0.32724099307449334,0.2426409460366058,0.5442581192683091,0.6188846436857387,0.539656547272258,0.2650523121726343,0.23324781867874708,0.2869154034887629,0.3495154473037304,0.7046418226319969,0.5742392272633288,0.1770040715539305,0.35267741268306996,0.30735861846775037,0.5236335202034047,0.5534634982803209,0.30955733430268834,0.22384770958051975,0.4517222579262621,0.2850050779315325,0.40520385670587344,0.5198975696543392,0.2578550454092556,0.34,0.3,0.35,0.56,0.78,0.71,0.23,0.23,0.59,0.67,0.76,0.6,0.31,0.3,0.44,0.65,0.68,0.7,0.42,0.38,0.47,0.73,0.79,0.6,0.047303718,0.060568154,0.23899353,0.9180783,0.4836131,0.99629647,0.3474338,0.005911021,0.9390156,0.9536771,0.9432401,0.94550943,0.28444666,0.25309667,0.22721724,0.94469756,0.86593217,0.9954091,0.5100069,0.52472556,0.6678542,0.9674405,0.67052734,0.92069465,0.7119477511796051,0.7068656089560655,0.6949337051265831,0.2767046018327001,0.29132499232048886,0.42725559268351415
2368,BTC-USD,2024-06-25,60811.27734375,0.571210583574781,0.6921664936519268,0.19577504642824844,0.21795123077348905,0.2872942408465312,0.2705145762828115,0.35924081880443676,0.8381580555825974,0.6546815096864032,0.2087961507826409,0.2197911645199737,0.0551690302066876,0.4680472005627879,0.6933426143860312,0.23473220301975461,0.12677696003900493,0.18045880318121513,0.03888970916503214,0.2794135013317552,0.8033211903347319,0.08330272238724684,0.051904081621217096,0.26397154969470243,0.019088030813248717,0.41,0.31,0.4,0.6,0.79,0.69,0.3,0.25,0.52,0.69,0.85,0.58,0.42,0.37,0.5,0.68,0.65,0.78,0.56,0.53,0.75,0.75,0.81,0.58,0.21158211,0.2137073,0.43586975,0.34519956,0.433144,0.986038,0.7859665,0.005645671,0.9207518,0.93036765,0.9407147,0.69157076,0.39507163,0.9131272,0.4575551,0.92108333,0.70977944,0.9876221,0.81069905,0.850294,0.97853607,0.89442736,0.8128218,0.7407021,0.6287537077252956,0.5746391935305941,0.5669496603399452,0.5041588192382722,0.4683028833645134,0.5239842149566543
6352,SOL-USD,2024-06-25,136.60914611816406,0.3273988514974119,0.1725172415016178,0.3137438977179736,0.41460567370294127,0.8926764324983494,0.554826503980089,0.4371926339498166,0.18232294980801111,0.2965948254813575,0.4121415674637475,0.8991812934055071,0.7033425106072952,0.43825861789963555,0.2677249376026446,0.3010935138355007,0.6817825336048325,0.6761324062194656,0.5171582904676482,0.4329611822380172,0.353747938485673,0.6349277408616775,0.8631912918507012,0.850226859047824,0.7514370324561723,0.42,0.35,0.36,0.59,0.74,0.72,0.25,0.28,0.48,0.68,0.72,0.64,0.49,0.34,0.52,0.67,0.62,0.74,0.62,0.54,0.68,0.67,0.75,0.59,0.187775,0.072575465,0.22057337,0.8376247,0.4836131,0.99593073,0.76734966,0.016744561,0.9051937,0.95666164,0.95654196,0.85215443,0.59321535,0.8166569,0.6645217,0.94469756,0.80451727,0.9964593,0.9636324,0.8311066,0.88996035,0.9526673,0.58279014,0.8059042,0.735949393105332,0.7361076684443211,0.745635529763235,0.3646610984235878,0.5019148176630196,0.5225676065120488
4775,ETH-USD,2024-06-25,3369.477294921875,0.3713490786548999,0.4461597541251485,0.2949815579470302,0.6236578669499467,0.4753356307422158,0.4495588806906773,0.3575763210941868,0.2976239642469312,0.5081083730343599,0.42005339667690067,0.576887820544864,0.5092951779515945,0.22918019314050292,0.2751796938370721,0.43370229269093097,0.4364587501787844,0.4070319845417382,0.32312487058252953,0.2792333845337684,0.407090163700025,0.38629505566758426,0.40792633012030266,0.41827614307590805,0.3996938217496722,0.33,0.3,0.32,0.61,0.77,0.72,0.22,0.26,0.52,0.68,0.76,0.57,0.3,0.32,0.44,0.67,0.65,0.71,0.45,0.35,0.5,0.74,0.77,0.61,0.047303718,0.060568154,0.19892882,0.9180783,0.4836131,0.99024993,0.3611779,0.005083219,0.9443203,0.9534116,0.96511847,0.85014874,0.29771888,0.2494987,0.16745931,0.94469756,0.86593217,0.9950606,0.5242011,0.47344443,0.6678542,0.9674405,0.67052734,0.9112766,0.6774989883713929,0.7192851438880815,0.6859704185839557,0.276943571194699,0.3137292682060191,0.4501239651519929
6353,SOL-USD,2024-06-26,149.44837951660156,0.39522896209917785,0.2205985907626698,0.5549396060803785,0.49466992449944736,0.9455023632392656,0.4894855677463594,0.5093003230786626,0.14882074278570326,0.37517176251121576,0.3516045308763888,0.935879156093801,0.5379073576757794,0.5724406222550248,0.31122558402953443,0.2892324932826921,0.5513098003910447,0.8706410662196344,0.22511514479539185,0.493644433674754,0.19867152850139383,0.6327277290709978,0.6838064925155026,0.930264336763753,0.39081072973033165,0.41,0.37,0.36,0.59,0.72,0.69,0.26,0.28,0.48,0.67,0.71,0.62,0.51,0.35,0.51,0.69,0.62,0.71,0.67,0.55,0.67,0.67,0.72,0.59,0.187775,0.072575465,0.23499908,0.8376247,0.46190506,0.99593073,0.68107253,0.019562857,0.9051937,0.95666164,0.95654196,0.81003386,0.56930184,0.8166569,0.72649676,0.95111567,0.84665143,0.99661887,0.96634454,0.8311066,0.88996035,0.954783,0.58279014,0.8059042,0.7535950863056966,0.7179792397200491,0.6711974156969085,0.36290297335246,0.5214172703039671,0.5524319838099532
2369,BTC-USD,2024-06-26,61604.80078125,0.5617443803267546,0.6272748136443919,0.17911020267380406,0.10879498690940705,0.3797046721806199,0.2345177314693545,0.2869432033903346,0.8097914476788565,0.6013034678672036,0.13038531006839416,0.25581178742487737,0.06498245309145236,0.5832857834215512,0.7284903167164927,0.18342311853222923,0.11167627883599819,0.20508585370299784,0.0316703083364423,0.3335800078347595,0.8147394734845669,0.06799557270297618,0.06428453404547838,0.29265619862985526,0.026675100212820504,0.41,0.31,0.4,0.6,0.79,0.69,0.3,0.25,0.52,0.69,0.85,0.58,0.42,0.37,0.5,0.68,0.65,0.78,0.56,0.53,0.75,0.75,0.81,0.58,0.21158211,0.2137073,0.43586975,0.34519956,0.433144,0.986038,0.7859665,0.005645671,0.9207518,0.93036765,0.9407147,0.69157076,0.39507163,0.9131272,0.4575551,0.92108333,0.70977944,0.9876221,0.81069905,0.850294,0.97853607,0.89442736,0.8128218,0.7407021,0.6395344395029692,0.5625476333703323,0.5651279981656212,0.5014397793021707,0.47488461277435084,0.5137548228749804
4776,ETH-USD,2024-06-26,3444.800537109375,0.470435985085382,0.4442733416793212,0.3961282156231809,0.536071545693248,0.4830473047655097,0.4635905915738385,0.4246078363769962,0.32864286074897353,0.46132527546415053,0.2716534426358805,0.5554439495839092,0.4111419513602703,0.218566987190777,0.3160161051694556,0.5197041036773913,0.42932692583804016,0.3855459736330484,0.22430217811870218,0.2759574826929781,0.5461539034437473,0.42110607714442394,0.27676402661108845,0.4125717309054653,0.24571914189988633,0.35,0.3,0.35,0.54,0.77,0.71,0.22,0.26,0.54,0.66,0.73,0.61,0.3,0.31,0.44,0.65,0.66,0.71,0.42,0.37,0.48,0.72,0.78,0.61,0.047303718,0.060568154,0.23899353,0.9180783,0.4836131,0.99629647,0.3474338,0.005911021,0.9390156,0.9536771,0.9432401,0.94550943,0.28444666,0.25309667,0.22721724,0.94469756,0.86593217,0.9954091,0.5100069,0.52472556,0.6678542,0.9674405,0.67052734,0.92069465,0.6720746781242599,0.6825147599724385,0.6740471130088119,0.2957008864185814,0.3187857134325477,0.47368587466803935
6354,SOL-USD,2024-06-27,139.70339965820312,0.38624479894110664,0.30400680487988246,0.586483597125368,0.6018966762019198,0.9276643869486204,0.5412650793531184,0.5469866905810924,0.16314092816235345,0.42436071875246645,0.35902519561920954,0.9248892059281805,0.42943271053448145,0.3904857489626228,0.2700246402523011,0.2892467931978189,0.5592031209891668,0.851986391755124,0.25103169869215536,0.30218212276541806,0.2881837989568603,0.7434395865423536,0.6139151463149872,0.8979857318709592,0.180813703667887,0.44,0.36,0.36,0.54,0.73,0.73,0.26,0.27,0.5,0.63,0.69,0.61,0.5,0.34,0.53,0.66,0.63,0.74,0.58,0.53,0.67,0.66,0.76,0.59,0.187775,0.072575465,0.2635631,0.8376247,0.4836131,0.9961966,0.6638751,0.019434309,0.8965695,0.9555527,0.9432401,0.88277775,0.5776044,0.8166569,0.6645217,0.94469756,0.80451727,0.9964593,0.9615868,0.8311066,0.88996035,0.9526673,0.58279014,0.8059042,0.7496122113796286,0.7077668965009011,0.6659433183433338,0.3671716467541648,0.48997574272926564,0.5665436973926437
2370,BTC-USD,2024-06-27,60320.13671875,0.5587350235266808,0.6055719671731391,0.1740663976357333,0.08590606558666834,0.41134116856281505,0.22382978393216638,0.2659325940998218,0.8000440693700733,0.5838026537766,0.11138167339085814,0.2680019503405504,0.06841712175874325,0.6185481056875125,0.7390854247947191,0.16909614791550798,0.10723002813361592,0.2133917599289661,0.029666110745100286,0.3518020026853394,0.818249085008167,0.06371615042082245,0.06875066729746891,0.3021176982631092,0.029641842537882435,0.41,0.31,0.4,0.6,0.79,0.69,0.3,0.25,0.52,0.69,0.85,0.58,0.42,0.37,0.5,0.68,0.65,0.78,0.56,0.53,0.75,0.75,0.81,0.58,0.21158211,0.2137073,0.43586975,0.34519956,0.433144,0.986038,0.7859665,0.005645671,0.9207518,0.93036765,0.9407147,0.69157076,0.39507163,0.9131272,0.4575551,0.92108333,0.70977944,0.9876221,0.81069905,0.850294,0.97853607,0.89442736,0.8128218,0.7407021,0.6431887245192145,0.5598828284579584,0.5646846997062939,0.5004272588940721,0.47707121456242674,0.5106512476617604
4777,ETH-USD,2024-06-27,3373.635986328125,0.41662506587688336,0.4073635335851654,0.34838984161171843,0.5767376670569122,0.553545428674245,0.5027284220018894,0.3785504370307988,0.30729040678726915,0.4250707910041641,0.3138764126421668,0.6232924477398665,0.4494945347509046,0.191750666622612,0.28763844118097937,0.4612060924154271,0.47617976036547355,0.42898676713813055,0.23939477291463324,0.24205488606984454,0.5096371275419321,0.3884745040063207,0.33123318380600303,0.46277404486995066,0.2633103326580415,0.35,0.3,0.35,0.54,0.77,0.71,0.22,0.26,0.54,0.66,0.73,0.61,0.3,0.31,0.44,0.65,0.66,0.71,0.42,0.37,0.48,0.72,0.78,0.61,0.047303718,0.060568154,0.23899353,0.9180783,0.4836131,0.99629647,0.3474338,0.005911021,0.9390156,0.9536771,0.9432401,0.94550943,0.28444666,0.25309667,0.22721724,0.94469756,0.86593217,0.9954091,0.5100069,0.52472556,0.6678542,0.9674405,0.67052734,0.92069465,0.6857986539517873,0.6945984651622594,0.6817876857943284,0.28826792323520833,0.30818851382261486,0.4607439128696046
6355,SOL-USD,2024-06-28,140.01014709472656,0.3922162885964983,0.34536108997623377,0.6036713112759223,0.7213727674652651,0.9071332285149811,0.5719655769961361,0.5997918873321986,0.18132971589915683,0.46112537423165145,0.4473989349162154,0.9153678767139876,0.4018762015902024,0.3213000282450325,0.24860841390925956,0.33269321582152045,0.5821840708900322,0.8384881924327593,0.27799557119366186,0.26829003552238634,0.2784039417068866,0.7697718323882808,0.5783085807969741,0.8891330280221978,0.15007809123214924,0.44,0.36,0.36,0.54,0.73,0.73,0.26,0.27,0.5,0.63,0.69,0.61,0.5,0.34,0.53,0.66,0.63,0.74,0.58,0.53,0.67,0.66,0.76,0.59,0.187775,0.072575465,0.2635631,0.8376247,0.4836131,0.9961966,0.6638751,0.019434309,0.8965695,0.9555527,0.9432401,0.88277775,0.5776044,0.8166569,0.6645217,0.94469756,0.80451727,0.9964593,0.9615868,0.8311066,0.88996035,0.9526673,0.58279014,0.8059042,0.746506656633909,0.7201199387941551,0.6659572880425576,0.3688129436829478,0.4865796241490142,0.5756451663777782
2371,BTC-USD,2024-06-28,60887.37890625,0.5587350235266808,0.6055719671731391,0.1740663976357334,0.08590606558666834,0.41134116856281505,0.22382978393216643,0.2659325940998218,0.8000440693700733,0.5838026537766,0.11138167339085814,0.2680019503405504,0.06841712175874327,0.6185481056875125,0.7390854247947191,0.16909614791550798,0.10723002813361592,0.2133917599289661,0.029666110745100286,0.35180200268533945,0.818249085008167,0.0637161504208225,0.06875066729746891,0.3021176982631093,0.02964184253788246,0.41,0.31,0.4,0.6,0.79,0.69,0.3,0.25,0.52,0.69,0.85,0.58,0.42,0.37,0.5,0.68,0.65,0.78,0.56,0.53,0.75,0.75,0.81,0.58,0.21158211,0.2137073,0.43586975,0.34519956,0.433144,0.986038,0.7859665,0.005645671,0.9207518,0.93036765,0.9407147,0.69157076,0.39507163,0.9131272,0.4575551,0.92108333,0.70977944,0.9876221,0.81069905,0.850294,0.97853607,0.89442736,0.8128218,0.7407021,0.6431887245192145,0.5598828284579584,0.5646846997062939,0.5004272588940721,0.47707121456242674,0.5106512476617605
4778,ETH-USD,2024-06-28,3372.9677734375,0.4163594388059551,0.4099192136332615,0.34456856852131423,0.5733442759113392,0.5302788103116953,0.4985971677785187,0.38428837090966644,0.3097910406214597,0.4367563756287804,0.2995672523766864,0.6094898824898534,0.43216746061336075,0.20252099930970738,0.2949877966551285,0.4809389455981455,0.46047267237951267,0.42138308233628324,0.22837073801311714,0.2552193933370554,0.5251826756500827,0.4039490300124179,0.30549353093114695,0.45701038907958735,0.2612971905121573,0.35,0.3,0.35,0.54,0.77,0.71,0.22,0.26,0.54,0.66,0.75,0.61,0.3,0.31,0.44,0.65,0.66,0.71,0.42,0.37,0.48,0.72,0.78,0.61,0.047303718,0.060568154,0.23899353,0.9180783,0.4836131,0.99629647,0.3474338,0.005911021,0.9390156,0.9536771,0.9432401,0.94550943,0.28444666,0.25309667,0.22721724,0.94469756,0.86593217,0.9954091,0.5100069,0.52472556,0.6678542,0.9674405,0.67052734,0.92069465,0.6847094579788372,0.6906661132057799,0.6793562018651393,0.2899764129828385,0.3101937314497314,0.4637622818275751
6356,SOL-USD,2024-06-29,146.49249267578125,0.3684900558776057,0.26404557590884287,0.5525056377627685,0.843806803255879,0.8594224845614671,0.6475749976341093,0.6356729648158325,0.1483104800044789,0.4768185064223593,0.6445800942297341,0.887952066026209,0.45866742009633704,0.27290156129933557,0.25259941035864153,0.28291572815626387,0.6432208077663477,0.8423599241245282,0.45013947703713963,0.35288481124867543,0.2175966512900607,0.7056916914106152,0.6553852198500087,0.8774314105728859,0.2817828213705347,0.41,0.35,0.36,0.59,0.71,0.73,0.26,0.28,0.46,0.66,0.71,0.62,0.5,0.34,0.48,0.67,0.61,0.73,0.61,0.56,0.67,0.66,0.75,0.58,0.22515507,0.072575465,0.18373968,0.8376247,0.46689716,0.99593073,0.6771476,0.016744561,0.79816556,0.95666164,0.9441155,0.8391049,0.58005047,0.8166569,0.6645217,0.94469756,0.80451727,0.9964593,0.9636324,0.8311066,0.8811763,0.9526673,0.6098795,0.8059042,0.7397492795257468,0.7586102255813155,0.6926116998275975,0.3610185903779284,0.49426247289866354,0.5402836654415057
2372,BTC-USD,2024-06-29,62678.29296875,0.5227952331239395,0.5363250915845009,0.14231318496291526,0.07354119257020174,0.4417277415595613,0.2891636038495748,0.25501143988446856,0.7724140394541158,0.4215966317076745,0.08842912607487198,0.2641063241687487,0.05741040673397135,0.45098577170100324,0.7896808668298706,0.10081502547059733,0.12417423116523639,0.22596435192122957,0.025176773731131606,0.32012637250106785,0.8587745787180269,0.03772992262083031,0.08617715553046265,0.27733464734607627,0.014087944919466064,0.44,0.32,0.4,0.52,0.77,0.7,0.32,0.25,0.53,0.65,0.84,0.61,0.42,0.38,0.5,0.66,0.66,0.78,0.56,0.56,0.72,0.72,0.81,0.59,0.26240122,0.2137073,0.5060136,0.34519956,0.41676465,0.99344736,0.7756856,0.0065644635,0.8601238,0.93075496,0.8797337,0.93597627,0.39558545,0.9146322,0.55217475,0.92108333,0.70977944,0.9884891,0.8018205,0.8745953,0.97663707,0.89442736,0.8293487,0.7797992,0.6364316547841786,0.54388376343507,0.596541364057108,0.5074615183876389,0.46720451143535746,0.4955627859554085
4779,ETH-USD,2024-06-29,3432.88916015625,0.45578254489941056,0.3747360246708666,0.45246558301301704,0.4328805178186796,0.44855713838443556,0.44852133376631587,0.3960209568351256,0.29704224773715765,0.44129893387289176,0.21435616213265715,0.5187200608313702,0.41786173797607157,0.27439856828234727,0.4437671455669758,0.5499542568712066,0.39038999941594427,0.46820752887638123,0.2218277118551721,0.3341660137965768,0.5477335269801429,0.3973972106978818,0.191847942038533,0.40028265661505097,0.2155519623460508,0.34,0.3,0.35,0.56,0.78,0.71,0.23,0.23,0.59,0.67,0.76,0.6,0.31,0.3,0.43,0.65,0.68,0.7,0.42,0.38,0.47,0.73,0.79,0.6,0.047303718,0.060568154,0.23899353,0.9180783,0.4836131,0.99629647,0.3474338,0.005911021,0.9390156,0.9536771,0.9432401,0.94550943,0.28444666,0.25309667,0.22721724,0.94469756,0.86593217,0.9954091,0.5100069,0.52472556,0.6678542,0.9674405,0.67052734,0.92069465,0.6787466265637954,0.6678414695008588,0.6683509940478248,0.29456091427184333,0.32475772686511817,0.47982928470773506
6357,SOL-USD,2024-06-30,146.59506225585938,0.39234906874205827,0.2567813898577524,0.6009916993461618,0.7986594526017066,0.8849729214144718,0.6161121200475578,0.6161035960783832,0.14547262375783246,0.45168294679026166,0.5952989171781136,0.9174644756609831,0.5344604011548519,0.40417066204956664,0.3100705279536279,0.35535757486516373,0.6446154667778599,0.8858914858340474,0.46362674567059725,0.3624425446572958,0.2295593078686358,0.7509896107612992,0.5408462530693464,0.9089900101427895,0.2700622866206187,0.41,0.37,0.36,0.61,0.74,0.72,0.26,0.24,0.51,0.7,0.72,0.61,0.51,0.33,0.53,0.68,0.64,0.73,0.62,0.53,0.67,0.69,0.76,0.58,0.187775,0.072575465,0.22057337,0.8376247,0.4836131,0.99593073,0.6771476,0.016744561,0.9051937,0.95666164,0.95654196,0.85215443,0.59321535,0.8166569,0.6645217,0.94469756,0.80451727,0.9964593,0.9636324,0.8311066,0.88996035,0.9526673,0.58279014,0.8059042,0.7553108722183797,0.7543397332905744,0.6950354311227773,0.35886669811512784,0.5044597100375401,0.5726307616092043
2373,BTC-USD,2024-06-30,62851.98046875,0.5227952331239394,0.5363250915845006,0.14231318496291523,0.07354119257020174,0.4417277415595615,0.28916360384957485,0.25501143988446845,0.7724140394541158,0.4215966317076745,0.08842912607487194,0.26410632416874885,0.05741040673397135,0.45098577170100324,0.7896808668298706,0.10081502547059737,0.12417423116523642,0.2259643519212296,0.025176773731131606,0.3201263725010678,0.8587745787180266,0.03772992262083025,0.08617715553046265,0.2773346473460764,0.014087944919466078,0.44,0.32,0.4,0.52,0.77,0.7,0.32,0.25,0.53,0.65,0.84,0.61,0.42,0.38,0.5,0.66,0.66,0.78,0.56,0.56,0.72,0.72,0.81,0.59,0.26240122,0.2137073,0.5060136,0.34519956,0.41676465,0.99344736,0.7756856,0.0065644635,0.8601238,0.93075496,0.8797337,0.93597627,0.39558545,0.9146322,0.55217475,0.92108333,0.70977944,0.9884891,0.8018205,0.8745953,0.97663707,0.89442736,0.8293487,0.7797992,0.6364316547841786,0.54388376343507,0.596541364057108,0.5074615183876389,0.46720451143535746,0.4955627859554085
4780,ETH-USD,2024-06-30,3440.341552734375,0.39808381084675404,0.3730365962506155,0.3698954972906477,0.4627667806984087,0.45032708540314587,0.46594043063505586,0.3624180427492331,0.2842931859044441,0.4088428207119481,0.23369073440813057,0.5505415217053836,0.43386598623335426,0.265291393456191,0.4352103950955695,0.5111809899514395,0.4046135241601054,0.4791955830685943,0.22800461675873585,0.32360760926671106,0.5454537079714283,0.38872832316472067,0.21013469087704426,0.432972903246782,0.22770516708300956,0.34,0.3,0.35,0.56,0.78,0.71,0.23,0.23,0.59,0.67,0.77,0.6,0.31,0.3,0.43,0.65,0.68,0.7,0.42,0.38,0.47,0.73,0.79,0.6,0.047303718,0.060568154,0.23899353,0.9180783,0.4836131,0.99629647,0.3474338,0.005911021,0.9390156,0.9502333,0.9432401,0.94550943,0.28444666,0.25309667,0.22721724,0.94469756,0.86593217,0.9954091,0.5100069,0.52472556,0.6678542,0.9674405,0.67052734,0.92069465,0.6842342798610963,0.6728260445349536,0.6719961124836051,0.2931179448385084,0.3175509202683677,0.4673262985702158
6358,SOL-USD,2024-07-01,153.7004852294922,0.36494379896108564,0.2481694874995512,0.590938725403873,0.7730702901928412,0.902909938897658,0.592740782982341,0.6054874968297349,0.1658250119046635,0.42065155132079557,0.5784417347458481,0.922373228640796,0.5085511047412224,0.41829952467803105,0.35327210847000834,0.3917366364839488,0.615019211138256,0.8933538188076787,0.3224565883105091,0.41373821067181105,0.1694208298947961,0.6715724697262788,0.5448124239042151,0.9211766159604229,0.2253607899099443,0.4,0.38,0.36,0.61,0.73,0.69,0.27,0.25,0.51,0.69,0.72,0.61,0.52,0.34,0.53,0.69,0.64,0.72,0.67,0.54,0.66,0.69,0.73,0.58,0.187775,0.072575465,0.23499908,0.8376247,0.46190506,0.99593073,0.68107253,0.019562857,0.9051937,0.95666164,0.95654196,0.81003386,0.56930184,0.8166569,0.72649676,0.95111567,0.84665143,0.99661887,0.96634454,0.8311066,0.88996035,0.954783,0.58279014,0.8059042,0.755878551027416,0.7507009517053824,0.6707023232163879,0.36237139073960095,0.510340474458454,0.5721455676503542
2374,BTC-USD,2024-07-01,62029.015625,0.5227952331239395,0.5363250915845009,0.14231318496291523,0.07354119257020171,0.44172774155956135,0.28916360384957485,0.25501143988446845,0.7724140394541159,0.4215966317076745,0.0884291260748719,0.2641063241687487,0.05741040673397135,0.4509857717010032,0.7896808668298706,0.10081502547059737,0.12417423116523639,0.22596435192122957,0.025176773731131606,0.32012637250106785,0.8587745787180269,0.03772992262083025,0.08617715553046258,0.27733464734607627,0.014087944919466078,0.44,0.32,0.4,0.52,0.77,0.7,0.32,0.25,0.53,0.65,0.84,0.61,0.42,0.38,0.5,0.66,0.66,0.78,0.56,0.56,0.72,0.72,0.81,0.59,0.26240122,0.2137073,0.5060136,0.34519956,0.41676465,0.99344736,0.7756856,0.0065644635,0.8601238,0.93075496,0.8797337,0.93597627,0.39558545,0.9146322,0.55217475,0.92108333,0.70977944,0.9884891,0.8018205,0.8745953,0.97663707,0.89442736,0.8293487,0.7797992,0.6364316547841786,0.54388376343507,0.596541364057108,0.5074615183876389,0.46720451143535746,0.4955627859554085
4781,ETH-USD,2024-07-01,3416.354736328125,0.42808333437201534,0.39988710871938116,0.4577135549944287,0.45911299574413417,0.4215398723042976,0.4438839550738319,0.37827425582801366,0.3180259269270696,0.4365614254432869,0.24719626483414806,0.517714824386932,0.40758748006350193,0.2690192316529073,0.45682765604130904,0.5899805051078405,0.4182361911220241,0.48989045454882224,0.21889076362415705,0.3131922185443081,0.5165519716401884,0.400709267681812,0.1863791378399458,0.4700410655417069,0.2471408774145004,0.34,0.3,0.35,0.56,0.78,0.71,0.23,0.23,0.59,0.67,0.77,0.6,0.31,0.3,0.44,0.65,0.69,0.7,0.42,0.37,0.47,0.73,0.81,0.6,0.04741056,0.060568154,0.23184639,0.9180783,0.4836131,0.9957624,0.3474338,0.005911021,0.9390156,0.9502333,0.9432401,0.9495597,0.28444666,0.25309667,0.22721724,0.94469756,0.86593217,0.9954091,0.5100069,0.52472556,0.6678542,0.9674405,0.67052734,0.9178514,0.6862120735014028,0.6728084131391843,0.6694547615156363,0.2951316653924694,0.3201049074276089,0.4829533365044699
6359,SOL-USD,2024-07-02,140.73141479492188,0.30827440918113247,0.28708540548336975,0.5407280239517055,0.7913858445000346,0.9024356661376337,0.6615175544158719,0.496212093865724,0.14223915767105763,0.3765488598225351,0.4976395076928817,0.9309478810146887,0.5359401911807439,0.26134488082039287,0.3183581303878276,0.32685730100170496,0.7155834346715555,0.909020577136244,0.4213039684939941,0.24110452611746863,0.25467471746998954,0.5738819234826543,0.5491041070694458,0.9199932950719826,0.13607705017557795,0.39,0.36,0.36,0.56,0.75,0.72,0.24,0.23,0.52,0.65,0.71,0.6,0.47,0.31,0.53,0.66,0.65,0.72,0.58,0.49,0.61,0.68,0.77,0.59,0.187775,0.072575465,0.2635631,0.8376247,0.4836131,0.9961966,0.6638751,0.019434309,0.8965695,0.9555527,0.9432401,0.88277775,0.5776044,0.8166569,0.6645217,0.94469756,0.80451727,0.9964593,0.9615868,0.8311066,0.88996035,0.9526673,0.58279014,0.8059042,0.7598507695381829,0.7403365576820373,0.6872177577879018,0.3552565745459648,0.45893404788313275,0.5468865387241897
4782,ETH-USD,2024-07-02,3292.916748046875,0.43546745258945113,0.3026920478075451,0.49289409180698796,0.4656672849705878,0.47085304577983095,0.42468517580236465,0.44817619832677136,0.3138845676719428,0.6573040454184231,0.281637046958383,0.5259011301269493,0.32033585332504233,0.4536780088760948,0.44474214895189706,0.6622106827110835,0.27548551877439126,0.5260996229396244,0.15774199811505224,0.4325001382977333,0.43711851879147745,0.6282902216062799,0.16157881624730538,0.4375239399102725,0.3184224411883956,0.33,0.31,0.34,0.62,0.78,0.72,0.22,0.24,0.55,0.7,0.78,0.56,0.37,0.35,0.46,0.68,0.67,0.72,0.46,0.41,0.53,0.75,0.78,0.6,0.09230391,0.09824378,0.25105378,0.8875983,0.4836131,0.99024993,0.39737964,0.005519496,0.9443203,0.9364957,0.96511847,0.77815366,0.29493657,0.29600832,0.16745931,0.94469756,0.86593217,0.9950606,0.88791084,0.6628824,0.88996035,0.95486814,0.67052734,0.9112766,0.6881370851592353,0.6723423939866733,0.6461996373490961,0.3139555994564106,0.39731951942384636,0.5415758681719824
2375,BTC-USD,2024-07-02,60173.921875,0.6236064714076243,0.5130916663534271,0.24762543000822582,0.15564442629376388,0.4654541137111184,0.3643575723182688,0.4804410120049859,0.7524659817985683,0.5391547811202578,0.14520598867059845,0.32366419535778157,0.10477024710562427,0.656966513857714,0.7549155010826929,0.27090007593631527,0.24201233606952616,0.41332092737662823,0.06203759996174472,0.5145168767331691,0.6272169765156306,0.020694415059487898,0.23160059931526622,0.5558588147923041,0.04982417229249791,0.39,0.31,0.37,0.6,0.77,0.7,0.26,0.23,0.52,0.67,0.84,0.6,0.45,0.34,0.52,0.66,0.65,0.79,0.62,0.48,0.71,0.71,0.81,0.59,0.4115627,0.16333586,0.39795646,0.35611656,0.41676465,0.98301446,0.9376145,0.014590289,0.838032,0.93036765,0.9241217,0.6698389,0.7258017,0.9131272,0.8461457,0.92108333,0.70977944,0.99139035,0.9236173,0.850294,0.97663707,0.89442736,0.8293487,0.6175241,0.6717735765892618,0.5799169827807209,0.573312224563444,0.46757235047953344,0.5831979949260593,0.534193418122335
6360,SOL-USD,2024-07-03,127.55081939697266,0.3186546453945176,0.28510065090553993,0.6109933233535843,0.81188996050857,0.8577771411618109,0.6196190491832723,0.5175322424865153,0.1389190796007787,0.5137578861484031,0.5440172581614569,0.8901692779228461,0.522177842265714,0.3660662794009476,0.23825179833189045,0.39380235751789927,0.5953370752799894,0.8988048760697253,0.34362294785535435,0.3282669064262557,0.1234588965671645,0.5881366244258796,0.5315561031050695,0.8965073566082462,0.26566985505532764,0.35,0.36,0.35,0.64,0.75,0.72,0.21,0.22,0.53,0.68,0.72,0.58,0.46,0.33,0.51,0.67,0.65,0.73,0.58,0.46,0.6,0.72,0.75,0.6,0.187775,0.072575465,0.22057337,0.8376247,0.4836131,0.9881274,0.6771476,0.016744561,0.9051937,0.9552974,0.96511847,0.7111701,0.59321535,0.81377614,0.5753857,0.94469756,0.80451727,0.9961903,0.9636324,0.8003023,0.88996035,0.9526673,0.58279014,0.7860224,0.7538812385372329,0.7505435700444539,0.6699246417947315,0.3366630716122003,0.4696786973665973,0.5560238723801684
2376,BTC-USD,2024-07-03,56977.703125,0.6183724042779485,0.43595656889401985,0.311375735326344,0.27612457598088885,0.5244113873598498,0.5423865633120594,0.45241511279169094,0.6617030870449414,0.42506656954788613,0.21891462285240793,0.3671039567404744,0.2745242908746052,0.6792596322262189,0.5981157796192692,0.31511029858625456,0.43476420131862015,0.3890525910880318,0.10700981086157772,0.6444252021672215,0.4621020164269998,0.02569396017088277,0.46750848129534833,0.6506549214658159,0.2918763603892498,0.36,0.28,0.37,0.57,0.77,0.69,0.21,0.22,0.54,0.68,0.83,0.65,0.44,0.31,0.52,0.66,0.66,0.81,0.58,0.45,0.67,0.7,0.8,0.61,0.4115627,0.16333586,0.39795646,0.35611656,0.41676465,0.9914596,0.90176123,0.014590289,0.838032,0.93243885,0.9162252,0.9052966,0.7258017,0.9146322,0.88937134,0.92159396,0.68973035,0.9919956,0.9236173,0.8745953,0.97663707,0.8977342,0.8293487,0.6460113,0.6782862145026293,0.6186041144929086,0.6488179874969175,0.4309170137888595,0.5756261060986713,0.5352744410149295
4783,ETH-USD,2024-07-03,3054.52197265625,0.33041274544761984,0.19304079408511876,0.4367792147200466,0.6331500041908243,0.6459040238775188,0.6380583394723078,0.3241904686729113,0.20977018872129277,0.5509788554684865,0.39910322419151534,0.7272804128152266,0.6500494484249578,0.43091276293357283,0.4145007269097206,0.6662982789245281,0.6402338456815927,0.5978208220703842,0.45109451587838484,0.5120793164180827,0.5101907624008052,0.7055210861363821,0.3832738677499726,0.6551184112552638,0.7365528949496615,0.33,0.32,0.34,0.61,0.76,0.72,0.23,0.25,0.53,0.7,0.78,0.64,0.41,0.35,0.47,0.68,0.67,0.73,0.48,0.48,0.56,0.72,0.76,0.61,0.093118474,0.09824378,0.20894395,0.83099735,0.4836131,0.9966629,0.3298476,0.0064879563,0.9078668,0.9534288,0.96130973,0.85215443,0.27773613,0.8166569,0.22721724,0.9450645,0.7890679,0.9964593,0.90370154,0.8311066,0.88996035,0.95424324,0.58279014,0.9065139,0.707496679088886,0.7223223040937198,0.7512141123007747,0.3769821957007346,0.386150091209844,0.533094501108728
