,Symbol,Date,Close,lr_pb_10_15d,lr_pb_10_30d,lr_pb_10_7d,lr_pb_15_15d,lr_pb_15_30d,lr_pb_15_7d,lr_pb_20_15d,lr_pb_20_30d,lr_pb_20_7d,lr_pb_25_15d,lr_pb_25_30d,lr_pb_25_7d,score
838159,XCN-USD,2024-07-12,0.0005859240191057324,0.9999996270003023,0.9999998518746782,0.999768878828799,0.9999999991569701,0.9999999948931588,0.9999985503749209,0.999999999993946,0.9999999998407796,0.9999999307233737,0.999999999999037,0.9999999999964047,0.9999999997393048,0.9999809572493907
654265,SCA-USD,2024-07-12,0.026332467794418335,0.9999987530546462,0.9998842867712973,0.9997408901350097,0.9999999989382917,0.9999982454488052,0.9999986271208684,0.9999999999958258,0.9999999704366802,0.9999999670247046,0.999999999999688,0.9999999996223123,0.9999999999003426,0.9999677031348448
668079,SHRAP-USD,2024-07-12,15.754226684570312,0.9984604189881202,0.913955078152711,0.8762857816440386,0.9999946018370501,0.9950885863141931,0.9972157044003435,0.9999999338281961,0.9998407476846378,0.9997902861556225,0.9999999569381494,0.9999892108159003,0.9999830856310492,0.9810580121857766
780967,USDE-USD,2024-07-12,0.9003937840461731,0.9505999654463081,0.23348528895276688,0.8376004106223586,0.9996354714212186,0.8202344580320887,0.9954499612295552,0.9999906843383737,0.9856179945354726,0.9984398989247474,0.9999975212381168,0.999276033176742,0.9909091144608279,0.8922734646682268
802988,VOLT-USD,2024-07-12,0.0005859234370291233,0.9411564613198586,0.14095108547088878,0.6884039883472531,0.9998214474739873,0.7947610178612482,0.9861877225247675,0.9999980832874179,0.9895886199263423,0.6653377424254865,0.9999995390972071,0.9997370768346674,3.5486210741260573e-16,0.7948973857793227
101627,BLOCK-USD,2024-07-12,0.02636655606329441,0.9173623420461885,0.001411362242820747,0.7240549210968766,0.9999778692648412,0.12912881975179485,0.9993122400114203,0.9999999679952393,0.9292615417878813,0.9999643081036105,0.9999999976414728,0.9994354667035538,0.9999856588697301,0.7906363281755505
800615,VISION-USD,2024-07-12,0.3013955354690552,0.9999463958280995,0.996781690983717,0.013236370400113344,0.9999995321991132,0.9998567654178706,2.8071513785819048e-14,0.9999999812369412,0.9999933372307038,9.674853261349152e-77,0.9999993331337143,0.9999999990456248,0.0,0.7138542372977951
764066,UFO-USD,2024-07-12,6.6129352489952e-05,0.8059947574423025,1.829381642152427e-07,0.7429673068291528,0.9999921565455848,8.317277080004274e-05,0.9995494395965704,0.9999999967092996,0.025746045203979856,0.9999611769778655,0.9999999999259144,0.9262179979945683,0.5508374779012616,0.6601867334433996
794903,VERSE-USD,2024-07-12,0.00012364830763544887,0.999637540160353,0.998184970507538,1.8595940721929506e-12,0.9999586231725874,0.9997762447513622,2.3369434022377294e-52,0.9999653223534535,0.9999763278531263,2.4749451966646906e-248,0.0036049366045210474,0.9999999999999385,0.0,0.6283260972999241
817644,WEN-USD,2024-07-12,3.943672766126838e-07,0.13362279901244395,0.004705543227683472,0.11202805168010516,0.9934277579262636,0.13657042975430816,0.9734536004044824,0.9999460276017327,0.8039411839673304,0.9195749162163062,0.9999803124186205,0.997214678762549,0.00012413944147639903,0.603959990694617
618373,RATS-USD,2024-07-12,2.9735364170946355e-10,0.004367482515285756,8.080722881428444e-06,0.016040586936507555,0.9638813088828048,0.0005751909074710545,0.9517581281553738,0.9998876980658232,0.03893858920771292,0.8676380276862665,0.9999631842638069,0.9044456348039924,0.00033519339238020376,0.4856235693372732
54232,ARB-USD,2024-07-12,0.0011718468740582466,0.15910048810280175,2.7971218296199923e-06,0.18634110495824996,0.9967022678334582,0.00018157826795712613,0.9464175198534801,0.9999868152230283,0.009694257130004932,0.7082245130033127,0.9999985336124746,0.46738266749365864,3.534696557396185e-13,0.4616051537775313
772691,UNO-USD,2024-07-12,7.909974575042725,0.0802696710505183,1.4064707806898555e-06,0.031132802434271144,0.9940423234870206,8.836882037756442e-05,0.14053830538724577,0.9999804283114848,0.00823303529432992,1.8051349916242104e-07,0.9999972502531317,0.45006909551780333,5.651377888644933e-54,0.32077092059057
113738,BOB-USD,2024-07-12,0.0005461006076075137,0.15109384954950086,1.456893335469487e-07,7.770996300659005e-11,0.9948251666183191,1.6026455018466514e-05,1.3023675320067883e-37,0.999904293770621,0.0013904288908501352,5.6607084461406905e-176,0.4773661091045052,0.9999753314716898,0.0,0.3175052979503062
790292,VCORE-USD,2024-07-12,0.002044416731223464,0.1154972379899354,0.012456770331083613,0.0002034017072518432,0.6932885863714814,0.05371459590243199,5.290685880620065e-12,0.9303980842400447,0.22566390815612494,1.0368367547175206e-53,0.3587346820471857,0.9871641345735668,0.0,0.2971191286205794
770305,UNI-USD,2024-07-12,0.00011721148621290922,0.01553316571253546,8.524588593645221e-05,0.025635981657617456,0.5890454553947864,0.0008551939825557689,0.16138824523469,0.9770710327065244,0.008455666438584355,0.00014481363864711264,0.9881403223635438,0.13767037486601394,1.781738732328993e-28,0.24983836906599433
14197,ADS-USD,2024-07-12,0.3626432418823242,0.0013864051798439367,6.651035677006781e-11,1.5881694179487242e-11,0.7166774190219815,8.675966943635114e-09,1.898783971365542e-36,0.9948126562894257,9.336285472818665e-07,1.7515885981740544e-166,0.03375412686149791,0.9372122265980641,0.0,0.23599925619813028
650726,SAFE-USD,2024-07-12,0.06266449391841888,0.011260509165127086,0.0001484707596278846,2.833194713660374e-06,0.4201014959971034,0.0013657941023270414,6.382849265799794e-17,0.8842556341412475,0.013585500198106898,1.193073881937233e-75,0.07902469696576588,0.9761453495228127,0.0,0.2099428270187549
50345,APT-USD,2024-07-12,0.0005912136984989047,4.18221750386966e-06,4.528684874858374e-14,0.00019886295137993055,0.008391370134257968,3.1376804618194395e-12,0.0034021581805717947,0.8231909139317634,2.1902684932884948e-10,1.3355578310554635e-06,0.9826494294049741,1.602654293672246e-08,4.863206671759428e-40,0.15566241015544013
729495,TIA-USD,2024-07-12,0.005157146602869034,0.0017251284846906594,1.254041427850652e-07,1.7582863311253292e-11,0.19904553871927672,8.948922435657976e-06,1.2286863879081656e-35,0.4587553484185725,1.4846755022506121e-05,5.432265610275047e-161,3.070457036635234e-06,0.996661813068185,0.0,0.14660094421344252
9425,ACS-USD,2024-07-12,0.20802424848079681,1.0544609172154537e-05,1.8243922095035984e-17,7.944399902363243e-28,0.03439622977006477,1.1511777895549857e-14,3.338824845189717e-98,0.3907184610697675,5.412419123219837e-12,0.0,2.2962088667481465e-12,0.9999891076693455,0.0,0.1263875875631343
584322,PMG-USD,2024-07-12,0.0011904521379619837,0.0005126153060130627,1.08856913499832e-06,0.0017617010917021535,0.06232590164447421,1.1396122411296822e-05,0.0031734654863402635,0.6786129679484171,0.0001318802024113352,2.9154595991173175e-10,0.7116628041292882,0.004128921209262505,1.3229685840967002e-59,0.1254311505905473
799315,VINU-USD,2024-07-12,4.5804317778674886e-06,0.0008802027960388873,5.807452367886947e-05,1.7716982864570677e-05,0.06744284225386356,0.0005746458293837045,3.966163725355291e-11,0.5544879126509484,0.0043561814869071125,1.162855097893629e-47,0.07837887984737188,0.6923085693981429,3.6156534471814814e-294,0.12310151084519597
689170,SRBP-USD,2024-07-12,0.00012402668653521687,0.061025776967820536,0.0001911922582353997,4.063161563632649e-65,0.008764488808762539,0.0033089080785442277,4.037342432679278e-255,8.634257984979725e-08,0.038481031714957065,0.0,1.9047110682056666e-42,1.0,0.0,0.09952480819098088
681690,SOLS-USD,2024-07-12,0.004356208257377148,0.0003144644860699654,3.072062571145168e-07,3.1109240075564127e-31,0.002410368005604965,4.2197517106555546e-06,5.60747531504875e-114,0.0001854945230922866,5.467291704828834e-05,0.0,1.7595611153976172e-19,0.9999999999998561,0.0,0.0898009312195758
19592,AERO-USD,2024-07-12,0.00020640499133151025,0.0005840853184540984,5.5315695105013155e-09,9.874110397038757e-50,0.0007912720493134729,1.6084886253693822e-07,4.0398168066727207e-190,6.175131846251608e-07,2.5065058100960647e-06,0.0,3.4621432914521285e-32,1.0,0.0,0.08966137169751581
21952,AI-USD,2024-07-12,0.06197888404130936,0.00010044394310280545,7.066897567484547e-09,7.170488049209109e-39,0.0004374952189771234,1.1691029649633109e-07,1.5757509534309293e-144,4.475229088214439e-06,1.9040219910126919e-06,0.0,2.9295752282984287e-25,0.9999999999999998,0.0,0.08958778365931597
747806,TRIBL-USD,2024-07-12,0.37107986211776733,0.00016413975955986894,1.3177167195250813e-07,1.5849666521302584e-44,6.310280623713361e-05,8.170658748408401e-07,3.0352646699118083e-168,3.8066870249759236e-08,4.990878781068882e-06,0.0,7.884933127521586e-31,1.0,0.0,0.08956049355015804
90480,BEAT-USD,2024-07-12,0.005172397010028362,1.6730206985201545e-05,1.115283714874469e-09,1.0545715820639368e-50,8.09808242210202e-06,1.1784199190143354e-08,4.7831934877741906e-191,2.6193768423294267e-09,1.101317086054727e-07,0.0,6.647488573911715e-35,1.0,0.0,0.08954208940954485
789669,VAI-USD,2024-07-12,1.000368595123291,2.3529315488154757e-07,1.010385819468696e-10,6.458987805922854e-62,3.4148210071860035e-08,7.570397385410153e-10,4.6550597305542486e-232,6.94821073553479e-13,5.5813885687153595e-09,0.0,2.5788562877689284e-44,1.0,0.0,0.08953991104508686
46304,AOG-USD,2024-07-12,0.6815738081932068,8.93942901780425e-10,3.752549544574673e-15,9.883866446345546e-194,1.9208862607307495e-16,5.841656993592588e-14,0.0,9.452892396729909e-35,6.195789151930126e-13,0.0,1.3058000767157465e-138,1.0,0.0,0.08953988672585367
620290,RBP-USD,2024-07-12,1.1822544365713838e-05,6.519741879985147e-14,5.349505148853544e-20,4.476935819814694e-184,8.082656849166975e-22,7.697588108877525e-20,0.0,5.825602595405815e-40,9.989154119389774e-20,0.0,2.205683613344235e-137,1.0,0.0,0.08953988664672743
615612,QUICK-USD,2024-07-12,41.16302490234375,4.9004546851494246e-15,6.174114648453347e-20,2.1588799510290684e-179,1.6107703097361054e-23,1.572136041850675e-20,0.0,8.488345829513981e-42,1.1905797811560457e-20,0.0,2.625855356519666e-137,1.0,0.0,0.08953988664672209
713139,SWFTC-USD,2024-07-12,0.00427393289282918,0.0,0.0,0.0,0.0,0.0,0.0,0.0,0.0,0.0,0.0,1.0,0.0,0.08953988664672166
745970,TRB-USD,2024-07-12,73.90750122070312,0.0,0.0,0.0,0.0,0.0,0.0,0.0,0.0,0.0,0.0,1.0,0.0,0.08953988664672166
716423,SYLO-USD,2024-07-12,0.0010630239266902208,0.0,0.0,0.0,0.0,0.0,0.0,0.0,0.0,0.0,0.0,1.0,0.0,0.08953988664672166
714923,SXP-USD,2024-07-12,0.23421993851661682,0.0,0.0,0.0,0.0,0.0,0.0,0.0,0.0,0.0,0.0,1.0,0.0,0.08953988664672166
747166,TRIAS-USD,2024-07-12,5.980942249298096,0.0,0.0,0.0,0.0,0.0,0.0,0.0,0.0,0.0,0.0,1.0,0.0,0.08953988664672166
707407,SUSHI-USD,2024-07-12,0.6796237826347351,0.0,0.0,0.0,0.0,0.0,0.0,0.0,0.0,0.0,0.0,1.0,0.0,0.08953988664672166
748975,TRU-USD,2024-07-12,0.16648021340370178,6.5007956508214545e-168,6.39191820240181e-228,0.0,8.80250332010662e-291,1.9655423122469384e-235,0.0,0.0,1.7168480335360606e-244,0.0,0.0,1.0,0.0,0.08953988664672166
740780,TOWER-USD,2024-07-12,0.0043484726920723915,8.225715785615585e-181,3.2164820342929063e-249,0.0,0.0,8.498297937229169e-257,0.0,0.0,2.6257698464236603e-266,0.0,0.0,1.0,0.0,0.08953988664672166
710761,SWEAT-USD,2024-07-12,0.005992310121655464,0.0,0.0,0.0,0.0,0.0,0.0,0.0,0.0,0.0,0.0,1.0,0.0,0.08953988664672166
710090,SWASH-USD,2024-07-12,0.007465711794793606,0.0,0.0,0.0,0.0,0.0,0.0,0.0,0.0,0.0,0.0,1.0,0.0,0.08953988664672166
750032,TRVL-USD,2024-07-12,0.03071434050798416,0.0,0.0,0.0,0.0,0.0,0.0,0.0,0.0,0.0,0.0,1.0,0.0,0.08953988664672166
709103,SUTER-USD,2024-07-12,0.0001757051213644445,5.057522813884256e-29,5.841001043443489e-40,0.0,2.2383052588996925e-48,1.3301944303762721e-40,0.0,4.779321461688974e-90,1.7635044599467406e-41,0.0,1.142124234487107e-304,1.0,0.0,0.08953988664672166
743142,TRAC-USD,2024-07-12,0.6582778096199036,0.0,0.0,0.0,0.0,0.0,0.0,0.0,0.0,0.0,0.0,1.0,0.0,0.08953988664672166
737921,TOKO-USD,2024-07-12,0.0007204972207546234,7.546730847666983e-146,8.547414273447326e-200,0.0,2.362036713154341e-255,5.085145195679311e-206,0.0,0.0,1.159175877233294e-213,0.0,0.0,1.0,0.0,0.08953988664672166
739549,TON-USD,2024-07-12,1.1686586141586304,0.0,0.0,0.0,0.0,0.0,0.0,0.0,0.0,0.0,0.0,1.0,0.0,0.08953988664672166
726258,TFUEL-USD,2024-07-12,0.06768368929624557,0.0,0.0,0.0,0.0,0.0,0.0,0.0,0.0,0.0,0.0,1.0,0.0,0.08953988664672166
719258,SYS-USD,2024-07-12,0.10871469229459763,0.0,0.0,0.0,0.0,0.0,0.0,0.0,0.0,0.0,0.0,1.0,0.0,0.08953988664672166
736042,TLOS-USD,2024-07-12,0.217623770236969,0.0,0.0,0.0,0.0,0.0,0.0,0.0,0.0,0.0,0.0,1.0,0.0,0.08953988664672166
720143,T-USD,2024-07-12,0.020833035930991173,0.0,0.0,0.0,0.0,0.0,0.0,0.0,0.0,0.0,0.0,1.0,0.0,0.08953988664672166
734282,TLM-USD,2024-07-12,0.010645057074725628,0.0,0.0,0.0,0.0,0.0,0.0,0.0,0.0,0.0,0.0,1.0,0.0,0.08953988664672166
721537,TARA-USD,2024-07-12,0.005511768627911806,1.321443606419411e-301,0.0,0.0,0.0,0.0,0.0,0.0,0.0,0.0,0.0,1.0,0.0,0.08953988664672166
723909,TEL-USD,2024-07-12,0.0020322606433182955,0.0,0.0,0.0,0.0,0.0,0.0,0.0,0.0,0.0,0.0,1.0,0.0,0.08953988664672166
733088,TIME-USD,2024-07-12,20.926164627075195,0.0,0.0,0.0,0.0,0.0,0.0,0.0,0.0,0.0,0.0,1.0,0.0,0.08953988664672166
730702,TIDAL-USD,2024-07-12,0.00018780585378408432,9.098573286759149e-93,7.942784274650416e-128,0.0,1.734310102015108e-156,4.911795010643984e-131,0.0,2.199749993208552e-290,3.9884382183234094e-135,0.0,0.0,1.0,0.0,0.08953988664672166
724323,TENET-USD,2024-07-12,0.009323211386799812,0.0,0.0,0.0,0.0,0.0,0.0,0.0,0.0,0.0,0.0,1.0,0.0,0.08953988664672166
728628,THETA-USD,2024-07-12,1.4109019041061401,0.0,0.0,0.0,0.0,0.0,0.0,0.0,0.0,0.0,0.0,1.0,0.0,0.08953988664672166
697142,STRAX-USD,2024-07-12,0.047212038189172745,1.7869317181628404e-95,3.401422089417292e-130,0.0,3.449954822685075e-165,7.976371210793588e-134,0.0,0.0,1.843618792747021e-138,0.0,0.0,1.0,0.0,0.08953988664672166
704279,SUN-USD,2024-07-12,0.011585812084376812,0.0,0.0,0.0,0.0,0.0,0.0,0.0,0.0,0.0,0.0,1.0,0.0,0.08953988664672166
703160,SUKU-USD,2024-07-12,0.07427522540092468,0.0,0.0,0.0,0.0,0.0,0.0,0.0,0.0,0.0,0.0,1.0,0.0,0.08953988664672166
669022,SIDUS-USD,2024-07-12,0.003634285880252719,0.0,0.0,0.0,0.0,0.0,0.0,0.0,0.0,0.0,0.0,1.0,0.0,0.08953988664672166
667584,SHR-USD,2024-07-12,0.0018176164012402296,1.8754969345490633e-188,2.506079864167176e-256,0.0,0.0,7.290632970560726e-265,0.0,0.0,3.5265372921043446e-275,0.0,0.0,1.0,0.0,0.08953988664672166
665892,SHILL-USD,2024-07-12,0.0031878759618848562,0.0,0.0,0.0,0.0,0.0,0.0,0.0,0.0,0.0,0.0,1.0,0.0,0.08953988664672166
664914,SHIB-USD,2024-07-12,1.7095038856496103e-05,0.0,0.0,0.0,0.0,0.0,0.0,0.0,0.0,0.0,0.0,1.0,0.0,0.08953988664672166
662309,SFP-USD,2024-07-12,0.7638942003250122,0.0,0.0,0.0,0.0,0.0,0.0,0.0,0.0,0.0,0.0,1.0,0.0,0.08953988664672166
661057,SENSO-USD,2024-07-12,0.0372922383248806,9.159800250333153e-286,0.0,0.0,0.0,0.0,0.0,0.0,0.0,0.0,0.0,1.0,0.0,0.08953988664672166
659525,SEI-USD,2024-07-12,0.31350836157798767,0.0,0.0,0.0,0.0,0.0,0.0,0.0,0.0,0.0,0.0,1.0,0.0,0.08953988664672166
659194,SEAM-USD,2024-07-12,2.510561466217041,1.150116499269861e-239,0.0,0.0,0.0,0.0,0.0,0.0,0.0,0.0,0.0,1.0,0.0,0.08953988664672166
658978,SDAO-USD,2024-07-12,0.3622264266014099,0.0,0.0,0.0,0.0,0.0,0.0,0.0,0.0,0.0,0.0,1.0,0.0,0.08953988664672166
657828,SD-USD,2024-07-12,0.645230233669281,0.0,0.0,0.0,0.0,0.0,0.0,0.0,0.0,0.0,0.0,1.0,0.0,0.08953988664672166
656844,SCRT-USD,2024-07-12,0.2352391928434372,0.0,0.0,0.0,0.0,0.0,0.0,0.0,0.0,0.0,0.0,1.0,0.0,0.08953988664672166
655461,SCPT-USD,2024-07-12,0.013601555489003658,0.0,0.0,0.0,0.0,0.0,0.0,0.0,0.0,0.0,0.0,1.0,0.0,0.08953988664672166
655255,SCLP-USD,2024-07-12,0.1847550868988037,0.0,0.0,0.0,0.0,0.0,0.0,0.0,0.0,0.0,0.0,1.0,0.0,0.08953988664672166
652156,SAND-USD,2024-07-12,0.3166186809539795,0.0,0.0,0.0,0.0,0.0,0.0,0.0,0.0,0.0,0.0,1.0,0.0,0.08953988664672166
648781,RVN-USD,2024-07-12,0.017765190452337265,0.0,0.0,0.0,0.0,0.0,0.0,0.0,0.0,0.0,0.0,1.0,0.0,0.08953988664672166
646463,RUNE-USD,2024-07-12,3.6535017490386963,0.0,0.0,0.0,0.0,0.0,0.0,0.0,0.0,0.0,0.0,1.0,0.0,0.08953988664672166
644645,RSR-USD,2024-07-12,0.0045670331455767155,0.0,0.0,0.0,0.0,0.0,0.0,0.0,0.0,0.0,0.0,1.0,0.0,0.08953988664672166
669228,SILLY-USD,2024-07-12,0.013257933780550957,0.0,0.0,0.0,0.0,0.0,0.0,0.0,0.0,0.0,0.0,1.0,0.0,0.08953988664672166
672404,SKEY-USD,2024-07-12,0.021679921075701714,0.0,0.0,0.0,0.0,0.0,0.0,0.0,0.0,0.0,0.0,1.0,0.0,0.08953988664672166
673724,SKL-USD,2024-07-12,0.04286668822169304,0.0,0.0,0.0,0.0,0.0,0.0,0.0,0.0,0.0,0.0,1.0,0.0,0.08953988664672166
691470,STND-USD,2024-07-12,0.02213495597243309,0.0,0.0,0.0,0.0,0.0,0.0,0.0,0.0,0.0,0.0,1.0,0.0,0.08953988664672166
701720,SUIP-USD,2024-07-12,0.0334293507039547,0.0,0.0,0.0,0.0,0.0,0.0,0.0,0.0,0.0,0.0,1.0,0.0,0.08953988664672166
701293,SUIA-USD,2024-07-12,0.061639755964279175,3.906950936296416e-298,0.0,0.0,0.0,0.0,0.0,0.0,0.0,0.0,0.0,1.0,0.0,0.08953988664672166
700063,STX-USD,2024-07-12,0.0064489757642149925,1.39686337469908e-34,9.841512775092528e-52,0.0,3.871096878612275e-55,2.0971336611771163e-51,0.0,1.4924280223718163e-101,1.500283515450105e-51,0.0,0.0,1.0,0.0,0.08953988664672166
698342,STRK-USD,2024-07-12,7.067498683929443,0.0,0.0,0.0,0.0,0.0,0.0,0.0,0.0,0.0,0.0,1.0,0.0,0.08953988664672166
753482,TSUGT-USD,2024-07-12,0.010859127156436443,0.0,0.0,0.0,0.0,0.0,0.0,0.0,0.0,0.0,0.0,1.0,0.0,0.08953988664672166
694756,STORJ-USD,2024-07-12,0.3996242880821228,0.0,0.0,0.0,0.0,0.0,0.0,0.0,0.0,0.0,0.0,1.0,0.0,0.08953988664672166
692370,STORE-USD,2024-07-12,0.007371331565082073,0.0,0.0,0.0,0.0,0.0,0.0,0.0,0.0,0.0,0.0,1.0,0.0,0.08953988664672166
690166,SSV-USD,2024-07-12,32.70075607299805,0.0,0.0,0.0,0.0,0.0,0.0,0.0,0.0,0.0,0.0,1.0,0.0,0.08953988664672166
674863,SLIM-USD,2024-07-12,0.1258193701505661,0.0,0.0,0.0,0.0,0.0,0.0,0.0,0.0,0.0,0.0,1.0,0.0,0.08953988664672166
688250,SPOT-USD,2024-07-12,1.2489945888519287,3.1667764912649084e-28,1.25522514232414e-41,0.0,8.277586334924505e-46,5.185929150679554e-41,0.0,7.7633212633780385e-87,8.749422295010285e-41,0.0,5.233347110489758e-305,1.0,0.0,0.08953988664672166
687683,SPA-USD,2024-07-12,0.008630145341157913,0.0,0.0,0.0,0.0,0.0,0.0,0.0,0.0,0.0,0.0,1.0,0.0,0.08953988664672166
686265,SOUL-USD,2024-07-12,0.09812738746404648,0.0,0.0,0.0,0.0,0.0,0.0,0.0,0.0,0.0,0.0,1.0,0.0,0.08953988664672166
681476,SOL-USD,2024-07-12,139.89015197753906,0.0,0.0,0.0,0.0,0.0,0.0,0.0,0.0,0.0,0.0,1.0,0.0,0.08953988664672166
679920,SNX-USD,2024-07-12,1.6688525676727295,0.0,0.0,0.0,0.0,0.0,0.0,0.0,0.0,0.0,0.0,1.0,0.0,0.08953988664672166
677606,SNS-USD,2024-07-12,0.020546844229102135,0.0,0.0,0.0,0.0,0.0,0.0,0.0,0.0,0.0,0.0,1.0,0.0,0.08953988664672166
676472,SLP-USD,2024-07-12,0.0026972841005772352,0.0,0.0,0.0,0.0,0.0,0.0,0.0,0.0,0.0,0.0,1.0,0.0,0.08953988664672166
752418,TRX-USD,2024-07-12,0.14089669287204742,0.0,0.0,0.0,0.0,0.0,0.0,0.0,0.0,0.0,0.0,1.0,0.0,0.08953988664672166
205,1CAT-USD,2024-07-12,0.0023525930009782314,0.0,0.0,0.0,0.0,0.0,0.0,0.0,0.0,0.0,0.0,1.0,0.0,0.08953988664672166
755374,TT-USD,2024-07-12,0.0032628995832055807,0.0,0.0,0.0,0.0,0.0,0.0,0.0,0.0,0.0,0.0,1.0,0.0,0.08953988664672166
842235,XDB-USD,2024-07-12,0.0003183043154422194,0.0,0.0,0.0,0.0,0.0,0.0,0.0,0.0,0.0,0.0,1.0,0.0,0.08953988664672166
854608,XMR-USD,2024-07-12,157.1823272705078,0.0,0.0,0.0,0.0,0.0,0.0,0.0,0.0,0.0,0.0,1.0,0.0,0.08953988664672166
852222,XLM-USD,2024-07-12,0.10412823408842087,0.0,0.0,0.0,0.0,0.0,0.0,0.0,0.0,0.0,0.0,1.0,0.0,0.08953988664672166
849620,XEN-USD,2024-07-12,9.133702860708581e-08,0.0,0.0,0.0,0.0,0.0,0.0,0.0,0.0,0.0,0.0,1.0,0.0,0.08953988664672166
848976,XEM-USD,2024-07-12,0.013565468601882458,0.0,0.0,0.0,0.0,0.0,0.0,0.0,0.0,0.0,0.0,1.0,0.0,0.08953988664672166
846590,XEC-USD,2024-07-12,3.0664599762531e-05,0.0,0.0,0.0,0.0,0.0,0.0,0.0,0.0,0.0,0.0,1.0,0.0,0.08953988664672166
845488,XDEFI-USD,2024-07-12,0.06694214791059494,0.0,0.0,0.0,0.0,0.0,0.0,0.0,0.0,0.0,0.0,1.0,0.0,0.08953988664672166
844519,XDC-USD,2024-07-12,0.030788719654083252,0.0,0.0,0.0,0.0,0.0,0.0,0.0,0.0,0.0,0.0,1.0,0.0,0.08953988664672166
840469,XCV-USD,2024-07-12,0.001341029186733067,1.1756287291666678e-196,4.086423495089663e-267,0.0,0.0,2.9537931515469423e-276,0.0,0.0,2.669254415089393e-287,0.0,0.0,1.0,0.0,0.08953988664672166
858025,XNO-USD,2024-07-12,0.8507780432701111,0.0,0.0,0.0,0.0,0.0,0.0,0.0,0.0,0.0,0.0,1.0,0.0,0.08953988664672166
839471,XCUR-USD,2024-07-12,0.011282233521342278,4.4667594314923045e-205,3.685747606941881e-279,0.0,0.0,3.0037026288573438e-288,0.0,0.0,1.94644463157725e-299,0.0,0.0,1.0,0.0,0.08953988664672166
835773,XCH-USD,2024-07-12,19.627763748168945,0.0,0.0,0.0,0.0,0.0,0.0,0.0,0.0,0.0,0.0,1.0,0.0,0.08953988664672166
834605,XCAD-USD,2024-07-12,0.44949638843536377,0.0,0.0,0.0,0.0,0.0,0.0,0.0,0.0,0.0,0.0,1.0,0.0,0.08953988664672166
833461,XAVA-USD,2024-07-12,0.46526703238487244,0.0,0.0,0.0,0.0,0.0,0.0,0.0,0.0,0.0,0.0,1.0,0.0,0.08953988664672166
832304,XAI-USD,2024-07-12,0.1641773134469986,5.870246193805396e-34,8.699128978036961e-49,0.0,9.171916569500268e-56,4.226846603583954e-49,0.0,1.2929490371478593e-103,9.930046732888619e-50,0.0,0.0,1.0,0.0,0.08953988664672166
831218,WRX-USD,2024-07-12,0.14868514239788055,0.0,0.0,0.0,0.0,0.0,0.0,0.0,0.0,0.0,0.0,1.0,0.0,0.08953988664672166
829389,WOOP-USD,2024-07-12,0.0026373853906989098,3.683889827395525e-65,1.5083894248007272e-98,0.0,6.41092146042043e-108,2.0503532747101045e-98,0.0,1.3303766795337767e-202,4.4767019120087296e-99,0.0,0.0,1.0,0.0,0.08953988664672166
855639,XNL-USD,2024-07-12,0.008053852245211601,8.20900687060835e-213,5.933193280716786e-293,0.0,0.0,8.689994662191358e-302,0.0,0.0,0.0,0.0,0.0,1.0,0.0,0.08953988664672166
859585,XPR-USD,2024-07-12,0.0009603242506273091,0.0,0.0,0.0,0.0,0.0,0.0,0.0,0.0,0.0,0.0,1.0,0.0,0.08953988664672166
826827,WOMBAT-USD,2024-07-12,0.0006333737401291728,1.0959668182955062e-58,2.4105972679566375e-82,0.0,1.0852980666043442e-103,3.8690496763263684e-84,0.0,5.726025238096666e-199,1.271042600741085e-86,0.0,0.0,1.0,0.0,0.08953988664672166
875631,YGG-USD,2024-07-12,0.4520847201347351,0.0,0.0,0.0,0.0,0.0,0.0,0.0,0.0,0.0,0.0,1.0,0.0,0.08953988664672166
888029,ZIL-USD,2024-07-12,0.016214368864893913,0.0,0.0,0.0,0.0,0.0,0.0,0.0,0.0,0.0,0.0,1.0,0.0,0.08953988664672166
884653,ZETA-USD,2024-07-12,0.6409860253334045,0.0,0.0,0.0,0.0,0.0,0.0,0.0,0.0,0.0,0.0,1.0,0.0,0.08953988664672166
883294,ZEN-USD,2024-07-12,10.808342933654785,0.0,0.0,0.0,0.0,0.0,0.0,0.0,0.0,0.0,0.0,1.0,0.0,0.08953988664672166
880908,ZELIX-USD,2024-07-12,9.035523544298485e-05,0.0,0.0,0.0,0.0,0.0,0.0,0.0,0.0,0.0,0.0,1.0,0.0,0.08953988664672166
880664,ZEE-USD,2024-07-12,0.013186566531658173,0.0,0.0,0.0,0.0,0.0,0.0,0.0,0.0,0.0,0.0,1.0,0.0,0.08953988664672166
879300,ZEC-USD,2024-07-12,26.658302307128906,0.0,0.0,0.0,0.0,0.0,0.0,0.0,0.0,0.0,0.0,1.0,0.0,0.08953988664672166
876914,ZCX-USD,2024-07-12,0.10052765160799026,0.0,0.0,0.0,0.0,0.0,0.0,0.0,0.0,0.0,0.0,1.0,0.0,0.08953988664672166
874549,YFI-USD,2024-07-12,5753.9521484375,0.0,0.0,0.0,0.0,0.0,0.0,0.0,0.0,0.0,0.0,1.0,0.0,0.08953988664672166
860785,XPRT-USD,2024-07-12,0.18544334173202515,0.0,0.0,0.0,0.0,0.0,0.0,0.0,0.0,0.0,0.0,1.0,0.0,0.08953988664672166
873094,XYO-USD,2024-07-12,0.005786236375570297,0.0,0.0,0.0,0.0,0.0,0.0,0.0,0.0,0.0,0.0,1.0,0.0,0.08953988664672166
870849,XYM-USD,2024-07-12,0.017529627308249474,0.0,0.0,0.0,0.0,0.0,0.0,0.0,0.0,0.0,0.0,1.0,0.0,0.08953988664672166
869636,XWG-USD,2024-07-12,0.0005626638885587454,3.836590762756389e-222,1.7869070328443457e-302,0.0,0.0,0.0,0.0,0.0,0.0,0.0,0.0,1.0,0.0,0.08953988664672166
866187,XTM-USD,2024-07-12,0.03493347764015198,0.0,0.0,0.0,0.0,0.0,0.0,0.0,0.0,0.0,0.0,1.0,0.0,0.08953988664672166
865159,XTAG-USD,2024-07-12,0.01937236823141575,1.573554123686484e-158,1.2588530197244675e-216,0.0,2.5914064284903846e-276,2.7784559496418764e-223,0.0,0.0,1.4912793504233893e-231,0.0,0.0,1.0,0.0,0.08953988664672166
864202,XRP-USD,2024-07-12,0.5413134694099426,0.0,0.0,0.0,0.0,0.0,0.0,0.0,0.0,0.0,0.0,1.0,0.0,0.08953988664672166
861816,XRD-USD,2024-07-12,0.027607722207903862,0.0,0.0,0.0,0.0,0.0,0.0,0.0,0.0,0.0,0.0,1.0,0.0,0.08953988664672166
828181,WOO-USD,2024-07-12,0.19044917821884155,0.0,0.0,0.0,0.0,0.0,0.0,0.0,0.0,0.0,0.0,1.0,0.0,0.08953988664672166
826111,WMT-USD,2024-07-12,0.23403982818126678,0.0,0.0,0.0,0.0,0.0,0.0,0.0,0.0,0.0,0.0,1.0,0.0,0.08953988664672166
756910,TURBOS-USD,2024-07-12,0.0013728736666962504,0.0,0.0,0.0,0.0,0.0,0.0,0.0,0.0,0.0,0.0,1.0,0.0,0.08953988664672166
775331,UPO-USD,2024-07-12,0.06297808140516281,0.0,0.0,0.0,0.0,0.0,0.0,0.0,0.0,0.0,0.0,1.0,0.0,0.08953988664672166
788349,UTK-USD,2024-07-12,0.05164063349366188,0.0,0.0,0.0,0.0,0.0,0.0,0.0,0.0,0.0,0.0,1.0,0.0,0.08953988664672166
785963,USTC-USD,2024-07-12,0.016550514847040176,0.0,0.0,0.0,0.0,0.0,0.0,0.0,0.0,0.0,0.0,1.0,0.0,0.08953988664672166
784636,USDP-USD,2024-07-12,0.9994570016860962,0.0,0.0,0.0,0.0,0.0,0.0,0.0,0.0,0.0,0.0,1.0,0.0,0.08953988664672166
782519,USDJ-USD,2024-07-12,1.078062891960144,0.0,0.0,0.0,0.0,0.0,0.0,0.0,0.0,0.0,0.0,1.0,0.0,0.08953988664672166
780627,USDD-USD,2024-07-12,0.9988002181053162,0.0,0.0,0.0,0.0,0.0,0.0,0.0,0.0,0.0,0.0,1.0,0.0,0.08953988664672166
779823,USDC-USD,2024-07-12,1.0000860691070557,0.0,0.0,0.0,0.0,0.0,0.0,0.0,0.0,0.0,0.0,1.0,0.0,0.08953988664672166
777717,UQC-USD,2024-07-12,7.014181137084961,0.0,0.0,0.0,0.0,0.0,0.0,0.0,0.0,0.0,0.0,1.0,0.0,0.08953988664672166
774502,UOS-USD,2024-07-12,0.10245370864868164,0.0,0.0,0.0,0.0,0.0,0.0,0.0,0.0,0.0,0.0,1.0,0.0,0.08953988664672166
791335,VEGA-USD,2024-07-12,0.23173123598098755,3.112593568546856e-273,0.0,0.0,0.0,0.0,0.0,0.0,0.0,0.0,0.0,1.0,0.0,0.08953988664672166
640625,RPK-USD,2024-07-12,0.004692059941589832,0.0,0.0,0.0,0.0,0.0,0.0,0.0,0.0,0.0,0.0,1.0,0.0,0.08953988664672166
768577,UNFI-USD,2024-07-12,3.699152946472168,0.0,0.0,0.0,0.0,0.0,0.0,0.0,0.0,0.0,0.0,1.0,0.0,0.08953988664672166
767245,UNB-USD,2024-07-12,0.0005763283697888255,2.414695678741286e-134,8.394599068480409e-187,0.0,1.0923783428930509e-237,8.123258602698681e-192,0.0,0.0,2.0144311421563573e-198,0.0,0.0,1.0,0.0,0.08953988664672166
766270,UMA-USD,2024-07-12,2.0883121490478516,0.0,0.0,0.0,0.0,0.0,0.0,0.0,0.0,0.0,0.0,1.0,0.0,0.08953988664672166
762024,TXA-USD,2024-07-12,0.007116355933248997,2.5263704314705667e-56,1.3870097222082157e-78,0.0,2.141810127815411e-96,2.4559711394423235e-80,0.0,4.2527598652107693e-181,1.1668676059278301e-82,0.0,0.0,1.0,0.0,0.08953988664672166
760962,TWT-USD,2024-07-12,1.0107113122940063,0.0,0.0,0.0,0.0,0.0,0.0,0.0,0.0,0.0,0.0,1.0,0.0,0.08953988664672166
759517,TUSD-USD,2024-07-12,0.999279260635376,0.0,0.0,0.0,0.0,0.0,0.0,0.0,0.0,0.0,0.0,1.0,0.0,0.08953988664672166
789905,VANRY-USD,2024-07-12,0.11197976022958755,0.0,0.0,0.0,0.0,0.0,0.0,0.0,0.0,0.0,0.0,1.0,0.0,0.08953988664672166
792727,VELO-USD,2024-07-12,0.009020024910569191,0.0,0.0,0.0,0.0,0.0,0.0,0.0,0.0,0.0,0.0,1.0,0.0,0.08953988664672166
825115,WLKN-USD,2024-07-12,0.002352807205170393,0.0,0.0,0.0,0.0,0.0,0.0,0.0,0.0,0.0,0.0,1.0,0.0,0.08953988664672166
815201,WBTC-USD,2024-07-12,58690.19921875,0.0,0.0,0.0,0.0,0.0,0.0,0.0,0.0,0.0,0.0,1.0,0.0,0.08953988664672166
824361,WLD-USD,2024-07-12,1.8140912055969238,0.0,0.0,0.0,0.0,0.0,0.0,0.0,0.0,0.0,0.0,1.0,0.0,0.08953988664672166
823511,WIN-USD,2024-07-12,8.711293048691005e-05,0.0,0.0,0.0,0.0,0.0,0.0,0.0,0.0,0.0,0.0,1.0,0.0,0.08953988664672166
821702,WILD-USD,2024-07-12,0.33449703454971313,0.0,0.0,0.0,0.0,0.0,0.0,0.0,0.0,0.0,0.0,1.0,0.0,0.08953988664672166
820542,WIF-USD,2024-07-12,1.5925133228302002,0.0,0.0,0.0,0.0,0.0,0.0,0.0,0.0,0.0,0.0,1.0,0.0,0.08953988664672166
820334,WHALE-USD,2024-07-12,0.5303924679756165,7.149695107911667e-183,8.474733914983238e-251,0.0,0.0,1.1458685436465657e-258,0.0,0.0,2.0013791585766715e-268,0.0,0.0,1.0,0.0,0.08953988664672166
819279,WEST-USD,2024-07-12,0.03545645624399185,1.5885846862850297e-67,1.4285304042191759e-94,0.0,1.851120774852289e-120,2.6445812622827253e-96,0.0,1.4886986772946492e-233,1.0658993637974745e-98,0.0,0.0,1.0,0.0,0.08953988664672166
817227,WEMIX-USD,2024-07-12,1.2387911081314087,0.0,0.0,0.0,0.0,0.0,0.0,0.0,0.0,0.0,0.0,1.0,0.0,0.08953988664672166
813209,WAVES-USD,2024-07-12,0.947239339351654,0.0,0.0,0.0,0.0,0.0,0.0,0.0,0.0,0.0,0.0,1.0,0.0,0.08953988664672166
793774,VEMP-USD,2024-07-12,0.0047759548760950565,0.0,0.0,0.0,0.0,0.0,0.0,0.0,0.0,0.0,0.0,1.0,0.0,0.08953988664672166
810692,VXV-USD,2024-07-12,0.34194791316986084,5.608089199622216e-153,3.447003863348351e-215,0.0,2.9921354726513983e-269,3.685870454020793e-220,0.0,0.0,8.333771181344577e-227,0.0,0.0,1.0,0.0,0.08953988664672166
809008,VSYS-USD,2024-07-12,0.0004376305441837758,0.0,0.0,0.0,0.0,0.0,0.0,0.0,0.0,0.0,0.0,1.0,0.0,0.08953988664672166
807050,VRTX-USD,2024-07-12,0.14149703085422516,0.0,0.0,0.0,0.0,0.0,0.0,0.0,0.0,0.0,0.0,1.0,0.0,0.08953988664672166
806815,VRA-USD,2024-07-12,0.003294664202257991,0.0,0.0,0.0,0.0,0.0,0.0,0.0,0.0,0.0,0.0,1.0,0.0,0.08953988664672166
804886,VR-USD,2024-07-12,0.0075578209944069386,0.0,0.0,0.0,0.0,0.0,0.0,0.0,0.0,0.0,0.0,1.0,0.0,0.08953988664672166
803931,VOXEL-USD,2024-07-12,0.14490851759910583,0.0,0.0,0.0,0.0,0.0,0.0,0.0,0.0,0.0,0.0,1.0,0.0,0.08953988664672166
797075,VET-USD,2024-07-12,0.028871651738882065,0.0,0.0,0.0,0.0,0.0,0.0,0.0,0.0,0.0,0.0,1.0,0.0,0.08953988664672166
642767,RPL-USD,2024-07-12,16.035694122314453,0.0,0.0,0.0,0.0,0.0,0.0,0.0,0.0,0.0,0.0,1.0,0.0,0.08953988664672166
630582,RFD-USD,2024-07-12,4.96563689011964e-06,0.0,0.0,0.0,0.0,0.0,0.0,0.0,0.0,0.0,0.0,1.0,0.0,0.08953988664672166
640382,ROUTE-USD,2024-07-12,2.845790147781372,0.0,0.0,0.0,0.0,0.0,0.0,0.0,0.0,0.0,0.0,1.0,0.0,0.08953988664672166
116631,BOLT-USD,2024-07-12,0.007064710836857557,3.212820791417081e-172,7.462807113207998e-234,0.0,3.4692748631136167e-298,1.4913509920669174e-241,0.0,0.0,7.694674680950342e-251,0.0,0.0,1.0,0.0,0.08953988664672166
110084,BNB-USD,2024-07-12,529.6575317382812,0.0,0.0,0.0,0.0,0.0,0.0,0.0,0.0,0.0,0.0,1.0,0.0,0.08953988664672166
107698,BMX-USD,2024-07-12,0.4045634865760803,0.0,0.0,0.0,0.0,0.0,0.0,0.0,0.0,0.0,0.0,1.0,0.0,0.08953988664672166
105505,BLZ-USD,2024-07-12,0.1819920837879181,0.0,0.0,0.0,0.0,0.0,0.0,0.0,0.0,0.0,0.0,1.0,0.0,0.08953988664672166
103155,BLUR-USD,2024-07-12,0.1685486137866974,0.0,0.0,0.0,0.0,0.0,0.0,0.0,0.0,0.0,0.0,1.0,0.0,0.08953988664672166
102639,BLOK-USD,2024-07-12,0.0009147220989689231,0.0,0.0,0.0,0.0,0.0,0.0,0.0,0.0,0.0,0.0,1.0,0.0,0.08953988664672166
97869,BIIS-USD,2024-07-12,0.003670761827379465,2.7882028289111444e-110,8.853857863536486e-153,0.0,9.602376883518468e-196,1.0184348650300451e-156,0.0,0.0,7.853049285755276e-162,0.0,0.0,1.0,0.0,0.08953988664672166
97661,BIGTIME-USD,2024-07-12,0.1008121594786644,0.0,0.0,0.0,0.0,0.0,0.0,0.0,0.0,0.0,0.0,1.0,0.0,0.08953988664672166
97384,BIFI-USD,2024-07-12,0.0005105402669869363,2.9431903247567083e-24,1.7867132132758065e-33,0.0,2.8115126631227197e-42,1.2346154298431941e-33,0.0,3.436263736876913e-82,5.570566117834551e-34,0.0,1.467401630294251e-291,1.0,0.0,0.08953988664672166
95206,BICO-USD,2024-07-12,0.29448166489601135,0.0,0.0,0.0,0.0,0.0,0.0,0.0,0.0,0.0,0.0,1.0,0.0,0.08953988664672166
93740,BEPRO-USD,2024-07-12,0.0005395528278313577,0.0,0.0,0.0,0.0,0.0,0.0,0.0,0.0,0.0,0.0,1.0,0.0,0.08953988664672166
89875,BDX-USD,2024-07-12,0.05041749030351639,0.0,0.0,0.0,0.0,0.0,0.0,0.0,0.0,0.0,0.0,1.0,0.0,0.08953988664672166
87866,BCH-USD,2024-07-12,376.5772399902344,0.0,0.0,0.0,0.0,0.0,0.0,0.0,0.0,0.0,0.0,1.0,0.0,0.08953988664672166
84456,BAX-USD,2024-07-12,8.71527154231444e-05,8.608389142954746e-48,1.5460009992378917e-65,0.0,1.0633397609787374e-79,6.601526109345815e-67,0.0,1.2058598782194294e-147,1.1681189363664222e-68,0.0,0.0,1.0,0.0,0.08953988664672166
82137,BAT-USD,2024-07-12,0.18431636691093445,0.0,0.0,0.0,0.0,0.0,0.0,0.0,0.0,0.0,0.0,1.0,0.0,0.08953988664672166
79751,BAND-USD,2024-07-12,1.06240713596344,0.0,0.0,0.0,0.0,0.0,0.0,0.0,0.0,0.0,0.0,1.0,0.0,0.08953988664672166
77990,BAL-USD,2024-07-12,2.542971134185791,0.0,0.0,0.0,0.0,0.0,0.0,0.0,0.0,0.0,0.0,1.0,0.0,0.08953988664672166
75381,AZERO-USD,2024-07-12,0.4852806329727173,0.0,0.0,0.0,0.0,0.0,0.0,0.0,0.0,0.0,0.0,1.0,0.0,0.08953988664672166
114704,BOBA-USD,2024-07-12,0.2467520833015442,0.0,0.0,0.0,0.0,0.0,0.0,0.0,0.0,0.0,0.0,1.0,0.0,0.08953988664672166
118110,BOND-USD,2024-07-12,1.7871346473693848,0.0,0.0,0.0,0.0,0.0,0.0,0.0,0.0,0.0,0.0,1.0,0.0,0.08953988664672166
73134,AVAX-USD,2024-07-12,25.763484954833984,0.0,0.0,0.0,0.0,0.0,0.0,0.0,0.0,0.0,0.0,1.0,0.0,0.08953988664672166
119416,BONDLY-USD,2024-07-12,0.002853765618056059,1.7273815219569e-45,8.00568384303062e-68,0.0,5.823289358474074e-76,6.659046073183991e-68,0.0,2.946904449181186e-143,1.4418346294589075e-68,0.0,0.0,1.0,0.0,0.08953988664672166
146741,CETUS-USD,2024-07-12,0.06108151003718376,0.0,0.0,0.0,0.0,0.0,0.0,0.0,0.0,0.0,0.0,1.0,0.0,0.08953988664672166
146313,CERE-USD,2024-07-12,0.003440772881731391,0.0,0.0,0.0,0.0,0.0,0.0,0.0,0.0,0.0,0.0,1.0,0.0,0.08953988664672166
145334,CELR-USD,2024-07-12,0.013481199741363525,0.0,0.0,0.0,0.0,0.0,0.0,0.0,0.0,0.0,0.0,1.0,0.0,0.08953988664672166
143396,CELO-USD,2024-07-12,0.5339213609695435,0.0,0.0,0.0,0.0,0.0,0.0,0.0,0.0,0.0,0.0,1.0,0.0,0.08953988664672166
141882,CEEK-USD,2024-07-12,0.040478505194187164,0.0,0.0,0.0,0.0,0.0,0.0,0.0,0.0,0.0,0.0,1.0,0.0,0.08953988664672166
139657,CCD-USD,2024-07-12,0.0027104339096695185,0.0,0.0,0.0,0.0,0.0,0.0,0.0,0.0,0.0,0.0,1.0,0.0,0.08953988664672166
138777,CAS-USD,2024-07-12,0.003910873085260391,6.237544820393651e-256,0.0,0.0,0.0,0.0,0.0,0.0,0.0,0.0,0.0,1.0,0.0,0.08953988664672166
136154,CAKE-USD,2024-07-12,1.8850771188735962,0.0,0.0,0.0,0.0,0.0,0.0,0.0,0.0,0.0,0.0,1.0,0.0,0.08953988664672166
134770,C98-USD,2024-07-12,0.15882283449172974,0.0,0.0,0.0,0.0,0.0,0.0,0.0,0.0,0.0,0.0,1.0,0.0,0.08953988664672166
133684,BURGER-USD,2024-07-12,0.4005793631076813,0.0,0.0,0.0,0.0,0.0,0.0,0.0,0.0,0.0,0.0,1.0,0.0,0.08953988664672166
131383,BTT-USD,2024-07-12,8.143125569404219e-07,0.0,0.0,0.0,0.0,0.0,0.0,0.0,0.0,0.0,0.0,1.0,0.0,0.08953988664672166
126785,BTC-USD,2024-07-12,58594.75,0.0,0.0,0.0,0.0,0.0,0.0,0.0,0.0,0.0,0.0,1.0,0.0,0.08953988664672166
124399,BSW-USD,2024-07-12,0.060690995305776596,0.0,0.0,0.0,0.0,0.0,0.0,0.0,0.0,0.0,0.0,1.0,0.0,0.08953988664672166
123291,BRWL-USD,2024-07-12,0.006990379188209772,0.0,0.0,0.0,0.0,0.0,0.0,0.0,0.0,0.0,0.0,1.0,0.0,0.08953988664672166
122454,BRISE-USD,2024-07-12,1.263005486862312e-07,0.0,0.0,0.0,0.0,0.0,0.0,0.0,0.0,0.0,0.0,1.0,0.0,0.08953988664672166
121170,BOSON-USD,2024-07-12,0.3240969777107239,0.0,0.0,0.0,0.0,0.0,0.0,0.0,0.0,0.0,0.0,1.0,0.0,0.08953988664672166
119978,BONK-USD,2024-07-12,2.224148192908615e-05,0.0,0.0,0.0,0.0,0.0,0.0,0.0,0.0,0.0,0.0,1.0,0.0,0.08953988664672166
74482,AXS-USD,2024-07-12,5.5710368156433105,0.0,0.0,0.0,0.0,0.0,0.0,0.0,0.0,0.0,0.0,1.0,0.0,0.08953988664672166
71741,AVA-USD,2024-07-12,0.6296983957290649,0.0,0.0,0.0,0.0,0.0,0.0,0.0,0.0,0.0,0.0,1.0,0.0,0.08953988664672166
639111,ROUP-USD,2024-07-12,0.00035285911872051656,3.411275923066034e-191,1.3926078938449977e-263,0.0,0.0,3.12392483529329e-271,0.0,0.0,4.400820170161933e-281,0.0,0.0,1.0,0.0,0.08953988664672166
32661,ALICE-USD,2024-07-12,0.9365301728248596,0.0,0.0,0.0,0.0,0.0,0.0,0.0,0.0,0.0,0.0,1.0,0.0,0.08953988664672166
29594,ALEX-USD,2024-07-12,0.1259642392396927,0.0,0.0,0.0,0.0,0.0,0.0,0.0,0.0,0.0,0.0,1.0,0.0,0.08953988664672166
28952,ALEPH-USD,2024-07-12,0.18279461562633514,0.0,0.0,0.0,0.0,0.0,0.0,0.0,0.0,0.0,0.0,1.0,0.0,0.08953988664672166
27485,AKT-USD,2024-07-12,3.3937480449676514,0.0,0.0,0.0,0.0,0.0,0.0,0.0,0.0,0.0,0.0,1.0,0.0,0.08953988664672166
26122,AKRO-USD,2024-07-12,0.005218587815761566,0.0,0.0,0.0,0.0,0.0,0.0,0.0,0.0,0.0,0.0,1.0,0.0,0.08953988664672166
24300,AITECH-USD,2024-07-12,0.10687266290187836,0.0,0.0,0.0,0.0,0.0,0.0,0.0,0.0,0.0,0.0,1.0,0.0,0.08953988664672166
23986,AIPAD-USD,2024-07-12,0.05405542626976967,0.0,0.0,0.0,0.0,0.0,0.0,0.0,0.0,0.0,0.0,1.0,0.0,0.08953988664672166
23485,AIOZ-USD,2024-07-12,0.438101202249527,0.0,0.0,0.0,0.0,0.0,0.0,0.0,0.0,0.0,0.0,1.0,0.0,0.08953988664672166
22286,AIEPK-USD,2024-07-12,0.005060322117060423,1.401419458763389e-153,1.6034039551167931e-211,0.0,1.0685032483706634e-265,1.116874398606294e-217,0.0,0.0,1.815088284057777e-225,0.0,0.0,1.0,0.0,0.08953988664672166
20926,AGLD-USD,2024-07-12,0.8298618197441101,0.0,0.0,0.0,0.0,0.0,0.0,0.0,0.0,0.0,0.0,1.0,0.0,0.08953988664672166
18764,AERGO-USD,2024-07-12,0.09352705627679825,0.0,0.0,0.0,0.0,0.0,0.0,0.0,0.0,0.0,0.0,1.0,0.0,0.08953988664672166
16583,ADX-USD,2024-07-12,0.1703331619501114,0.0,0.0,0.0,0.0,0.0,0.0,0.0,0.0,0.0,0.0,1.0,0.0,0.08953988664672166
11811,ADA-USD,2024-07-12,0.44101354479789734,0.0,0.0,0.0,0.0,0.0,0.0,0.0,0.0,0.0,0.0,1.0,0.0,0.08953988664672166
8105,ACQ-USD,2024-07-12,0.008053905330598354,0.0,0.0,0.0,0.0,0.0,0.0,0.0,0.0,0.0,0.0,1.0,0.0,0.08953988664672166
7450,ACH-USD,2024-07-12,0.023335745558142662,0.0,0.0,0.0,0.0,0.0,0.0,0.0,0.0,0.0,0.0,1.0,0.0,0.08953988664672166
5399,ABBC-USD,2024-07-12,0.008688178844749928,0.0,0.0,0.0,0.0,0.0,0.0,0.0,0.0,0.0,0.0,1.0,0.0,0.08953988664672166
3297,AAVE-USD,2024-07-12,99.63048553466797,0.0,0.0,0.0,0.0,0.0,0.0,0.0,0.0,0.0,0.0,1.0,0.0,0.08953988664672166
1916,AA-USD,2024-07-12,0.5055512189865112,0.0,0.0,0.0,0.0,0.0,0.0,0.0,0.0,0.0,0.0,1.0,0.0,0.08953988664672166
31444,ALGO-USD,2024-07-12,0.14319373667240143,0.0,0.0,0.0,0.0,0.0,0.0,0.0,0.0,0.0,0.0,1.0,0.0,0.08953988664672166
34034,ALPHA-USD,2024-07-12,0.069237120449543,0.0,0.0,0.0,0.0,0.0,0.0,0.0,0.0,0.0,0.0,1.0,0.0,0.08953988664672166
69502,AURY-USD,2024-07-12,0.33073529601097107,3.941675756098464e-225,0.0,0.0,0.0,0.0,0.0,0.0,0.0,0.0,0.0,1.0,0.0,0.08953988664672166
34908,ALPINE-USD,2024-07-12,1.2966227531433105,0.0,0.0,0.0,0.0,0.0,0.0,0.0,0.0,0.0,0.0,1.0,0.0,0.08953988664672166
67794,AUDIO-USD,2024-07-12,0.1298224925994873,0.0,0.0,0.0,0.0,0.0,0.0,0.0,0.0,0.0,0.0,1.0,0.0,0.08953988664672166
66434,AUCTION-USD,2024-07-12,14.091523170471191,0.0,0.0,0.0,0.0,0.0,0.0,0.0,0.0,0.0,0.0,1.0,0.0,0.08953988664672166
65200,ATOM-USD,2024-07-12,6.226269245147705,0.0,0.0,0.0,0.0,0.0,0.0,0.0,0.0,0.0,0.0,1.0,0.0,0.08953988664672166
61680,ATA-USD,2024-07-12,0.09419602155685425,0.0,0.0,0.0,0.0,0.0,0.0,0.0,0.0,0.0,0.0,1.0,0.0,0.08953988664672166
60547,ASTR-USD,2024-07-12,0.07468163222074509,0.0,0.0,0.0,0.0,0.0,0.0,0.0,0.0,0.0,0.0,1.0,0.0,0.08953988664672166
59639,ARX-USD,2024-07-12,0.0009537024307064712,8.713629780818321e-296,0.0,0.0,0.0,0.0,0.0,0.0,0.0,0.0,0.0,1.0,0.0,0.08953988664672166
57585,ARPA-USD,2024-07-12,0.040183138102293015,0.0,0.0,0.0,0.0,0.0,0.0,0.0,0.0,0.0,0.0,1.0,0.0,0.08953988664672166
55759,ARKM-USD,2024-07-12,1.3708264827728271,0.0,0.0,0.0,0.0,0.0,0.0,0.0,0.0,0.0,0.0,1.0,0.0,0.08953988664672166
55400,ARKER-USD,2024-07-12,0.0005060700350441039,0.0,0.0,0.0,0.0,0.0,0.0,0.0,0.0,0.0,0.0,1.0,0.0,0.08953988664672166
51854,AR-USD,2024-07-12,24.299577713012695,0.0,0.0,0.0,0.0,0.0,0.0,0.0,0.0,0.0,0.0,1.0,0.0,0.08953988664672166
48992,API3-USD,2024-07-12,1.858420968055725,0.0,0.0,0.0,0.0,0.0,0.0,0.0,0.0,0.0,0.0,1.0,0.0,0.08953988664672166
47672,APE-USD,2024-07-12,0.7240980863571167,0.0,0.0,0.0,0.0,0.0,0.0,0.0,0.0,0.0,0.0,1.0,0.0,0.08953988664672166
44181,ANKR-USD,2024-07-12,0.027669718489050865,0.0,0.0,0.0,0.0,0.0,0.0,0.0,0.0,0.0,0.0,1.0,0.0,0.08953988664672166
42224,ANALOS-USD,2024-07-12,4.3733412894653156e-05,0.0,0.0,0.0,0.0,0.0,0.0,0.0,0.0,0.0,0.0,1.0,0.0,0.08953988664672166
41849,AMPL-USD,2024-07-12,1.1822192668914795,0.0,0.0,0.0,0.0,0.0,0.0,0.0,0.0,0.0,0.0,1.0,0.0,0.08953988664672166
40006,AMP-USD,2024-07-12,0.004288237076252699,0.0,0.0,0.0,0.0,0.0,0.0,0.0,0.0,0.0,0.0,1.0,0.0,0.08953988664672166
38604,AMB-USD,2024-07-12,0.006045306567102671,0.0,0.0,0.0,0.0,0.0,0.0,0.0,0.0,0.0,0.0,1.0,0.0,0.08953988664672166
147836,CFG-USD,2024-07-12,0.4910876750946045,0.0,0.0,0.0,0.0,0.0,0.0,0.0,0.0,0.0,0.0,1.0,0.0,0.08953988664672166
149177,CFX-USD,2024-07-12,0.14526638388633728,0.0,0.0,0.0,0.0,0.0,0.0,0.0,0.0,0.0,0.0,1.0,0.0,0.08953988664672166
149638,CGPT-USD,2024-07-12,0.1297944337129593,0.0,0.0,0.0,0.0,0.0,0.0,0.0,0.0,0.0,0.0,1.0,0.0,0.08953988664672166
608149,PYUSD-USD,2024-07-12,0.9991884827613831,0.0,0.0,0.0,0.0,0.0,0.0,0.0,0.0,0.0,0.0,1.0,0.0,0.08953988664672166
607586,PYR-USD,2024-07-12,3.0917420387268066,0.0,0.0,0.0,0.0,0.0,0.0,0.0,0.0,0.0,0.0,1.0,0.0,0.08953988664672166
606404,PUSH-USD,2024-07-12,0.12769891321659088,0.0,0.0,0.0,0.0,0.0,0.0,0.0,0.0,0.0,0.0,1.0,0.0,0.08953988664672166
605216,PUNDIX-USD,2024-07-12,0.37060925364494324,0.0,0.0,0.0,0.0,0.0,0.0,0.0,0.0,0.0,0.0,1.0,0.0,0.08953988664672166
604019,PUMLX-USD,2024-07-12,0.005309268832206726,0.0,0.0,0.0,0.0,0.0,0.0,0.0,0.0,0.0,0.0,1.0,0.0,0.08953988664672166
603373,PSTAKE-USD,2024-07-12,0.1034773513674736,0.0,0.0,0.0,0.0,0.0,0.0,0.0,0.0,0.0,0.0,1.0,0.0,0.08953988664672166
602502,PSL-USD,2024-07-12,0.0001712082594167441,0.0,0.0,0.0,0.0,0.0,0.0,0.0,0.0,0.0,0.0,1.0,0.0,0.08953988664672166
601279,PRQ-USD,2024-07-12,0.06962038576602936,0.0,0.0,0.0,0.0,0.0,0.0,0.0,0.0,0.0,0.0,1.0,0.0,0.08953988664672166
599855,PROM-USD,2024-07-12,6.4831671714782715,0.0,0.0,0.0,0.0,0.0,0.0,0.0,0.0,0.0,0.0,1.0,0.0,0.08953988664672166
598031,PRE-USD,2024-07-12,0.014114586636424065,0.0,0.0,0.0,0.0,0.0,0.0,0.0,0.0,0.0,0.0,1.0,0.0,0.08953988664672166
594712,POND-USD,2024-07-12,0.01760217919945717,0.0,0.0,0.0,0.0,0.0,0.0,0.0,0.0,0.0,0.0,1.0,0.0,0.08953988664672166
593411,POLYX-USD,2024-07-12,0.24940252304077148,0.0,0.0,0.0,0.0,0.0,0.0,0.0,0.0,0.0,0.0,1.0,0.0,0.08953988664672166
592635,POLX-USD,2024-07-12,1.6241654520854354e-05,2.3944366102587273e-292,0.0,0.0,0.0,0.0,0.0,0.0,0.0,0.0,0.0,1.0,0.0,0.08953988664672166
591474,POLS-USD,2024-07-12,0.38406702876091003,0.0,0.0,0.0,0.0,0.0,0.0,0.0,0.0,0.0,0.0,1.0,0.0,0.08953988664672166
590090,POLK-USD,2024-07-12,0.018264051526784897,1.1894663047755653e-257,0.0,0.0,0.0,0.0,0.0,0.0,0.0,0.0,0.0,1.0,0.0,0.08953988664672166
588854,POLC-USD,2024-07-12,0.009292862378060818,0.0,0.0,0.0,0.0,0.0,0.0,0.0,0.0,0.0,0.0,1.0,0.0,0.08953988664672166
586436,POKT-USD,2024-07-12,0.04735095053911209,0.0,0.0,0.0,0.0,0.0,0.0,0.0,0.0,0.0,0.0,1.0,0.0,0.08953988664672166
585523,PMON-USD,2024-07-12,0.2134544402360916,8.158329058753774e-93,2.5706214610228532e-130,0.0,1.5799185704587335e-159,3.34507980649025e-133,0.0,2.5488468533094158e-300,4.420772928911589e-137,0.0,0.0,1.0,0.0,0.08953988664672166
607823,PYTH-USD,2024-07-12,0.30459409952163696,0.0,0.0,0.0,0.0,0.0,0.0,0.0,0.0,0.0,0.0,1.0,0.0,0.08953988664672166
608601,PZP-USD,2024-07-12,0.13244472444057465,0.0,0.0,0.0,0.0,0.0,0.0,0.0,0.0,0.0,0.0,1.0,0.0,0.08953988664672166
150579,CHMB-USD,2024-07-12,0.00018938948051072657,0.0,0.0,0.0,0.0,0.0,0.0,0.0,0.0,0.0,0.0,1.0,0.0,0.08953988664672166
609843,QI-USD,2024-07-12,0.005210183560848236,3.2048291978732394e-96,7.884171650791864e-134,0.0,6.530892296200058e-165,5.759317948172054e-137,0.0,0.0,4.2856286064555655e-141,0.0,0.0,1.0,0.0,0.08953988664672166
638904,ROSE-USD,2024-07-12,0.08081483095884323,0.0,0.0,0.0,0.0,0.0,0.0,0.0,0.0,0.0,0.0,1.0,0.0,0.08953988664672166
636962,RNDR-USD,2024-07-12,6.055865287780762,0.0,0.0,0.0,0.0,0.0,0.0,0.0,0.0,0.0,0.0,1.0,0.0,0.08953988664672166
635468,RMRK-USD,2024-07-12,0.8468541502952576,1.4388203323276602e-41,2.510082058777047e-59,0.0,9.926692711866306e-73,5.33948649745884e-60,0.0,2.736642459936015e-140,3.42590947623787e-61,0.0,0.0,1.0,0.0,0.08953988664672166
634448,RLC-USD,2024-07-12,1.787090539932251,0.0,0.0,0.0,0.0,0.0,0.0,0.0,0.0,0.0,0.0,1.0,0.0,0.08953988664672166
632062,RIO-USD,2024-07-12,1.1665153503417969,0.0,0.0,0.0,0.0,0.0,0.0,0.0,0.0,0.0,0.0,1.0,0.0,0.08953988664672166
1502,1INCH-USD,2024-07-12,0.41611552238464355,0.0,0.0,0.0,0.0,0.0,0.0,0.0,0.0,0.0,0.0,1.0,0.0,0.08953988664672166
630090,REVV-USD,2024-07-12,0.006891265977174044,0.0,0.0,0.0,0.0,0.0,0.0,0.0,0.0,0.0,0.0,1.0,0.0,0.08953988664672166
628687,REVU-USD,2024-07-12,0.012747523374855518,3.25138475054806e-150,4.216955485919657e-208,0.0,6.643135318088304e-263,1.410908241326011e-213,0.0,0.0,9.989955421189045e-221,0.0,0.0,1.0,0.0,0.08953988664672166
627768,REV3L-USD,2024-07-12,0.013147680088877678,1.9312793884016554e-231,0.0,0.0,0.0,0.0,0.0,0.0,0.0,0.0,0.0,1.0,0.0,0.08953988664672166
627023,REQ-USD,2024-07-12,0.1034226343035698,0.0,0.0,0.0,0.0,0.0,0.0,0.0,0.0,0.0,0.0,1.0,0.0,0.08953988664672166
624637,REN-USD,2024-07-12,0.04327155649662018,0.0,0.0,0.0,0.0,0.0,0.0,0.0,0.0,0.0,0.0,1.0,0.0,0.08953988664672166
622302,REEF-USD,2024-07-12,0.0012877450790256262,0.0,0.0,0.0,0.0,0.0,0.0,0.0,0.0,0.0,0.0,1.0,0.0,0.08953988664672166
621009,RDNT-USD,2024-07-12,0.09575574845075607,0.0,0.0,0.0,0.0,0.0,0.0,0.0,0.0,0.0,0.0,1.0,0.0,0.08953988664672166
619612,RAY-USD,2024-07-12,1.8431296348571777,0.0,0.0,0.0,0.0,0.0,0.0,0.0,0.0,0.0,0.0,1.0,0.0,0.08953988664672166
616671,RACA-USD,2024-07-12,0.0001562671532155946,0.0,0.0,0.0,0.0,0.0,0.0,0.0,0.0,0.0,0.0,1.0,0.0,0.08953988664672166
614240,QNT-USD,2024-07-12,71.3931655883789,0.0,0.0,0.0,0.0,0.0,0.0,0.0,0.0,0.0,0.0,1.0,0.0,0.08953988664672166
612075,QKC-USD,2024-07-12,0.0072868154384195805,0.0,0.0,0.0,0.0,0.0,0.0,0.0,0.0,0.0,0.0,1.0,0.0,0.08953988664672166
583604,PLU-USD,2024-07-12,3.0591068267822266,0.0,0.0,0.0,0.0,0.0,0.0,0.0,0.0,0.0,0.0,1.0,0.0,0.08953988664672166
580265,PIX-USD,2024-07-12,0.00014373092562891543,1.5471649006524413e-241,0.0,0.0,0.0,0.0,0.0,0.0,0.0,0.0,0.0,1.0,0.0,0.08953988664672166
579605,PIT-USD,2024-07-12,4.106999185182758e-10,0.0,0.0,0.0,0.0,0.0,0.0,0.0,0.0,0.0,0.0,1.0,0.0,0.08953988664672166
577833,PHA-USD,2024-07-12,0.1263003796339035,0.0,0.0,0.0,0.0,0.0,0.0,0.0,0.0,0.0,0.0,1.0,0.0,0.08953988664672166
174542,CSPR-USD,2024-07-12,0.022020474076271057,0.0,0.0,0.0,0.0,0.0,0.0,0.0,0.0,0.0,0.0,1.0,0.0,0.08953988664672166
173383,CSIX-USD,2024-07-12,0.02381112426519394,0.0,0.0,0.0,0.0,0.0,0.0,0.0,0.0,0.0,0.0,1.0,0.0,0.08953988664672166
172871,CRV-USD,2024-07-12,0.2851637005805969,0.0,0.0,0.0,0.0,0.0,0.0,0.0,0.0,0.0,0.0,1.0,0.0,0.08953988664672166
171441,CRPT-USD,2024-07-12,0.03992259502410889,9.461220949520544e-285,0.0,0.0,0.0,0.0,0.0,0.0,0.0,0.0,0.0,1.0,0.0,0.08953988664672166
169076,CRO-USD,2024-07-12,0.09079223871231079,0.0,0.0,0.0,0.0,0.0,0.0,0.0,0.0,0.0,0.0,1.0,0.0,0.08953988664672166
167037,CREDI-USD,2024-07-12,0.020753338932991028,0.0,0.0,0.0,0.0,0.0,0.0,0.0,0.0,0.0,0.0,1.0,0.0,0.08953988664672166
166089,CREAM-USD,2024-07-12,43.25275802612305,0.0,0.0,0.0,0.0,0.0,0.0,0.0,0.0,0.0,0.0,1.0,0.0,0.08953988664672166
164649,CPOOL-USD,2024-07-12,0.12260132282972336,0.0,0.0,0.0,0.0,0.0,0.0,0.0,0.0,0.0,0.0,1.0,0.0,0.08953988664672166
163659,COTI-USD,2024-07-12,0.08312724530696869,0.0,0.0,0.0,0.0,0.0,0.0,0.0,0.0,0.0,0.0,1.0,0.0,0.08953988664672166
161792,COQ-USD,2024-07-12,1.430123916179582e-06,0.0,0.0,0.0,0.0,0.0,0.0,0.0,0.0,0.0,0.0,1.0,0.0,0.08953988664672166
160324,COMBO-USD,2024-07-12,0.5084475874900818,0.0,0.0,0.0,0.0,0.0,0.0,0.0,0.0,0.0,0.0,1.0,0.0,0.08953988664672166
159048,CLV-USD,2024-07-12,0.047348588705062866,0.0,0.0,0.0,0.0,0.0,0.0,0.0,0.0,0.0,0.0,1.0,0.0,0.08953988664672166
157954,CLH-USD,2024-07-12,0.0005810392322018743,1.529621437555037e-145,9.571638418600108e-199,0.0,4.1418734380728677e-252,4.629218824101844e-205,0.0,0.0,9.975228515160781e-213,0.0,0.0,1.0,0.0,0.08953988664672166
157038,CKB-USD,2024-07-12,0.010716631077229977,0.0,0.0,0.0,0.0,0.0,0.0,0.0,0.0,0.0,0.0,1.0,0.0,0.08953988664672166
155339,CIRUS-USD,2024-07-12,0.005817609839141369,0.0,0.0,0.0,0.0,0.0,0.0,0.0,0.0,0.0,0.0,1.0,0.0,0.08953988664672166
154293,CHZ-USD,2024-07-12,0.06814846396446228,0.0,0.0,0.0,0.0,0.0,0.0,0.0,0.0,0.0,0.0,1.0,0.0,0.08953988664672166
152453,CHR-USD,2024-07-12,0.24669528007507324,0.0,0.0,0.0,0.0,0.0,0.0,0.0,0.0,0.0,0.0,1.0,0.0,0.08953988664672166
552086,OP-USD,2024-07-12,1.67107355594635,0.0,0.0,0.0,0.0,0.0,0.0,0.0,0.0,0.0,0.0,1.0,0.0,0.08953988664672166
554331,OPEN-USD,2024-07-12,0.01304283645004034,1.2381120984514865e-24,8.377924967457059e-37,0.0,1.8274755967248765e-42,2.886356060190928e-36,0.0,2.9766406223570684e-83,3.594202050175572e-36,0.0,1.5670319968805053e-299,1.0,0.0,0.08953988664672166
555356,OPUL-USD,2024-07-12,0.09077273309230804,0.0,0.0,0.0,0.0,0.0,0.0,0.0,0.0,0.0,0.0,1.0,0.0,0.08953988664672166
567418,OXT-USD,2024-07-12,0.06885801255702972,0.0,0.0,0.0,0.0,0.0,0.0,0.0,0.0,0.0,0.0,1.0,0.0,0.08953988664672166
576433,PERP-USD,2024-07-12,0.6117817759513855,0.0,0.0,0.0,0.0,0.0,0.0,0.0,0.0,0.0,0.0,1.0,0.0,0.08953988664672166
574914,PEOPLE-USD,2024-07-12,0.05693960189819336,0.0,0.0,0.0,0.0,0.0,0.0,0.0,0.0,0.0,0.0,1.0,0.0,0.08953988664672166
573946,PENDLE-USD,2024-07-12,3.7683746814727783,0.0,0.0,0.0,0.0,0.0,0.0,0.0,0.0,0.0,0.0,1.0,0.0,0.08953988664672166
572774,PEL-USD,2024-07-12,0.0044982293620705605,3.4671431538009027e-75,2.3896709679170654e-105,0.0,4.79826331421087e-128,1.6427998500725804e-107,0.0,4.6312229012610434e-240,1.9412012376043682e-110,0.0,0.0,1.0,0.0,0.08953988664672166
571835,PBX-USD,2024-07-12,0.0008596827392466366,0.0,0.0,0.0,0.0,0.0,0.0,0.0,0.0,0.0,0.0,1.0,0.0,0.08953988664672166
570721,PBR-USD,2024-07-12,0.03971122205257416,1.0885906895732794e-180,3.7396710276610603e-247,0.0,0.0,8.880701198866385e-255,0.0,0.0,2.7197216642489574e-264,0.0,0.0,1.0,0.0,0.08953988664672166
569455,PAXG-USD,2024-07-12,2386.81298828125,0.0,0.0,0.0,0.0,0.0,0.0,0.0,0.0,0.0,0.0,1.0,0.0,0.08953988664672166
565747,OVR-USD,2024-07-12,0.22274473309516907,0.0,0.0,0.0,0.0,0.0,0.0,0.0,0.0,0.0,0.0,1.0,0.0,0.08953988664672166
556711,ORAI-USD,2024-07-12,6.9233269691467285,0.0,0.0,0.0,0.0,0.0,0.0,0.0,0.0,0.0,0.0,1.0,0.0,0.08953988664672166
564455,OUSD-USD,2024-07-12,0.9975994229316711,0.0,0.0,0.0,0.0,0.0,0.0,0.0,0.0,0.0,0.0,1.0,0.0,0.08953988664672166
563069,OTK-USD,2024-07-12,0.02735944837331772,7.991765695347568e-100,2.402379707169205e-136,0.0,1.187333272417165e-172,3.0251347921396193e-140,0.0,0.0,4.4551388852972535e-145,0.0,0.0,1.0,0.0,0.08953988664672166
562611,OSMO-USD,2024-07-12,0.48345813155174255,0.0,0.0,0.0,0.0,0.0,0.0,0.0,0.0,0.0,0.0,1.0,0.0,0.08953988664672166
561598,ORN-USD,2024-07-12,1.533827304840088,0.0,0.0,0.0,0.0,0.0,0.0,0.0,0.0,0.0,0.0,1.0,0.0,0.08953988664672166
560139,ORDI-USD,2024-07-12,32.58695983886719,0.0,0.0,0.0,0.0,0.0,0.0,0.0,0.0,0.0,0.0,1.0,0.0,0.08953988664672166
559709,ORCA-USD,2024-07-12,1.4384877681732178,0.0,0.0,0.0,0.0,0.0,0.0,0.0,0.0,0.0,0.0,1.0,0.0,0.08953988664672166
558640,ORBS-USD,2024-07-12,0.021870367228984833,0.0,0.0,0.0,0.0,0.0,0.0,0.0,0.0,0.0,0.0,1.0,0.0,0.08953988664672166
889436,ZPAY-USD,2024-07-12,0.016986601054668427,0.0,0.0,0.0,0.0,0.0,0.0,0.0,0.0,0.0,0.0,1.0,0.0,0.08953988664672166
